solid OpenSCAD_Model
  facet normal -1 0 0
    outer loop
      vertex -55.5 50.2 0
      vertex -55.5 45.2 0
      vertex -55.5 50.2 5
    endloop
  endfacet
  facet normal -1 0 0
    outer loop
      vertex -55.5 50.2 -1.41166
      vertex -55.5 45.2 0
      vertex -55.5 50.2 0
    endloop
  endfacet
  facet normal -1 0 0
    outer loop
      vertex -55.5 50.2 -1.41166
      vertex -55.5 -45.2 0
      vertex -55.5 45.2 0
    endloop
  endfacet
  facet normal -1 0 0
    outer loop
      vertex -55.5 -50.2 -1.41166
      vertex -55.5 -45.2 0
      vertex -55.5 50.2 -1.41166
    endloop
  endfacet
  facet normal -1 -0 0
    outer loop
      vertex -55.5 -45.2 0
      vertex -55.5 -50.2 -1.41166
      vertex -55.5 -50.2 0
    endloop
  endfacet
  facet normal -1 0 0
    outer loop
      vertex -55.5 -45.2 0
      vertex -55.5 -50.2 0
      vertex -55.5 -50.2 5
    endloop
  endfacet
  facet normal -1 0 0
    outer loop
      vertex -55.5 -50.2 -6
      vertex -55.5 50.2 -4.58833
      vertex -55.5 50.2 -6
    endloop
  endfacet
  facet normal -1 -0 0
    outer loop
      vertex -55.5 50.2 -4.58833
      vertex -55.5 -50.2 -6
      vertex -55.5 -50.2 -4.58833
    endloop
  endfacet
  facet normal 0 -0.707107 0.707107
    outer loop
      vertex -55.5 45.2 0
      vertex 55.5 50.2 5
      vertex -55.5 50.2 5
    endloop
  endfacet
  facet normal 0 -0.707107 0.707107
    outer loop
      vertex 55.5 50.2 5
      vertex -55.5 45.2 0
      vertex 55.5 45.2 0
    endloop
  endfacet
  facet normal 0 0 1
    outer loop
      vertex 55.5 45.2 0
      vertex 51.5 0 0
      vertex 55.5 -45.2 0
    endloop
  endfacet
  facet normal 0 0 1
    outer loop
      vertex 55.5 45.2 0
      vertex 51.4854 0.398736 0
      vertex 51.5 0 0
    endloop
  endfacet
  facet normal 0 0 1
    outer loop
      vertex 55.5 45.2 0
      vertex 51.4418 0.795346 0
      vertex 51.4854 0.398736 0
    endloop
  endfacet
  facet normal 0 0 1
    outer loop
      vertex 55.5 45.2 0
      vertex 51.3693 1.18771 0
      vertex 51.4418 0.795346 0
    endloop
  endfacet
  facet normal 0 0 1
    outer loop
      vertex 55.5 45.2 0
      vertex 51.2684 1.57374 0
      vertex 51.3693 1.18771 0
    endloop
  endfacet
  facet normal 0 0 1
    outer loop
      vertex 55.5 45.2 0
      vertex 51.1396 1.95137 0
      vertex 51.2684 1.57374 0
    endloop
  endfacet
  facet normal 0 0 1
    outer loop
      vertex 55.5 45.2 0
      vertex 50.9835 2.31859 0
      vertex 51.1396 1.95137 0
    endloop
  endfacet
  facet normal 0 0 1
    outer loop
      vertex 55.5 45.2 0
      vertex 50.8011 2.67344 0
      vertex 50.9835 2.31859 0
    endloop
  endfacet
  facet normal 0 0 1
    outer loop
      vertex 55.5 45.2 0
      vertex 50.5932 3.01403 0
      vertex 50.8011 2.67344 0
    endloop
  endfacet
  facet normal 0 0 1
    outer loop
      vertex 55.5 45.2 0
      vertex 50.361 3.33854 0
      vertex 50.5932 3.01403 0
    endloop
  endfacet
  facet normal 0 0 1
    outer loop
      vertex 55.5 45.2 0
      vertex 50.1058 3.64523 0
      vertex 50.361 3.33854 0
    endloop
  endfacet
  facet normal 0 0 1
    outer loop
      vertex 55.5 45.2 0
      vertex 49.8289 3.93247 0
      vertex 50.1058 3.64523 0
    endloop
  endfacet
  facet normal 0 0 1
    outer loop
      vertex 55.5 45.2 0
      vertex 49.5317 4.19873 0
      vertex 49.8289 3.93247 0
    endloop
  endfacet
  facet normal 0 0 1
    outer loop
      vertex 55.5 45.2 0
      vertex 49.2159 4.44259 0
      vertex 49.5317 4.19873 0
    endloop
  endfacet
  facet normal 0 0 1
    outer loop
      vertex 55.5 45.2 0
      vertex 48.8831 4.66275 0
      vertex 49.2159 4.44259 0
    endloop
  endfacet
  facet normal 0 0 1
    outer loop
      vertex 55.5 45.2 0
      vertex 48.5352 4.85803 0
      vertex 48.8831 4.66275 0
    endloop
  endfacet
  facet normal 0 0 1
    outer loop
      vertex 55.5 45.2 0
      vertex 48.1739 5.02739 0
      vertex 48.5352 4.85803 0
    endloop
  endfacet
  facet normal 0 0 1
    outer loop
      vertex 55.5 45.2 0
      vertex 47.8012 5.16993 0
      vertex 48.1739 5.02739 0
    endloop
  endfacet
  facet normal 0 0 1
    outer loop
      vertex 55.5 45.2 0
      vertex 47.4191 5.28488 0
      vertex 47.8012 5.16993 0
    endloop
  endfacet
  facet normal 0 0 1
    outer loop
      vertex 55.5 45.2 0
      vertex 47.0297 5.37163 0
      vertex 47.4191 5.28488 0
    endloop
  endfacet
  facet normal 0 0 1
    outer loop
      vertex 55.5 45.2 0
      vertex 46.6349 5.42973 0
      vertex 47.0297 5.37163 0
    endloop
  endfacet
  facet normal 0 0 1
    outer loop
      vertex 55.5 45.2 0
      vertex 46.237 5.45886 0
      vertex 46.6349 5.42973 0
    endloop
  endfacet
  facet normal 0 0 1
    outer loop
      vertex 55.5 45.2 0
      vertex 45.838 5.45886 0
      vertex 46.237 5.45886 0
    endloop
  endfacet
  facet normal 0 0 1
    outer loop
      vertex 55.5 45.2 0
      vertex 45.4401 5.42973 0
      vertex 45.838 5.45886 0
    endloop
  endfacet
  facet normal 0 0 1
    outer loop
      vertex 55.5 45.2 0
      vertex 45.0453 5.37163 0
      vertex 45.4401 5.42973 0
    endloop
  endfacet
  facet normal 0 0 1
    outer loop
      vertex 55.5 45.2 0
      vertex 44.6559 5.28488 0
      vertex 45.0453 5.37163 0
    endloop
  endfacet
  facet normal 0 0 1
    outer loop
      vertex 55.5 45.2 0
      vertex 44.2738 5.16993 0
      vertex 44.6559 5.28488 0
    endloop
  endfacet
  facet normal 0 0 1
    outer loop
      vertex 55.5 45.2 0
      vertex 43.9011 5.02739 0
      vertex 44.2738 5.16993 0
    endloop
  endfacet
  facet normal 0 0 1
    outer loop
      vertex 55.5 45.2 0
      vertex 43.5398 4.85803 0
      vertex 43.9011 5.02739 0
    endloop
  endfacet
  facet normal 0 0 1
    outer loop
      vertex 55.5 45.2 0
      vertex 43.1919 4.66275 0
      vertex 43.5398 4.85803 0
    endloop
  endfacet
  facet normal 0 0 1
    outer loop
      vertex 55.5 45.2 0
      vertex 42.8591 4.44259 0
      vertex 43.1919 4.66275 0
    endloop
  endfacet
  facet normal 0 0 1
    outer loop
      vertex 55.5 45.2 0
      vertex 42.5433 4.19873 0
      vertex 42.8591 4.44259 0
    endloop
  endfacet
  facet normal 0 0 1
    outer loop
      vertex 55.5 45.2 0
      vertex 42.2461 3.93247 0
      vertex 42.5433 4.19873 0
    endloop
  endfacet
  facet normal 0 0 1
    outer loop
      vertex 55.5 45.2 0
      vertex 41.9692 3.64523 0
      vertex 42.2461 3.93247 0
    endloop
  endfacet
  facet normal 0 0 1
    outer loop
      vertex -41.9692 3.64523 0
      vertex 41.9692 3.64523 0
      vertex 55.5 45.2 0
    endloop
  endfacet
  facet normal 0 0 1
    outer loop
      vertex 41.9692 3.64523 0
      vertex -41.9692 3.64523 0
      vertex 41.714 3.33854 0
    endloop
  endfacet
  facet normal 0 -0 1
    outer loop
      vertex -41.714 3.33854 0
      vertex 41.714 3.33854 0
      vertex -41.9692 3.64523 0
    endloop
  endfacet
  facet normal 0 0 1
    outer loop
      vertex 41.714 3.33854 0
      vertex -41.714 3.33854 0
      vertex 41.4818 3.01403 0
    endloop
  endfacet
  facet normal 0 -0 1
    outer loop
      vertex -41.4818 3.01403 0
      vertex 41.4818 3.01403 0
      vertex -41.714 3.33854 0
    endloop
  endfacet
  facet normal 0 0 1
    outer loop
      vertex 41.4818 3.01403 0
      vertex -41.4818 3.01403 0
      vertex 41.2739 2.67344 0
    endloop
  endfacet
  facet normal 0 0 1
    outer loop
      vertex 40.5896 0.398736 0
      vertex -40.575 0 0
      vertex 40.575 0 0
    endloop
  endfacet
  facet normal 0 0 1
    outer loop
      vertex -40.5896 0.398736 0
      vertex 40.5896 0.398736 0
      vertex 40.6332 0.795346 0
    endloop
  endfacet
  facet normal 0 0 1
    outer loop
      vertex -40.6332 0.795346 0
      vertex 40.6332 0.795346 0
      vertex 40.7057 1.18771 0
    endloop
  endfacet
  facet normal 0 0 1
    outer loop
      vertex -40.7057 1.18771 0
      vertex 40.7057 1.18771 0
      vertex 40.8066 1.57374 0
    endloop
  endfacet
  facet normal 0 -0 1
    outer loop
      vertex -41.2739 2.67344 0
      vertex 41.2739 2.67344 0
      vertex -41.4818 3.01403 0
    endloop
  endfacet
  facet normal 0 0 1
    outer loop
      vertex 40.5896 0.398736 0
      vertex -40.5896 0.398736 0
      vertex -40.575 0 0
    endloop
  endfacet
  facet normal 0 0 1
    outer loop
      vertex 40.6332 0.795346 0
      vertex -40.6332 0.795346 0
      vertex -40.5896 0.398736 0
    endloop
  endfacet
  facet normal 0 0 1
    outer loop
      vertex 40.7057 1.18771 0
      vertex -40.7057 1.18771 0
      vertex -40.6332 0.795346 0
    endloop
  endfacet
  facet normal 0 0 1
    outer loop
      vertex 40.8066 1.57374 0
      vertex -40.8066 1.57374 0
      vertex -40.7057 1.18771 0
    endloop
  endfacet
  facet normal 0 0 1
    outer loop
      vertex 40.8066 1.57374 0
      vertex -40.9354 1.95137 0
      vertex -40.8066 1.57374 0
    endloop
  endfacet
  facet normal 0 0 1
    outer loop
      vertex 40.9354 1.95137 0
      vertex -40.9354 1.95137 0
      vertex 40.8066 1.57374 0
    endloop
  endfacet
  facet normal 0 -0 1
    outer loop
      vertex -40.9354 1.95137 0
      vertex 40.9354 1.95137 0
      vertex -41.0915 2.31859 0
    endloop
  endfacet
  facet normal 0 0 1
    outer loop
      vertex 41.0915 2.31859 0
      vertex -41.0915 2.31859 0
      vertex 40.9354 1.95137 0
    endloop
  endfacet
  facet normal 0 -0 1
    outer loop
      vertex -41.0915 2.31859 0
      vertex 41.0915 2.31859 0
      vertex -41.2739 2.67344 0
    endloop
  endfacet
  facet normal 0 0 1
    outer loop
      vertex 41.2739 2.67344 0
      vertex -41.2739 2.67344 0
      vertex 41.0915 2.31859 0
    endloop
  endfacet
  facet normal -0 0 1
    outer loop
      vertex -55.5 45.2 0
      vertex -41.9692 3.64523 0
      vertex 55.5 45.2 0
    endloop
  endfacet
  facet normal 0 0 1
    outer loop
      vertex -41.9692 3.64523 0
      vertex -55.5 45.2 0
      vertex -42.2461 3.93247 0
    endloop
  endfacet
  facet normal 0 0 1
    outer loop
      vertex -42.2461 3.93247 0
      vertex -55.5 45.2 0
      vertex -42.5433 4.19873 0
    endloop
  endfacet
  facet normal 0 0 1
    outer loop
      vertex -42.5433 4.19873 0
      vertex -55.5 45.2 0
      vertex -42.8591 4.44259 0
    endloop
  endfacet
  facet normal 0 0 1
    outer loop
      vertex -42.8591 4.44259 0
      vertex -55.5 45.2 0
      vertex -43.1919 4.66275 0
    endloop
  endfacet
  facet normal 0 0 1
    outer loop
      vertex -43.1919 4.66275 0
      vertex -55.5 45.2 0
      vertex -43.5398 4.85803 0
    endloop
  endfacet
  facet normal 0 0 1
    outer loop
      vertex -43.5398 4.85803 0
      vertex -55.5 45.2 0
      vertex -43.9011 5.02739 0
    endloop
  endfacet
  facet normal 0 0 1
    outer loop
      vertex -43.9011 5.02739 0
      vertex -55.5 45.2 0
      vertex -44.2738 5.16993 0
    endloop
  endfacet
  facet normal 0 0 1
    outer loop
      vertex -44.2738 5.16993 0
      vertex -55.5 45.2 0
      vertex -44.6559 5.28488 0
    endloop
  endfacet
  facet normal 0 0 1
    outer loop
      vertex -44.6559 5.28488 0
      vertex -55.5 45.2 0
      vertex -45.0453 5.37163 0
    endloop
  endfacet
  facet normal 0 0 1
    outer loop
      vertex -45.0453 5.37163 0
      vertex -55.5 45.2 0
      vertex -45.4401 5.42973 0
    endloop
  endfacet
  facet normal 0 0 1
    outer loop
      vertex -45.4401 5.42973 0
      vertex -55.5 45.2 0
      vertex -45.838 5.45886 0
    endloop
  endfacet
  facet normal 0 0 1
    outer loop
      vertex -45.838 5.45886 0
      vertex -55.5 45.2 0
      vertex -46.237 5.45886 0
    endloop
  endfacet
  facet normal 0 0 1
    outer loop
      vertex -46.237 5.45886 0
      vertex -55.5 45.2 0
      vertex -46.6349 5.42973 0
    endloop
  endfacet
  facet normal 0 0 1
    outer loop
      vertex -46.6349 5.42973 0
      vertex -55.5 45.2 0
      vertex -47.0297 5.37163 0
    endloop
  endfacet
  facet normal 0 0 1
    outer loop
      vertex -47.0297 5.37163 0
      vertex -55.5 45.2 0
      vertex -47.4191 5.28488 0
    endloop
  endfacet
  facet normal 0 0 1
    outer loop
      vertex -47.4191 5.28488 0
      vertex -55.5 45.2 0
      vertex -47.8012 5.16993 0
    endloop
  endfacet
  facet normal 0 0 1
    outer loop
      vertex -51.4854 0.398736 0
      vertex -55.5 45.2 0
      vertex -51.5 0 0
    endloop
  endfacet
  facet normal 0 0 1
    outer loop
      vertex -51.4418 0.795346 0
      vertex -55.5 45.2 0
      vertex -51.4854 0.398736 0
    endloop
  endfacet
  facet normal 0 0 1
    outer loop
      vertex -51.3693 1.18771 0
      vertex -55.5 45.2 0
      vertex -51.4418 0.795346 0
    endloop
  endfacet
  facet normal 0 0 1
    outer loop
      vertex -51.2684 1.57374 0
      vertex -55.5 45.2 0
      vertex -51.3693 1.18771 0
    endloop
  endfacet
  facet normal 0 0 1
    outer loop
      vertex -51.1396 1.95137 0
      vertex -55.5 45.2 0
      vertex -51.2684 1.57374 0
    endloop
  endfacet
  facet normal 0 0 1
    outer loop
      vertex -50.9835 2.31859 0
      vertex -55.5 45.2 0
      vertex -51.1396 1.95137 0
    endloop
  endfacet
  facet normal 0 0 1
    outer loop
      vertex -50.8011 2.67344 0
      vertex -55.5 45.2 0
      vertex -50.9835 2.31859 0
    endloop
  endfacet
  facet normal 0 0 1
    outer loop
      vertex -50.5932 3.01403 0
      vertex -55.5 45.2 0
      vertex -50.8011 2.67344 0
    endloop
  endfacet
  facet normal 0 0 1
    outer loop
      vertex -50.361 3.33854 0
      vertex -55.5 45.2 0
      vertex -50.5932 3.01403 0
    endloop
  endfacet
  facet normal 0 0 1
    outer loop
      vertex -50.1058 3.64523 0
      vertex -55.5 45.2 0
      vertex -50.361 3.33854 0
    endloop
  endfacet
  facet normal 0 0 1
    outer loop
      vertex -49.8289 3.93247 0
      vertex -55.5 45.2 0
      vertex -50.1058 3.64523 0
    endloop
  endfacet
  facet normal 0 0 1
    outer loop
      vertex -49.5317 4.19873 0
      vertex -55.5 45.2 0
      vertex -49.8289 3.93247 0
    endloop
  endfacet
  facet normal 0 0 1
    outer loop
      vertex -49.2159 4.44259 0
      vertex -55.5 45.2 0
      vertex -49.5317 4.19873 0
    endloop
  endfacet
  facet normal 0 0 1
    outer loop
      vertex -48.8831 4.66275 0
      vertex -55.5 45.2 0
      vertex -49.2159 4.44259 0
    endloop
  endfacet
  facet normal 0 0 1
    outer loop
      vertex -48.5352 4.85803 0
      vertex -55.5 45.2 0
      vertex -48.8831 4.66275 0
    endloop
  endfacet
  facet normal 0 0 1
    outer loop
      vertex -48.1739 5.02739 0
      vertex -55.5 45.2 0
      vertex -48.5352 4.85803 0
    endloop
  endfacet
  facet normal 0 0 1
    outer loop
      vertex -47.8012 5.16993 0
      vertex -55.5 45.2 0
      vertex -48.1739 5.02739 0
    endloop
  endfacet
  facet normal -0 0 1
    outer loop
      vertex 51.4854 -0.398736 0
      vertex 55.5 -45.2 0
      vertex 51.5 0 0
    endloop
  endfacet
  facet normal -0 0 1
    outer loop
      vertex 51.4418 -0.795346 0
      vertex 55.5 -45.2 0
      vertex 51.4854 -0.398736 0
    endloop
  endfacet
  facet normal -0 0 1
    outer loop
      vertex 51.3693 -1.18771 0
      vertex 55.5 -45.2 0
      vertex 51.4418 -0.795346 0
    endloop
  endfacet
  facet normal -0 0 1
    outer loop
      vertex 51.2684 -1.57374 0
      vertex 55.5 -45.2 0
      vertex 51.3693 -1.18771 0
    endloop
  endfacet
  facet normal -0 0 1
    outer loop
      vertex 51.1396 -1.95137 0
      vertex 55.5 -45.2 0
      vertex 51.2684 -1.57374 0
    endloop
  endfacet
  facet normal -0 0 1
    outer loop
      vertex 50.9835 -2.31859 0
      vertex 55.5 -45.2 0
      vertex 51.1396 -1.95137 0
    endloop
  endfacet
  facet normal -0 0 1
    outer loop
      vertex 50.8011 -2.67344 0
      vertex 55.5 -45.2 0
      vertex 50.9835 -2.31859 0
    endloop
  endfacet
  facet normal -0 0 1
    outer loop
      vertex 50.5932 -3.01403 0
      vertex 55.5 -45.2 0
      vertex 50.8011 -2.67344 0
    endloop
  endfacet
  facet normal -0 0 1
    outer loop
      vertex 50.361 -3.33854 0
      vertex 55.5 -45.2 0
      vertex 50.5932 -3.01403 0
    endloop
  endfacet
  facet normal -0 0 1
    outer loop
      vertex 50.1058 -3.64523 0
      vertex 55.5 -45.2 0
      vertex 50.361 -3.33854 0
    endloop
  endfacet
  facet normal -0 0 1
    outer loop
      vertex 49.8289 -3.93247 0
      vertex 55.5 -45.2 0
      vertex 50.1058 -3.64523 0
    endloop
  endfacet
  facet normal -0 0 1
    outer loop
      vertex 49.5317 -4.19873 0
      vertex 55.5 -45.2 0
      vertex 49.8289 -3.93247 0
    endloop
  endfacet
  facet normal -0 0 1
    outer loop
      vertex 49.2159 -4.44259 0
      vertex 55.5 -45.2 0
      vertex 49.5317 -4.19873 0
    endloop
  endfacet
  facet normal -0 0 1
    outer loop
      vertex 48.8831 -4.66275 0
      vertex 55.5 -45.2 0
      vertex 49.2159 -4.44259 0
    endloop
  endfacet
  facet normal -0 0 1
    outer loop
      vertex 48.5352 -4.85803 0
      vertex 55.5 -45.2 0
      vertex 48.8831 -4.66275 0
    endloop
  endfacet
  facet normal -0 0 1
    outer loop
      vertex 48.1739 -5.02739 0
      vertex 55.5 -45.2 0
      vertex 48.5352 -4.85803 0
    endloop
  endfacet
  facet normal -0 0 1
    outer loop
      vertex 47.8012 -5.16993 0
      vertex 55.5 -45.2 0
      vertex 48.1739 -5.02739 0
    endloop
  endfacet
  facet normal -0 0 1
    outer loop
      vertex 47.4191 -5.28488 0
      vertex 55.5 -45.2 0
      vertex 47.8012 -5.16993 0
    endloop
  endfacet
  facet normal -0 0 1
    outer loop
      vertex 47.0297 -5.37163 0
      vertex 55.5 -45.2 0
      vertex 47.4191 -5.28488 0
    endloop
  endfacet
  facet normal -0 0 1
    outer loop
      vertex 46.6349 -5.42973 0
      vertex 55.5 -45.2 0
      vertex 47.0297 -5.37163 0
    endloop
  endfacet
  facet normal -0 0 1
    outer loop
      vertex 46.237 -5.45886 0
      vertex 55.5 -45.2 0
      vertex 46.6349 -5.42973 0
    endloop
  endfacet
  facet normal -0 0 1
    outer loop
      vertex 45.838 -5.45886 0
      vertex 55.5 -45.2 0
      vertex 46.237 -5.45886 0
    endloop
  endfacet
  facet normal 0 0 1
    outer loop
      vertex 45.4401 -5.42973 0
      vertex 55.5 -45.2 0
      vertex 45.838 -5.45886 0
    endloop
  endfacet
  facet normal 0 0 1
    outer loop
      vertex 45.0453 -5.37163 0
      vertex 55.5 -45.2 0
      vertex 45.4401 -5.42973 0
    endloop
  endfacet
  facet normal 0 0 1
    outer loop
      vertex 44.6559 -5.28488 0
      vertex 55.5 -45.2 0
      vertex 45.0453 -5.37163 0
    endloop
  endfacet
  facet normal 0 0 1
    outer loop
      vertex 44.2738 -5.16993 0
      vertex 55.5 -45.2 0
      vertex 44.6559 -5.28488 0
    endloop
  endfacet
  facet normal 0 0 1
    outer loop
      vertex 43.9011 -5.02739 0
      vertex 55.5 -45.2 0
      vertex 44.2738 -5.16993 0
    endloop
  endfacet
  facet normal 0 0 1
    outer loop
      vertex 43.5398 -4.85803 0
      vertex 55.5 -45.2 0
      vertex 43.9011 -5.02739 0
    endloop
  endfacet
  facet normal 0 0 1
    outer loop
      vertex 43.1919 -4.66275 0
      vertex 55.5 -45.2 0
      vertex 43.5398 -4.85803 0
    endloop
  endfacet
  facet normal 0 0 1
    outer loop
      vertex 42.8591 -4.44259 0
      vertex 55.5 -45.2 0
      vertex 43.1919 -4.66275 0
    endloop
  endfacet
  facet normal 0 0 1
    outer loop
      vertex 42.5433 -4.19873 0
      vertex 55.5 -45.2 0
      vertex 42.8591 -4.44259 0
    endloop
  endfacet
  facet normal 0 0 1
    outer loop
      vertex 42.2461 -3.93247 0
      vertex 55.5 -45.2 0
      vertex 42.5433 -4.19873 0
    endloop
  endfacet
  facet normal 0 0 1
    outer loop
      vertex 41.9692 -3.64523 0
      vertex 55.5 -45.2 0
      vertex 42.2461 -3.93247 0
    endloop
  endfacet
  facet normal 0 0 1
    outer loop
      vertex -41.9692 -3.64523 0
      vertex 41.9692 -3.64523 0
      vertex 41.714 -3.33854 0
    endloop
  endfacet
  facet normal 0 0 1
    outer loop
      vertex -41.714 -3.33854 0
      vertex 41.714 -3.33854 0
      vertex 41.4818 -3.01403 0
    endloop
  endfacet
  facet normal 0 0 1
    outer loop
      vertex -41.4818 -3.01403 0
      vertex 41.4818 -3.01403 0
      vertex 41.2739 -2.67344 0
    endloop
  endfacet
  facet normal 0 0 1
    outer loop
      vertex -41.2739 -2.67344 0
      vertex 41.2739 -2.67344 0
      vertex 41.0915 -2.31859 0
    endloop
  endfacet
  facet normal 0 0 1
    outer loop
      vertex -41.0915 -2.31859 0
      vertex 41.0915 -2.31859 0
      vertex 40.9354 -1.95137 0
    endloop
  endfacet
  facet normal 0 0 1
    outer loop
      vertex -40.9354 -1.95137 0
      vertex 40.9354 -1.95137 0
      vertex 40.8066 -1.57374 0
    endloop
  endfacet
  facet normal -0 0 1
    outer loop
      vertex -40.575 0 0
      vertex 40.5896 -0.398736 0
      vertex 40.575 0 0
    endloop
  endfacet
  facet normal 0 0 1
    outer loop
      vertex -40.5896 -0.398736 0
      vertex 40.5896 -0.398736 0
      vertex -40.575 0 0
    endloop
  endfacet
  facet normal 0 0 1
    outer loop
      vertex 40.5896 -0.398736 0
      vertex -40.5896 -0.398736 0
      vertex 40.6332 -0.795346 0
    endloop
  endfacet
  facet normal 0 0 1
    outer loop
      vertex -40.6332 -0.795346 0
      vertex 40.6332 -0.795346 0
      vertex -40.5896 -0.398736 0
    endloop
  endfacet
  facet normal 0 0 1
    outer loop
      vertex 40.6332 -0.795346 0
      vertex -40.6332 -0.795346 0
      vertex 40.7057 -1.18771 0
    endloop
  endfacet
  facet normal 0 0 1
    outer loop
      vertex -40.7057 -1.18771 0
      vertex 40.7057 -1.18771 0
      vertex -40.6332 -0.795346 0
    endloop
  endfacet
  facet normal 0 0 1
    outer loop
      vertex 40.7057 -1.18771 0
      vertex -40.7057 -1.18771 0
      vertex 40.8066 -1.57374 0
    endloop
  endfacet
  facet normal 0 0 1
    outer loop
      vertex -40.8066 -1.57374 0
      vertex 40.8066 -1.57374 0
      vertex -40.7057 -1.18771 0
    endloop
  endfacet
  facet normal 0 0 1
    outer loop
      vertex -40.9354 -1.95137 0
      vertex 40.8066 -1.57374 0
      vertex -40.8066 -1.57374 0
    endloop
  endfacet
  facet normal 0 0 1
    outer loop
      vertex 40.9354 -1.95137 0
      vertex -40.9354 -1.95137 0
      vertex -41.0915 -2.31859 0
    endloop
  endfacet
  facet normal 0 0 1
    outer loop
      vertex 41.0915 -2.31859 0
      vertex -41.0915 -2.31859 0
      vertex -41.2739 -2.67344 0
    endloop
  endfacet
  facet normal 0 0 1
    outer loop
      vertex 41.2739 -2.67344 0
      vertex -41.2739 -2.67344 0
      vertex -41.4818 -3.01403 0
    endloop
  endfacet
  facet normal 0 0 1
    outer loop
      vertex 41.4818 -3.01403 0
      vertex -41.4818 -3.01403 0
      vertex -41.714 -3.33854 0
    endloop
  endfacet
  facet normal 0 0 1
    outer loop
      vertex 41.714 -3.33854 0
      vertex -41.714 -3.33854 0
      vertex -41.9692 -3.64523 0
    endloop
  endfacet
  facet normal 0 0 1
    outer loop
      vertex 41.9692 -3.64523 0
      vertex -41.9692 -3.64523 0
      vertex 55.5 -45.2 0
    endloop
  endfacet
  facet normal 0 0 1
    outer loop
      vertex -55.5 -45.2 0
      vertex -41.9692 -3.64523 0
      vertex -42.2461 -3.93247 0
    endloop
  endfacet
  facet normal 0 0 1
    outer loop
      vertex -55.5 -45.2 0
      vertex -42.2461 -3.93247 0
      vertex -42.5433 -4.19873 0
    endloop
  endfacet
  facet normal 0 0 1
    outer loop
      vertex -55.5 -45.2 0
      vertex -42.5433 -4.19873 0
      vertex -42.8591 -4.44259 0
    endloop
  endfacet
  facet normal 0 0 1
    outer loop
      vertex -55.5 -45.2 0
      vertex -42.8591 -4.44259 0
      vertex -43.1919 -4.66275 0
    endloop
  endfacet
  facet normal 0 0 1
    outer loop
      vertex -55.5 -45.2 0
      vertex -43.1919 -4.66275 0
      vertex -43.5398 -4.85803 0
    endloop
  endfacet
  facet normal 0 0 1
    outer loop
      vertex -55.5 -45.2 0
      vertex -43.5398 -4.85803 0
      vertex -43.9011 -5.02739 0
    endloop
  endfacet
  facet normal 0 0 1
    outer loop
      vertex -55.5 -45.2 0
      vertex -43.9011 -5.02739 0
      vertex -44.2738 -5.16993 0
    endloop
  endfacet
  facet normal 0 0 1
    outer loop
      vertex -55.5 -45.2 0
      vertex -44.2738 -5.16993 0
      vertex -44.6559 -5.28488 0
    endloop
  endfacet
  facet normal 0 0 1
    outer loop
      vertex -55.5 -45.2 0
      vertex -44.6559 -5.28488 0
      vertex -45.0453 -5.37163 0
    endloop
  endfacet
  facet normal 0 0 1
    outer loop
      vertex -55.5 -45.2 0
      vertex -45.0453 -5.37163 0
      vertex -45.4401 -5.42973 0
    endloop
  endfacet
  facet normal 0 0 1
    outer loop
      vertex -55.5 -45.2 0
      vertex -45.4401 -5.42973 0
      vertex -45.838 -5.45886 0
    endloop
  endfacet
  facet normal 0 0 1
    outer loop
      vertex -55.5 -45.2 0
      vertex -45.838 -5.45886 0
      vertex -46.237 -5.45886 0
    endloop
  endfacet
  facet normal 0 0 1
    outer loop
      vertex -55.5 -45.2 0
      vertex -46.237 -5.45886 0
      vertex -46.6349 -5.42973 0
    endloop
  endfacet
  facet normal 0 0 1
    outer loop
      vertex -55.5 -45.2 0
      vertex -46.6349 -5.42973 0
      vertex -47.0297 -5.37163 0
    endloop
  endfacet
  facet normal 0 0 1
    outer loop
      vertex -55.5 -45.2 0
      vertex -47.0297 -5.37163 0
      vertex -47.4191 -5.28488 0
    endloop
  endfacet
  facet normal 0 0 1
    outer loop
      vertex -55.5 -45.2 0
      vertex -47.4191 -5.28488 0
      vertex -47.8012 -5.16993 0
    endloop
  endfacet
  facet normal 0 0 1
    outer loop
      vertex -55.5 -45.2 0
      vertex -47.8012 -5.16993 0
      vertex -48.1739 -5.02739 0
    endloop
  endfacet
  facet normal 0 0 1
    outer loop
      vertex -55.5 -45.2 0
      vertex -51.5 0 0
      vertex -55.5 45.2 0
    endloop
  endfacet
  facet normal 0 0 1
    outer loop
      vertex -41.9692 -3.64523 0
      vertex -55.5 -45.2 0
      vertex 55.5 -45.2 0
    endloop
  endfacet
  facet normal 0 0 1
    outer loop
      vertex -48.5352 -4.85803 0
      vertex -55.5 -45.2 0
      vertex -48.1739 -5.02739 0
    endloop
  endfacet
  facet normal 0 0 1
    outer loop
      vertex -48.8831 -4.66275 0
      vertex -55.5 -45.2 0
      vertex -48.5352 -4.85803 0
    endloop
  endfacet
  facet normal 0 0 1
    outer loop
      vertex -49.2159 -4.44259 0
      vertex -55.5 -45.2 0
      vertex -48.8831 -4.66275 0
    endloop
  endfacet
  facet normal 0 0 1
    outer loop
      vertex -49.5317 -4.19873 0
      vertex -55.5 -45.2 0
      vertex -49.2159 -4.44259 0
    endloop
  endfacet
  facet normal 0 0 1
    outer loop
      vertex -49.8289 -3.93247 0
      vertex -55.5 -45.2 0
      vertex -49.5317 -4.19873 0
    endloop
  endfacet
  facet normal 0 0 1
    outer loop
      vertex -50.1058 -3.64523 0
      vertex -55.5 -45.2 0
      vertex -49.8289 -3.93247 0
    endloop
  endfacet
  facet normal 0 0 1
    outer loop
      vertex -50.361 -3.33854 0
      vertex -55.5 -45.2 0
      vertex -50.1058 -3.64523 0
    endloop
  endfacet
  facet normal 0 0 1
    outer loop
      vertex -50.5932 -3.01403 0
      vertex -55.5 -45.2 0
      vertex -50.361 -3.33854 0
    endloop
  endfacet
  facet normal 0 0 1
    outer loop
      vertex -50.8011 -2.67344 0
      vertex -55.5 -45.2 0
      vertex -50.5932 -3.01403 0
    endloop
  endfacet
  facet normal 0 0 1
    outer loop
      vertex -50.9835 -2.31859 0
      vertex -55.5 -45.2 0
      vertex -50.8011 -2.67344 0
    endloop
  endfacet
  facet normal 0 0 1
    outer loop
      vertex -51.1396 -1.95137 0
      vertex -55.5 -45.2 0
      vertex -50.9835 -2.31859 0
    endloop
  endfacet
  facet normal 0 0 1
    outer loop
      vertex -51.2684 -1.57374 0
      vertex -55.5 -45.2 0
      vertex -51.1396 -1.95137 0
    endloop
  endfacet
  facet normal 0 0 1
    outer loop
      vertex -51.3693 -1.18771 0
      vertex -55.5 -45.2 0
      vertex -51.2684 -1.57374 0
    endloop
  endfacet
  facet normal 0 0 1
    outer loop
      vertex -51.4418 -0.795346 0
      vertex -55.5 -45.2 0
      vertex -51.3693 -1.18771 0
    endloop
  endfacet
  facet normal 0 0 1
    outer loop
      vertex -51.4854 -0.398736 0
      vertex -55.5 -45.2 0
      vertex -51.4418 -0.795346 0
    endloop
  endfacet
  facet normal 0 0 1
    outer loop
      vertex -51.5 0 0
      vertex -55.5 -45.2 0
      vertex -51.4854 -0.398736 0
    endloop
  endfacet
  facet normal 1 0 0
    outer loop
      vertex 55.5 50.2 5
      vertex 55.5 45.2 0
      vertex 55.5 50.2 0
    endloop
  endfacet
  facet normal 1 -0 0
    outer loop
      vertex 55.5 45.2 0
      vertex 55.5 50.2 -6
      vertex 55.5 50.2 0
    endloop
  endfacet
  facet normal 1 -0 0
    outer loop
      vertex 55.5 -45.2 0
      vertex 55.5 50.2 -6
      vertex 55.5 45.2 0
    endloop
  endfacet
  facet normal 1 0 0
    outer loop
      vertex 55.5 -50.2 0
      vertex 55.5 -45.2 0
      vertex 55.5 -50.2 5
    endloop
  endfacet
  facet normal 1 0 0
    outer loop
      vertex 55.5 -50.2 -6
      vertex 55.5 -45.2 0
      vertex 55.5 -50.2 0
    endloop
  endfacet
  facet normal 1 0 0
    outer loop
      vertex 55.5 -45.2 0
      vertex 55.5 -50.2 -6
      vertex 55.5 50.2 -6
    endloop
  endfacet
  facet normal 0 1 -0
    outer loop
      vertex 55.5 50.2 0
      vertex -55.5 50.2 5
      vertex 55.5 50.2 5
    endloop
  endfacet
  facet normal 0 1 0
    outer loop
      vertex -55.5 50.2 5
      vertex 55.5 50.2 0
      vertex -55.5 50.2 0
    endloop
  endfacet
  facet normal 0 0.707107 0.707107
    outer loop
      vertex 55.5 -45.2 0
      vertex -55.5 -50.2 5
      vertex 55.5 -50.2 5
    endloop
  endfacet
  facet normal 0 0.707107 0.707107
    outer loop
      vertex -55.5 -50.2 5
      vertex 55.5 -45.2 0
      vertex -55.5 -45.2 0
    endloop
  endfacet
  facet normal 0 -1 0
    outer loop
      vertex -55.5 -50.2 0
      vertex 55.5 -50.2 5
      vertex -55.5 -50.2 5
    endloop
  endfacet
  facet normal 0 -1 -0
    outer loop
      vertex 55.5 -50.2 5
      vertex -55.5 -50.2 0
      vertex 55.5 -50.2 0
    endloop
  endfacet
  facet normal 0 0 -1
    outer loop
      vertex 55.5 -50.2 -6
      vertex 51.5 0 -6
      vertex 55.5 50.2 -6
    endloop
  endfacet
  facet normal 0 0 -1
    outer loop
      vertex 55.5 -50.2 -6
      vertex 51.4854 -0.398736 -6
      vertex 51.5 0 -6
    endloop
  endfacet
  facet normal 0 0 -1
    outer loop
      vertex 55.5 -50.2 -6
      vertex 51.4418 -0.795346 -6
      vertex 51.4854 -0.398736 -6
    endloop
  endfacet
  facet normal 0 0 -1
    outer loop
      vertex 55.5 -50.2 -6
      vertex 51.3693 -1.18771 -6
      vertex 51.4418 -0.795346 -6
    endloop
  endfacet
  facet normal 0 0 -1
    outer loop
      vertex 55.5 -50.2 -6
      vertex 51.2684 -1.57374 -6
      vertex 51.3693 -1.18771 -6
    endloop
  endfacet
  facet normal 0 0 -1
    outer loop
      vertex 55.5 -50.2 -6
      vertex 51.1396 -1.95137 -6
      vertex 51.2684 -1.57374 -6
    endloop
  endfacet
  facet normal 0 0 -1
    outer loop
      vertex 55.5 -50.2 -6
      vertex 50.9835 -2.31859 -6
      vertex 51.1396 -1.95137 -6
    endloop
  endfacet
  facet normal 0 0 -1
    outer loop
      vertex 55.5 -50.2 -6
      vertex 50.8011 -2.67344 -6
      vertex 50.9835 -2.31859 -6
    endloop
  endfacet
  facet normal 0 0 -1
    outer loop
      vertex 55.5 -50.2 -6
      vertex 50.5932 -3.01403 -6
      vertex 50.8011 -2.67344 -6
    endloop
  endfacet
  facet normal 0 0 -1
    outer loop
      vertex 55.5 -50.2 -6
      vertex 50.361 -3.33854 -6
      vertex 50.5932 -3.01403 -6
    endloop
  endfacet
  facet normal 0 0 -1
    outer loop
      vertex 55.5 -50.2 -6
      vertex 50.1058 -3.64523 -6
      vertex 50.361 -3.33854 -6
    endloop
  endfacet
  facet normal 0 0 -1
    outer loop
      vertex 55.5 -50.2 -6
      vertex 49.8289 -3.93247 -6
      vertex 50.1058 -3.64523 -6
    endloop
  endfacet
  facet normal 0 0 -1
    outer loop
      vertex 55.5 -50.2 -6
      vertex 49.5317 -4.19873 -6
      vertex 49.8289 -3.93247 -6
    endloop
  endfacet
  facet normal 0 0 -1
    outer loop
      vertex 55.5 -50.2 -6
      vertex 49.2159 -4.44259 -6
      vertex 49.5317 -4.19873 -6
    endloop
  endfacet
  facet normal 0 0 -1
    outer loop
      vertex 55.5 -50.2 -6
      vertex 48.8831 -4.66275 -6
      vertex 49.2159 -4.44259 -6
    endloop
  endfacet
  facet normal 0 0 -1
    outer loop
      vertex 55.5 -50.2 -6
      vertex 48.5352 -4.85803 -6
      vertex 48.8831 -4.66275 -6
    endloop
  endfacet
  facet normal 0 0 -1
    outer loop
      vertex 55.5 -50.2 -6
      vertex 48.1739 -5.02739 -6
      vertex 48.5352 -4.85803 -6
    endloop
  endfacet
  facet normal 0 0 -1
    outer loop
      vertex 55.5 -50.2 -6
      vertex 47.8012 -5.16993 -6
      vertex 48.1739 -5.02739 -6
    endloop
  endfacet
  facet normal 0 0 -1
    outer loop
      vertex 55.5 -50.2 -6
      vertex 47.4191 -5.28488 -6
      vertex 47.8012 -5.16993 -6
    endloop
  endfacet
  facet normal 0 0 -1
    outer loop
      vertex 55.5 -50.2 -6
      vertex 47.0297 -5.37163 -6
      vertex 47.4191 -5.28488 -6
    endloop
  endfacet
  facet normal 0 0 -1
    outer loop
      vertex 55.5 -50.2 -6
      vertex 46.6349 -5.42973 -6
      vertex 47.0297 -5.37163 -6
    endloop
  endfacet
  facet normal 0 0 -1
    outer loop
      vertex 41.975 -50.2 -6
      vertex 46.6349 -5.42973 -6
      vertex 55.5 -50.2 -6
    endloop
  endfacet
  facet normal 0 0 -1
    outer loop
      vertex 46.6349 -5.42973 -6
      vertex 41.975 -50.2 -6
      vertex 46.237 -5.45886 -6
    endloop
  endfacet
  facet normal -0 0 -1
    outer loop
      vertex 46.237 -5.45886 -6
      vertex 41.975 -50.2 -6
      vertex 45.838 -5.45886 -6
    endloop
  endfacet
  facet normal -0 0 -1
    outer loop
      vertex 45.838 -5.45886 -6
      vertex 41.975 -50.2 -6
      vertex 45.4401 -5.42973 -6
    endloop
  endfacet
  facet normal -0 0 -1
    outer loop
      vertex 45.4401 -5.42973 -6
      vertex 41.975 -50.2 -6
      vertex 45.0453 -5.37163 -6
    endloop
  endfacet
  facet normal -0 0 -1
    outer loop
      vertex 45.0453 -5.37163 -6
      vertex 41.975 -50.2 -6
      vertex 44.6559 -5.28488 -6
    endloop
  endfacet
  facet normal -0 0 -1
    outer loop
      vertex 44.6559 -5.28488 -6
      vertex 41.975 -50.2 -6
      vertex 44.2738 -5.16993 -6
    endloop
  endfacet
  facet normal -0 0 -1
    outer loop
      vertex 44.2738 -5.16993 -6
      vertex 41.975 -50.2 -6
      vertex 43.9011 -5.02739 -6
    endloop
  endfacet
  facet normal -0 0 -1
    outer loop
      vertex 43.9011 -5.02739 -6
      vertex 41.975 -50.2 -6
      vertex 43.5398 -4.85803 -6
    endloop
  endfacet
  facet normal -0 0 -1
    outer loop
      vertex 43.5398 -4.85803 -6
      vertex 41.975 -50.2 -6
      vertex 43.1919 -4.66275 -6
    endloop
  endfacet
  facet normal -0 0 -1
    outer loop
      vertex 43.1919 -4.66275 -6
      vertex 41.975 -50.2 -6
      vertex 42.8591 -4.44259 -6
    endloop
  endfacet
  facet normal -0 0 -1
    outer loop
      vertex 42.8591 -4.44259 -6
      vertex 41.975 -50.2 -6
      vertex 42.5433 -4.19873 -6
    endloop
  endfacet
  facet normal -0 0 -1
    outer loop
      vertex 42.5433 -4.19873 -6
      vertex 41.975 -50.2 -6
      vertex 42.2461 -3.93247 -6
    endloop
  endfacet
  facet normal -0 0 -1
    outer loop
      vertex 42.2461 -3.93247 -6
      vertex 41.975 -50.2 -6
      vertex 41.975 -3.65126 -6
    endloop
  endfacet
  facet normal 0 0 -1
    outer loop
      vertex 51.4854 0.398736 -6
      vertex 55.5 50.2 -6
      vertex 51.5 0 -6
    endloop
  endfacet
  facet normal 0 0 -1
    outer loop
      vertex 51.4418 0.795346 -6
      vertex 55.5 50.2 -6
      vertex 51.4854 0.398736 -6
    endloop
  endfacet
  facet normal 0 0 -1
    outer loop
      vertex 51.3693 1.18771 -6
      vertex 55.5 50.2 -6
      vertex 51.4418 0.795346 -6
    endloop
  endfacet
  facet normal 0 0 -1
    outer loop
      vertex 51.2684 1.57374 -6
      vertex 55.5 50.2 -6
      vertex 51.3693 1.18771 -6
    endloop
  endfacet
  facet normal 0 0 -1
    outer loop
      vertex 51.1396 1.95137 -6
      vertex 55.5 50.2 -6
      vertex 51.2684 1.57374 -6
    endloop
  endfacet
  facet normal 0 0 -1
    outer loop
      vertex 50.9835 2.31859 -6
      vertex 55.5 50.2 -6
      vertex 51.1396 1.95137 -6
    endloop
  endfacet
  facet normal 0 0 -1
    outer loop
      vertex 50.8011 2.67344 -6
      vertex 55.5 50.2 -6
      vertex 50.9835 2.31859 -6
    endloop
  endfacet
  facet normal 0 0 -1
    outer loop
      vertex 50.5932 3.01403 -6
      vertex 55.5 50.2 -6
      vertex 50.8011 2.67344 -6
    endloop
  endfacet
  facet normal 0 0 -1
    outer loop
      vertex 50.361 3.33854 -6
      vertex 55.5 50.2 -6
      vertex 50.5932 3.01403 -6
    endloop
  endfacet
  facet normal 0 0 -1
    outer loop
      vertex 50.1058 3.64523 -6
      vertex 55.5 50.2 -6
      vertex 50.361 3.33854 -6
    endloop
  endfacet
  facet normal 0 0 -1
    outer loop
      vertex 49.8289 3.93247 -6
      vertex 55.5 50.2 -6
      vertex 50.1058 3.64523 -6
    endloop
  endfacet
  facet normal 0 0 -1
    outer loop
      vertex 49.5317 4.19873 -6
      vertex 55.5 50.2 -6
      vertex 49.8289 3.93247 -6
    endloop
  endfacet
  facet normal 0 0 -1
    outer loop
      vertex 49.2159 4.44259 -6
      vertex 55.5 50.2 -6
      vertex 49.5317 4.19873 -6
    endloop
  endfacet
  facet normal 0 0 -1
    outer loop
      vertex 48.8831 4.66275 -6
      vertex 55.5 50.2 -6
      vertex 49.2159 4.44259 -6
    endloop
  endfacet
  facet normal 0 0 -1
    outer loop
      vertex 48.5352 4.85803 -6
      vertex 55.5 50.2 -6
      vertex 48.8831 4.66275 -6
    endloop
  endfacet
  facet normal 0 0 -1
    outer loop
      vertex 48.1739 5.02739 -6
      vertex 55.5 50.2 -6
      vertex 48.5352 4.85803 -6
    endloop
  endfacet
  facet normal 0 0 -1
    outer loop
      vertex 47.8012 5.16993 -6
      vertex 55.5 50.2 -6
      vertex 48.1739 5.02739 -6
    endloop
  endfacet
  facet normal 0 0 -1
    outer loop
      vertex 47.4191 5.28488 -6
      vertex 55.5 50.2 -6
      vertex 47.8012 5.16993 -6
    endloop
  endfacet
  facet normal 0 0 -1
    outer loop
      vertex 47.0297 5.37163 -6
      vertex 55.5 50.2 -6
      vertex 47.4191 5.28488 -6
    endloop
  endfacet
  facet normal 0 0 -1
    outer loop
      vertex 46.6349 5.42973 -6
      vertex 55.5 50.2 -6
      vertex 47.0297 5.37163 -6
    endloop
  endfacet
  facet normal 0 0 -1
    outer loop
      vertex 41.975 50.2 -6
      vertex 46.6349 5.42973 -6
      vertex 46.237 5.45886 -6
    endloop
  endfacet
  facet normal 0 0 -1
    outer loop
      vertex 41.975 50.2 -6
      vertex 46.237 5.45886 -6
      vertex 45.838 5.45886 -6
    endloop
  endfacet
  facet normal 0 0 -1
    outer loop
      vertex 41.975 50.2 -6
      vertex 45.838 5.45886 -6
      vertex 45.4401 5.42973 -6
    endloop
  endfacet
  facet normal 0 0 -1
    outer loop
      vertex 41.975 50.2 -6
      vertex 45.4401 5.42973 -6
      vertex 45.0453 5.37163 -6
    endloop
  endfacet
  facet normal 0 0 -1
    outer loop
      vertex 41.975 50.2 -6
      vertex 45.0453 5.37163 -6
      vertex 44.6559 5.28488 -6
    endloop
  endfacet
  facet normal 0 0 -1
    outer loop
      vertex 41.975 50.2 -6
      vertex 44.6559 5.28488 -6
      vertex 44.2738 5.16993 -6
    endloop
  endfacet
  facet normal 0 0 -1
    outer loop
      vertex 41.975 50.2 -6
      vertex 44.2738 5.16993 -6
      vertex 43.9011 5.02739 -6
    endloop
  endfacet
  facet normal 0 0 -1
    outer loop
      vertex 41.975 50.2 -6
      vertex 43.9011 5.02739 -6
      vertex 43.5398 4.85803 -6
    endloop
  endfacet
  facet normal 0 0 -1
    outer loop
      vertex 41.975 50.2 -6
      vertex 43.5398 4.85803 -6
      vertex 43.1919 4.66275 -6
    endloop
  endfacet
  facet normal 0 0 -1
    outer loop
      vertex 41.975 50.2 -6
      vertex 43.1919 4.66275 -6
      vertex 42.8591 4.44259 -6
    endloop
  endfacet
  facet normal 0 0 -1
    outer loop
      vertex 41.975 50.2 -6
      vertex 42.8591 4.44259 -6
      vertex 42.5433 4.19873 -6
    endloop
  endfacet
  facet normal 0 0 -1
    outer loop
      vertex 41.975 50.2 -6
      vertex 42.5433 4.19873 -6
      vertex 42.2461 3.93247 -6
    endloop
  endfacet
  facet normal 0 0 -1
    outer loop
      vertex 41.975 50.2 -6
      vertex 42.2461 3.93247 -6
      vertex 41.975 3.65126 -6
    endloop
  endfacet
  facet normal 0 0 -1
    outer loop
      vertex 46.6349 5.42973 -6
      vertex 41.975 50.2 -6
      vertex 55.5 50.2 -6
    endloop
  endfacet
  facet normal 0 0 -1
    outer loop
      vertex -41.975 -50.2 -6
      vertex -42.2461 -3.93247 -6
      vertex -41.975 -3.65126 -6
    endloop
  endfacet
  facet normal 0 0 -1
    outer loop
      vertex -41.975 -50.2 -6
      vertex -42.5433 -4.19873 -6
      vertex -42.2461 -3.93247 -6
    endloop
  endfacet
  facet normal 0 0 -1
    outer loop
      vertex -41.975 -50.2 -6
      vertex -42.8591 -4.44259 -6
      vertex -42.5433 -4.19873 -6
    endloop
  endfacet
  facet normal 0 0 -1
    outer loop
      vertex -41.975 -50.2 -6
      vertex -43.1919 -4.66275 -6
      vertex -42.8591 -4.44259 -6
    endloop
  endfacet
  facet normal 0 0 -1
    outer loop
      vertex -41.975 -50.2 -6
      vertex -43.5398 -4.85803 -6
      vertex -43.1919 -4.66275 -6
    endloop
  endfacet
  facet normal 0 0 -1
    outer loop
      vertex -41.975 -50.2 -6
      vertex -43.9011 -5.02739 -6
      vertex -43.5398 -4.85803 -6
    endloop
  endfacet
  facet normal 0 0 -1
    outer loop
      vertex -41.975 -50.2 -6
      vertex -44.2738 -5.16993 -6
      vertex -43.9011 -5.02739 -6
    endloop
  endfacet
  facet normal 0 0 -1
    outer loop
      vertex -41.975 -50.2 -6
      vertex -44.6559 -5.28488 -6
      vertex -44.2738 -5.16993 -6
    endloop
  endfacet
  facet normal 0 0 -1
    outer loop
      vertex -41.975 -50.2 -6
      vertex -45.0453 -5.37163 -6
      vertex -44.6559 -5.28488 -6
    endloop
  endfacet
  facet normal 0 0 -1
    outer loop
      vertex -41.975 -50.2 -6
      vertex -45.4401 -5.42973 -6
      vertex -45.0453 -5.37163 -6
    endloop
  endfacet
  facet normal 0 0 -1
    outer loop
      vertex -41.975 -50.2 -6
      vertex -45.838 -5.45886 -6
      vertex -45.4401 -5.42973 -6
    endloop
  endfacet
  facet normal 0 0 -1
    outer loop
      vertex -41.975 -50.2 -6
      vertex -46.237 -5.45886 -6
      vertex -45.838 -5.45886 -6
    endloop
  endfacet
  facet normal 0 0 -1
    outer loop
      vertex -41.975 -50.2 -6
      vertex -46.6349 -5.42973 -6
      vertex -46.237 -5.45886 -6
    endloop
  endfacet
  facet normal 0 0 -1
    outer loop
      vertex -55.5 -50.2 -6
      vertex -46.6349 -5.42973 -6
      vertex -41.975 -50.2 -6
    endloop
  endfacet
  facet normal -0 0 -1
    outer loop
      vertex -46.6349 -5.42973 -6
      vertex -55.5 -50.2 -6
      vertex -47.0297 -5.37163 -6
    endloop
  endfacet
  facet normal -0 0 -1
    outer loop
      vertex -47.0297 -5.37163 -6
      vertex -55.5 -50.2 -6
      vertex -47.4191 -5.28488 -6
    endloop
  endfacet
  facet normal -0 0 -1
    outer loop
      vertex -47.4191 -5.28488 -6
      vertex -55.5 -50.2 -6
      vertex -47.8012 -5.16993 -6
    endloop
  endfacet
  facet normal -0 0 -1
    outer loop
      vertex -47.8012 -5.16993 -6
      vertex -55.5 -50.2 -6
      vertex -48.1739 -5.02739 -6
    endloop
  endfacet
  facet normal -0 0 -1
    outer loop
      vertex -48.1739 -5.02739 -6
      vertex -55.5 -50.2 -6
      vertex -48.5352 -4.85803 -6
    endloop
  endfacet
  facet normal -0 0 -1
    outer loop
      vertex -48.5352 -4.85803 -6
      vertex -55.5 -50.2 -6
      vertex -48.8831 -4.66275 -6
    endloop
  endfacet
  facet normal -0 0 -1
    outer loop
      vertex -48.8831 -4.66275 -6
      vertex -55.5 -50.2 -6
      vertex -49.2159 -4.44259 -6
    endloop
  endfacet
  facet normal -0 0 -1
    outer loop
      vertex -49.2159 -4.44259 -6
      vertex -55.5 -50.2 -6
      vertex -49.5317 -4.19873 -6
    endloop
  endfacet
  facet normal -0 0 -1
    outer loop
      vertex -49.5317 -4.19873 -6
      vertex -55.5 -50.2 -6
      vertex -49.8289 -3.93247 -6
    endloop
  endfacet
  facet normal -0 0 -1
    outer loop
      vertex -49.8289 -3.93247 -6
      vertex -55.5 -50.2 -6
      vertex -50.1058 -3.64523 -6
    endloop
  endfacet
  facet normal -0 0 -1
    outer loop
      vertex -50.1058 -3.64523 -6
      vertex -55.5 -50.2 -6
      vertex -50.361 -3.33854 -6
    endloop
  endfacet
  facet normal -0 0 -1
    outer loop
      vertex -50.361 -3.33854 -6
      vertex -55.5 -50.2 -6
      vertex -50.5932 -3.01403 -6
    endloop
  endfacet
  facet normal -0 0 -1
    outer loop
      vertex -50.5932 -3.01403 -6
      vertex -55.5 -50.2 -6
      vertex -50.8011 -2.67344 -6
    endloop
  endfacet
  facet normal -0 0 -1
    outer loop
      vertex -50.8011 -2.67344 -6
      vertex -55.5 -50.2 -6
      vertex -50.9835 -2.31859 -6
    endloop
  endfacet
  facet normal -0 0 -1
    outer loop
      vertex -50.9835 -2.31859 -6
      vertex -55.5 -50.2 -6
      vertex -51.1396 -1.95137 -6
    endloop
  endfacet
  facet normal -0 0 -1
    outer loop
      vertex -51.1396 -1.95137 -6
      vertex -55.5 -50.2 -6
      vertex -51.2684 -1.57374 -6
    endloop
  endfacet
  facet normal -0 0 -1
    outer loop
      vertex -51.4854 -0.398736 -6
      vertex -55.5 -50.2 -6
      vertex -51.5 0 -6
    endloop
  endfacet
  facet normal -0 0 -1
    outer loop
      vertex -51.4418 -0.795346 -6
      vertex -55.5 -50.2 -6
      vertex -51.4854 -0.398736 -6
    endloop
  endfacet
  facet normal -0 0 -1
    outer loop
      vertex -51.3693 -1.18771 -6
      vertex -55.5 -50.2 -6
      vertex -51.4418 -0.795346 -6
    endloop
  endfacet
  facet normal -0 0 -1
    outer loop
      vertex -51.2684 -1.57374 -6
      vertex -55.5 -50.2 -6
      vertex -51.3693 -1.18771 -6
    endloop
  endfacet
  facet normal 0 0 -1
    outer loop
      vertex -42.2461 3.93247 -6
      vertex -41.975 50.2 -6
      vertex -41.975 3.65126 -6
    endloop
  endfacet
  facet normal 0 0 -1
    outer loop
      vertex -42.5433 4.19873 -6
      vertex -41.975 50.2 -6
      vertex -42.2461 3.93247 -6
    endloop
  endfacet
  facet normal 0 0 -1
    outer loop
      vertex -42.8591 4.44259 -6
      vertex -41.975 50.2 -6
      vertex -42.5433 4.19873 -6
    endloop
  endfacet
  facet normal 0 0 -1
    outer loop
      vertex -43.1919 4.66275 -6
      vertex -41.975 50.2 -6
      vertex -42.8591 4.44259 -6
    endloop
  endfacet
  facet normal 0 0 -1
    outer loop
      vertex -43.5398 4.85803 -6
      vertex -41.975 50.2 -6
      vertex -43.1919 4.66275 -6
    endloop
  endfacet
  facet normal 0 0 -1
    outer loop
      vertex -43.9011 5.02739 -6
      vertex -41.975 50.2 -6
      vertex -43.5398 4.85803 -6
    endloop
  endfacet
  facet normal 0 0 -1
    outer loop
      vertex -44.2738 5.16993 -6
      vertex -41.975 50.2 -6
      vertex -43.9011 5.02739 -6
    endloop
  endfacet
  facet normal 0 0 -1
    outer loop
      vertex -44.6559 5.28488 -6
      vertex -41.975 50.2 -6
      vertex -44.2738 5.16993 -6
    endloop
  endfacet
  facet normal 0 0 -1
    outer loop
      vertex -45.0453 5.37163 -6
      vertex -41.975 50.2 -6
      vertex -44.6559 5.28488 -6
    endloop
  endfacet
  facet normal 0 0 -1
    outer loop
      vertex -45.4401 5.42973 -6
      vertex -41.975 50.2 -6
      vertex -45.0453 5.37163 -6
    endloop
  endfacet
  facet normal 0 0 -1
    outer loop
      vertex -45.838 5.45886 -6
      vertex -41.975 50.2 -6
      vertex -45.4401 5.42973 -6
    endloop
  endfacet
  facet normal 0 0 -1
    outer loop
      vertex -46.237 5.45886 -6
      vertex -41.975 50.2 -6
      vertex -45.838 5.45886 -6
    endloop
  endfacet
  facet normal 0 0 -1
    outer loop
      vertex -46.6349 5.42973 -6
      vertex -41.975 50.2 -6
      vertex -46.237 5.45886 -6
    endloop
  endfacet
  facet normal 0 0 -1
    outer loop
      vertex -55.5 50.2 -6
      vertex -46.6349 5.42973 -6
      vertex -47.0297 5.37163 -6
    endloop
  endfacet
  facet normal 0 0 -1
    outer loop
      vertex -55.5 50.2 -6
      vertex -47.0297 5.37163 -6
      vertex -47.4191 5.28488 -6
    endloop
  endfacet
  facet normal 0 0 -1
    outer loop
      vertex -55.5 50.2 -6
      vertex -47.4191 5.28488 -6
      vertex -47.8012 5.16993 -6
    endloop
  endfacet
  facet normal 0 0 -1
    outer loop
      vertex -55.5 50.2 -6
      vertex -47.8012 5.16993 -6
      vertex -48.1739 5.02739 -6
    endloop
  endfacet
  facet normal 0 0 -1
    outer loop
      vertex -55.5 50.2 -6
      vertex -48.1739 5.02739 -6
      vertex -48.5352 4.85803 -6
    endloop
  endfacet
  facet normal 0 0 -1
    outer loop
      vertex -55.5 50.2 -6
      vertex -48.5352 4.85803 -6
      vertex -48.8831 4.66275 -6
    endloop
  endfacet
  facet normal 0 0 -1
    outer loop
      vertex -55.5 50.2 -6
      vertex -48.8831 4.66275 -6
      vertex -49.2159 4.44259 -6
    endloop
  endfacet
  facet normal 0 0 -1
    outer loop
      vertex -55.5 50.2 -6
      vertex -49.2159 4.44259 -6
      vertex -49.5317 4.19873 -6
    endloop
  endfacet
  facet normal 0 0 -1
    outer loop
      vertex -55.5 50.2 -6
      vertex -49.5317 4.19873 -6
      vertex -49.8289 3.93247 -6
    endloop
  endfacet
  facet normal 0 0 -1
    outer loop
      vertex -55.5 50.2 -6
      vertex -49.8289 3.93247 -6
      vertex -50.1058 3.64523 -6
    endloop
  endfacet
  facet normal 0 0 -1
    outer loop
      vertex -55.5 50.2 -6
      vertex -50.1058 3.64523 -6
      vertex -50.361 3.33854 -6
    endloop
  endfacet
  facet normal 0 0 -1
    outer loop
      vertex -55.5 50.2 -6
      vertex -50.361 3.33854 -6
      vertex -50.5932 3.01403 -6
    endloop
  endfacet
  facet normal 0 0 -1
    outer loop
      vertex -55.5 50.2 -6
      vertex -50.5932 3.01403 -6
      vertex -50.8011 2.67344 -6
    endloop
  endfacet
  facet normal 0 0 -1
    outer loop
      vertex -55.5 50.2 -6
      vertex -50.8011 2.67344 -6
      vertex -50.9835 2.31859 -6
    endloop
  endfacet
  facet normal 0 0 -1
    outer loop
      vertex -55.5 50.2 -6
      vertex -50.9835 2.31859 -6
      vertex -51.1396 1.95137 -6
    endloop
  endfacet
  facet normal 0 0 -1
    outer loop
      vertex -55.5 50.2 -6
      vertex -51.1396 1.95137 -6
      vertex -51.2684 1.57374 -6
    endloop
  endfacet
  facet normal 0 0 -1
    outer loop
      vertex -55.5 50.2 -6
      vertex -51.2684 1.57374 -6
      vertex -51.3693 1.18771 -6
    endloop
  endfacet
  facet normal 0 0 -1
    outer loop
      vertex -55.5 50.2 -6
      vertex -51.5 0 -6
      vertex -55.5 -50.2 -6
    endloop
  endfacet
  facet normal 0 0 -1
    outer loop
      vertex -46.6349 5.42973 -6
      vertex -55.5 50.2 -6
      vertex -41.975 50.2 -6
    endloop
  endfacet
  facet normal 0 0 -1
    outer loop
      vertex -51.4418 0.795346 -6
      vertex -55.5 50.2 -6
      vertex -51.3693 1.18771 -6
    endloop
  endfacet
  facet normal 0 0 -1
    outer loop
      vertex -51.4854 0.398736 -6
      vertex -55.5 50.2 -6
      vertex -51.4418 0.795346 -6
    endloop
  endfacet
  facet normal 0 0 -1
    outer loop
      vertex -51.5 0 -6
      vertex -55.5 50.2 -6
      vertex -51.4854 0.398736 -6
    endloop
  endfacet
  facet normal 0 1 -0
    outer loop
      vertex -21.9615 50.2 -6.03532
      vertex -55.5 50.2 0
      vertex -21.456 50.2 -6.00883
    endloop
  endfacet
  facet normal 0 1 -0
    outer loop
      vertex -22.4657 50.2 -6.07944
      vertex -55.5 50.2 0
      vertex -21.9615 50.2 -6.03532
    endloop
  endfacet
  facet normal 0 1 -0
    outer loop
      vertex -22.968 50.2 -6.14111
      vertex -55.5 50.2 0
      vertex -22.4657 50.2 -6.07944
    endloop
  endfacet
  facet normal 0 1 -0
    outer loop
      vertex -23.4679 50.2 -6.22029
      vertex -55.5 50.2 0
      vertex -22.968 50.2 -6.14111
    endloop
  endfacet
  facet normal 0 1 -0
    outer loop
      vertex -23.9647 50.2 -6.31686
      vertex -55.5 50.2 0
      vertex -23.4679 50.2 -6.22029
    endloop
  endfacet
  facet normal 0 1 0
    outer loop
      vertex -55.5 50.2 0
      vertex -23.9647 50.2 -6.31686
      vertex -41.975 50.2 -6
    endloop
  endfacet
  facet normal 0 1 -0
    outer loop
      vertex -24.4579 50.2 -6.43073
      vertex -41.975 50.2 -6
      vertex -23.9647 50.2 -6.31686
    endloop
  endfacet
  facet normal 0 1 -0
    outer loop
      vertex -24.9467 50.2 -6.56171
      vertex -41.975 50.2 -6
      vertex -24.4579 50.2 -6.43073
    endloop
  endfacet
  facet normal 0 1 -0
    outer loop
      vertex -25.4307 50.2 -6.70969
      vertex -41.975 50.2 -6
      vertex -24.9467 50.2 -6.56171
    endloop
  endfacet
  facet normal 0 1 -0
    outer loop
      vertex -25.9093 50.2 -6.87447
      vertex -41.975 50.2 -6
      vertex -25.4307 50.2 -6.70969
    endloop
  endfacet
  facet normal 0 1 -0
    outer loop
      vertex -26.3818 50.2 -7.05585
      vertex -41.975 50.2 -6
      vertex -25.9093 50.2 -6.87447
    endloop
  endfacet
  facet normal 0 1 -0
    outer loop
      vertex -26.8477 50.2 -7.2536
      vertex -41.975 50.2 -6
      vertex -26.3818 50.2 -7.05585
    endloop
  endfacet
  facet normal 0 1 -0
    outer loop
      vertex -27.3064 50.2 -7.4675
      vertex -41.975 50.2 -6
      vertex -26.8477 50.2 -7.2536
    endloop
  endfacet
  facet normal 0 1 -0
    outer loop
      vertex -27.7573 50.2 -7.69727
      vertex -41.975 50.2 -6
      vertex -27.3064 50.2 -7.4675
    endloop
  endfacet
  facet normal 0 1 -0
    outer loop
      vertex -28.2 50.2 -7.94264
      vertex -41.975 50.2 -6
      vertex -27.7573 50.2 -7.69727
    endloop
  endfacet
  facet normal 0 1 -0
    outer loop
      vertex -28.6338 50.2 -8.20331
      vertex -41.975 50.2 -6
      vertex -28.2 50.2 -7.94264
    endloop
  endfacet
  facet normal 0 1 -0
    outer loop
      vertex -29.0583 50.2 -8.47896
      vertex -41.975 50.2 -6
      vertex -28.6338 50.2 -8.20331
    endloop
  endfacet
  facet normal 0 1 -0
    outer loop
      vertex -29.4729 50.2 -8.76926
      vertex -41.975 50.2 -6
      vertex -29.0583 50.2 -8.47896
    endloop
  endfacet
  facet normal 0 1 -0
    outer loop
      vertex -29.8771 50.2 -9.07385
      vertex -41.975 50.2 -6
      vertex -29.4729 50.2 -8.76926
    endloop
  endfacet
  facet normal 0 1 -0
    outer loop
      vertex -30.2704 50.2 -9.39236
      vertex -41.975 50.2 -6
      vertex -29.8771 50.2 -9.07385
    endloop
  endfacet
  facet normal 0 1 -0
    outer loop
      vertex -30.6524 50.2 -9.72441
      vertex -41.975 50.2 -6
      vertex -30.2704 50.2 -9.39236
    endloop
  endfacet
  facet normal 0 1 -0
    outer loop
      vertex -31.0225 50.2 -10.0696
      vertex -41.975 50.2 -6
      vertex -30.6524 50.2 -9.72441
    endloop
  endfacet
  facet normal 0 1 -0
    outer loop
      vertex -31.3804 50.2 -10.4275
      vertex -41.975 50.2 -6
      vertex -31.0225 50.2 -10.0696
    endloop
  endfacet
  facet normal 0 1 -0
    outer loop
      vertex -31.7256 50.2 -10.7976
      vertex -41.975 50.2 -6
      vertex -31.3804 50.2 -10.4275
    endloop
  endfacet
  facet normal 0 1 -0
    outer loop
      vertex -32.0576 50.2 -11.1796
      vertex -41.975 50.2 -6
      vertex -31.7256 50.2 -10.7976
    endloop
  endfacet
  facet normal 0 1 -0
    outer loop
      vertex -32.3761 50.2 -11.5729
      vertex -41.975 50.2 -6
      vertex -32.0576 50.2 -11.1796
    endloop
  endfacet
  facet normal 0 1 -0
    outer loop
      vertex -32.6807 50.2 -11.9771
      vertex -41.975 50.2 -6
      vertex -32.3761 50.2 -11.5729
    endloop
  endfacet
  facet normal 0 1 -0
    outer loop
      vertex -32.971 50.2 -12.3917
      vertex -41.975 50.2 -6
      vertex -32.6807 50.2 -11.9771
    endloop
  endfacet
  facet normal 0 1 -0
    outer loop
      vertex -33.2467 50.2 -12.8162
      vertex -41.975 50.2 -6
      vertex -32.971 50.2 -12.3917
    endloop
  endfacet
  facet normal 0 1 -0
    outer loop
      vertex -33.5074 50.2 -13.25
      vertex -41.975 50.2 -6
      vertex -33.2467 50.2 -12.8162
    endloop
  endfacet
  facet normal 0 1 -0
    outer loop
      vertex -33.7527 50.2 -13.6927
      vertex -41.975 50.2 -6
      vertex -33.5074 50.2 -13.25
    endloop
  endfacet
  facet normal 0 1 -0
    outer loop
      vertex -33.9825 50.2 -14.1436
      vertex -41.975 50.2 -6
      vertex -33.7527 50.2 -13.6927
    endloop
  endfacet
  facet normal 0 1 -0
    outer loop
      vertex -34.1964 50.2 -14.6023
      vertex -41.975 50.2 -6
      vertex -33.9825 50.2 -14.1436
    endloop
  endfacet
  facet normal 0 1 -0
    outer loop
      vertex -34.3942 50.2 -15.0682
      vertex -41.975 50.2 -6
      vertex -34.1964 50.2 -14.6023
    endloop
  endfacet
  facet normal 0 1 -0
    outer loop
      vertex -34.5755 50.2 -15.5407
      vertex -41.975 50.2 -6
      vertex -34.3942 50.2 -15.0682
    endloop
  endfacet
  facet normal 0 1 -0
    outer loop
      vertex -34.7403 50.2 -16.0193
      vertex -41.975 50.2 -6
      vertex -34.5755 50.2 -15.5407
    endloop
  endfacet
  facet normal 0 1 -0
    outer loop
      vertex -34.8883 50.2 -16.5033
      vertex -41.975 50.2 -6
      vertex -34.7403 50.2 -16.0193
    endloop
  endfacet
  facet normal 0 1 -0
    outer loop
      vertex -35.0193 50.2 -16.9921
      vertex -41.975 50.2 -6
      vertex -34.8883 50.2 -16.5033
    endloop
  endfacet
  facet normal 0 1 -0
    outer loop
      vertex -35.1331 50.2 -17.4853
      vertex -41.975 50.2 -6
      vertex -35.0193 50.2 -16.9921
    endloop
  endfacet
  facet normal 0 1 -0
    outer loop
      vertex -35.2297 50.2 -17.9821
      vertex -41.975 50.2 -6
      vertex -35.1331 50.2 -17.4853
    endloop
  endfacet
  facet normal 0 1 0
    outer loop
      vertex -41.975 50.2 -25.5
      vertex -35.2297 50.2 -17.9821
      vertex -35.3089 50.2 -18.482
    endloop
  endfacet
  facet normal 0 1 0
    outer loop
      vertex -41.975 50.2 -25.5
      vertex -35.3089 50.2 -18.482
      vertex -35.3706 50.2 -18.9843
    endloop
  endfacet
  facet normal 0 1 0
    outer loop
      vertex -41.975 50.2 -25.5
      vertex -35.3706 50.2 -18.9843
      vertex -35.4147 50.2 -19.4885
    endloop
  endfacet
  facet normal 0 1 0
    outer loop
      vertex -41.975 50.2 -25.5
      vertex -35.4147 50.2 -19.4885
      vertex -35.4412 50.2 -19.994
    endloop
  endfacet
  facet normal 0 1 0
    outer loop
      vertex -41.975 50.2 -25.5
      vertex -35.4412 50.2 -19.994
      vertex -35.45 50.2 -20.5
    endloop
  endfacet
  facet normal 0 1 0
    outer loop
      vertex -41.975 50.2 -25.5
      vertex -35.45 50.2 -20.5
      vertex -35.4412 50.2 -21.006
    endloop
  endfacet
  facet normal 0 1 0
    outer loop
      vertex -41.975 50.2 -25.5
      vertex -35.4412 50.2 -21.006
      vertex -35.4147 50.2 -21.5115
    endloop
  endfacet
  facet normal 0 1 0
    outer loop
      vertex -41.975 50.2 -25.5
      vertex -35.4147 50.2 -21.5115
      vertex -35.3706 50.2 -22.0157
    endloop
  endfacet
  facet normal 0 1 0
    outer loop
      vertex -41.975 50.2 -25.5
      vertex -35.3706 50.2 -22.0157
      vertex -35.3089 50.2 -22.518
    endloop
  endfacet
  facet normal 0 1 0
    outer loop
      vertex -41.975 50.2 -25.5
      vertex -35.3089 50.2 -22.518
      vertex -35.2297 50.2 -23.0179
    endloop
  endfacet
  facet normal 0 1 0
    outer loop
      vertex -41.975 50.2 -25.5
      vertex -35.2297 50.2 -23.0179
      vertex -35.1331 50.2 -23.5147
    endloop
  endfacet
  facet normal 0 1 0
    outer loop
      vertex -41.975 50.2 -25.5
      vertex -35.1331 50.2 -23.5147
      vertex -35.0193 50.2 -24.0079
    endloop
  endfacet
  facet normal 0 1 0
    outer loop
      vertex -41.975 50.2 -25.5
      vertex -35.0193 50.2 -24.0079
      vertex -34.8883 50.2 -24.4967
    endloop
  endfacet
  facet normal 0 1 0
    outer loop
      vertex -41.975 50.2 -25.5
      vertex -34.8883 50.2 -24.4967
      vertex -34.7403 50.2 -24.9807
    endloop
  endfacet
  facet normal 0 1 0
    outer loop
      vertex -41.975 50.2 -25.5
      vertex -34.7403 50.2 -24.9807
      vertex -34.5755 50.2 -25.4593
    endloop
  endfacet
  facet normal 0 1 0
    outer loop
      vertex -35.2297 50.2 -17.9821
      vertex -41.975 50.2 -25.5
      vertex -41.975 50.2 -6
    endloop
  endfacet
  facet normal 0 1 0
    outer loop
      vertex -41.975 50.2 -25.5
      vertex -34.5755 50.2 -25.4593
      vertex -34.5599 50.2 -25.5
    endloop
  endfacet
  facet normal 0 1 0
    outer loop
      vertex -55.5 50.2 0
      vertex -20.444 50.2 -6.00883
      vertex -20.95 50.2 -6
    endloop
  endfacet
  facet normal 0 1 0
    outer loop
      vertex 55.5 50.2 0
      vertex -19.9385 50.2 -6.03532
      vertex -20.444 50.2 -6.00883
    endloop
  endfacet
  facet normal 0 1 0
    outer loop
      vertex 55.5 50.2 0
      vertex -19.4343 50.2 -6.07944
      vertex -19.9385 50.2 -6.03532
    endloop
  endfacet
  facet normal 0 1 0
    outer loop
      vertex 55.5 50.2 0
      vertex -18.932 50.2 -6.14111
      vertex -19.4343 50.2 -6.07944
    endloop
  endfacet
  facet normal 0 1 0
    outer loop
      vertex 55.5 50.2 0
      vertex -18.4321 50.2 -6.22029
      vertex -18.932 50.2 -6.14111
    endloop
  endfacet
  facet normal 0 1 0
    outer loop
      vertex 55.5 50.2 0
      vertex -17.9353 50.2 -6.31686
      vertex -18.4321 50.2 -6.22029
    endloop
  endfacet
  facet normal 0 1 0
    outer loop
      vertex 41.975 50.2 -6
      vertex 31.6441 50.2 -16.0539
      vertex -17.9353 50.2 -6.31686
    endloop
  endfacet
  facet normal 0 1 0
    outer loop
      vertex 41.975 50.2 -6
      vertex 32.0343 50.2 -16.1326
      vertex 31.6441 50.2 -16.0539
    endloop
  endfacet
  facet normal 0 1 0
    outer loop
      vertex 41.975 50.2 -6
      vertex 32.4161 50.2 -16.2455
      vertex 32.0343 50.2 -16.1326
    endloop
  endfacet
  facet normal 0 1 0
    outer loop
      vertex 41.975 50.2 -6
      vertex 32.7864 50.2 -16.3918
      vertex 32.4161 50.2 -16.2455
    endloop
  endfacet
  facet normal 0 1 0
    outer loop
      vertex 41.975 50.2 -6
      vertex 33.1423 50.2 -16.5701
      vertex 32.7864 50.2 -16.3918
    endloop
  endfacet
  facet normal 0 1 0
    outer loop
      vertex 41.975 50.2 -6
      vertex 33.481 50.2 -16.7793
      vertex 33.1423 50.2 -16.5701
    endloop
  endfacet
  facet normal 0 1 0
    outer loop
      vertex 41.975 50.2 -6
      vertex 33.7999 50.2 -17.0175
      vertex 33.481 50.2 -16.7793
    endloop
  endfacet
  facet normal 0 1 -0
    outer loop
      vertex 36.45 50.2 -18.5
      vertex 33.7999 50.2 -17.0175
      vertex 41.975 50.2 -6
    endloop
  endfacet
  facet normal 0 1 0
    outer loop
      vertex 33.7999 50.2 -17.0175
      vertex 36.45 50.2 -18.5
      vertex 34.0966 50.2 -17.283
    endloop
  endfacet
  facet normal 0 1 0
    outer loop
      vertex 34.0966 50.2 -17.283
      vertex 36.45 50.2 -18.5
      vertex 34.3686 50.2 -17.5737
    endloop
  endfacet
  facet normal 0 1 0
    outer loop
      vertex 34.3686 50.2 -17.5737
      vertex 36.45 50.2 -18.5
      vertex 34.6138 50.2 -17.8873
    endloop
  endfacet
  facet normal 0 1 0
    outer loop
      vertex 34.6138 50.2 -17.8873
      vertex 36.45 50.2 -18.5
      vertex 34.8304 50.2 -18.2213
    endloop
  endfacet
  facet normal 0 1 -0
    outer loop
      vertex 41.975 50.2 -25.5
      vertex 36.45 50.2 -18.5
      vertex 41.975 50.2 -6
    endloop
  endfacet
  facet normal 0 1 0
    outer loop
      vertex 36.45 50.2 -18.5
      vertex 41.975 50.2 -25.5
      vertex 36.45 50.2 -25.5
    endloop
  endfacet
  facet normal 0 1 -0
    outer loop
      vertex -20.444 50.2 -6.00883
      vertex -55.5 50.2 0
      vertex 55.5 50.2 0
    endloop
  endfacet
  facet normal 0 1 0
    outer loop
      vertex -55.5 50.2 -1.41166
      vertex -56.0674 50.2 -1.50397
      vertex -55.6929 50.2 -1.41166
    endloop
  endfacet
  facet normal 0 1 -0
    outer loop
      vertex -21.456 50.2 -6.00883
      vertex -55.5 50.2 0
      vertex -20.95 50.2 -6
    endloop
  endfacet
  facet normal 0 1 0
    outer loop
      vertex -55.5 50.2 0
      vertex -41.975 50.2 -6
      vertex -55.5 50.2 -1.41166
    endloop
  endfacet
  facet normal -0 1 0
    outer loop
      vertex -55.5 50.2 -4.58833
      vertex -55.5 50.2 -1.41166
      vertex -41.975 50.2 -6
    endloop
  endfacet
  facet normal -0 1 0
    outer loop
      vertex -56.6976 50.2 -1.939
      vertex -55.5 50.2 -1.41166
      vertex -55.5 50.2 -4.58833
    endloop
  endfacet
  facet normal 0 1 0
    outer loop
      vertex -55.5 50.2 -1.41166
      vertex -56.4089 50.2 -1.68323
      vertex -56.0674 50.2 -1.50397
    endloop
  endfacet
  facet normal 0 1 0
    outer loop
      vertex -55.5 50.2 -1.41166
      vertex -56.6976 50.2 -1.939
      vertex -56.4089 50.2 -1.68323
    endloop
  endfacet
  facet normal 0 1 0
    outer loop
      vertex -56.6976 50.2 -1.939
      vertex -55.5 50.2 -4.58833
      vertex -56.9167 50.2 -2.25644
    endloop
  endfacet
  facet normal 0 1 0
    outer loop
      vertex -56.9167 50.2 -2.25644
      vertex -55.5 50.2 -4.58833
      vertex -57.0535 50.2 -2.61709
    endloop
  endfacet
  facet normal 0 1 0
    outer loop
      vertex -57.0535 50.2 -2.61709
      vertex -55.5 50.2 -4.58833
      vertex -57.1 50.2 -3
    endloop
  endfacet
  facet normal 0 1 0
    outer loop
      vertex -57.1 50.2 -3
      vertex -55.5 50.2 -4.58833
      vertex -57.0535 50.2 -3.38291
    endloop
  endfacet
  facet normal 0 1 0
    outer loop
      vertex -57.0535 50.2 -3.38291
      vertex -55.5 50.2 -4.58833
      vertex -56.9167 50.2 -3.74356
    endloop
  endfacet
  facet normal 0 1 0
    outer loop
      vertex -56.9167 50.2 -3.74356
      vertex -55.5 50.2 -4.58833
      vertex -56.6976 50.2 -4.061
    endloop
  endfacet
  facet normal 0 1 0
    outer loop
      vertex 41.975 50.2 -6
      vertex 55.5 50.2 0
      vertex 55.5 50.2 -6
    endloop
  endfacet
  facet normal 0 1 0
    outer loop
      vertex -17.9353 50.2 -6.31686
      vertex 55.5 50.2 0
      vertex 41.975 50.2 -6
    endloop
  endfacet
  facet normal 0 1 0
    outer loop
      vertex -56.6976 50.2 -4.061
      vertex -55.5 50.2 -4.58833
      vertex -56.4089 50.2 -4.31677
    endloop
  endfacet
  facet normal 0 1 0
    outer loop
      vertex -56.4089 50.2 -4.31677
      vertex -55.5 50.2 -4.58833
      vertex -56.0674 50.2 -4.49603
    endloop
  endfacet
  facet normal 0 1 0
    outer loop
      vertex -55.5 50.2 -4.58833
      vertex -41.975 50.2 -6
      vertex -55.5 50.2 -6
    endloop
  endfacet
  facet normal 0 1 0
    outer loop
      vertex -56.0674 50.2 -4.49603
      vertex -55.5 50.2 -4.58833
      vertex -55.6929 50.2 -4.58833
    endloop
  endfacet
  facet normal 0 1 0
    outer loop
      vertex 36.45 50.2 -18.5
      vertex 35.0166 50.2 -18.5732
      vertex 34.8304 50.2 -18.2213
    endloop
  endfacet
  facet normal -0 1 0
    outer loop
      vertex 35.0166 50.2 -18.5732
      vertex 36.45 50.2 -18.5
      vertex 35.0573 50.2 -18.6698
    endloop
  endfacet
  facet normal 0 -1 -0
    outer loop
      vertex -55.6929 -50.2 -1.41166
      vertex -56.0674 -50.2 -1.50397
      vertex -55.5 -50.2 -1.41166
    endloop
  endfacet
  facet normal 0 -1 0
    outer loop
      vertex -41.975 -50.2 -6
      vertex -55.5 -50.2 0
      vertex -55.5 -50.2 -1.41166
    endloop
  endfacet
  facet normal 0 -1 0
    outer loop
      vertex -56.4089 -50.2 -1.68323
      vertex -55.5 -50.2 -1.41166
      vertex -56.0674 -50.2 -1.50397
    endloop
  endfacet
  facet normal 0 -1 0
    outer loop
      vertex -56.6976 -50.2 -1.939
      vertex -55.5 -50.2 -1.41166
      vertex -56.4089 -50.2 -1.68323
    endloop
  endfacet
  facet normal 0 -1 -0
    outer loop
      vertex -55.5 -50.2 -1.41166
      vertex -56.6976 -50.2 -1.939
      vertex -55.5 -50.2 -4.58833
    endloop
  endfacet
  facet normal 0 -1 0
    outer loop
      vertex -55.5 -50.2 -4.58833
      vertex -56.6976 -50.2 -1.939
      vertex -56.9167 -50.2 -2.25644
    endloop
  endfacet
  facet normal 0 -1 0
    outer loop
      vertex -55.5 -50.2 -4.58833
      vertex -56.9167 -50.2 -2.25644
      vertex -57.0535 -50.2 -2.61709
    endloop
  endfacet
  facet normal 0 -1 0
    outer loop
      vertex -55.5 -50.2 -4.58833
      vertex -57.0535 -50.2 -2.61709
      vertex -57.1 -50.2 -3
    endloop
  endfacet
  facet normal 0 -1 0
    outer loop
      vertex -55.5 -50.2 -4.58833
      vertex -57.1 -50.2 -3
      vertex -57.0535 -50.2 -3.38291
    endloop
  endfacet
  facet normal 0 -1 0
    outer loop
      vertex -55.5 -50.2 -4.58833
      vertex -57.0535 -50.2 -3.38291
      vertex -56.9167 -50.2 -3.74356
    endloop
  endfacet
  facet normal 0 -1 0
    outer loop
      vertex -55.5 -50.2 -4.58833
      vertex -56.9167 -50.2 -3.74356
      vertex -56.6976 -50.2 -4.061
    endloop
  endfacet
  facet normal 0 -1 0
    outer loop
      vertex -55.5 -50.2 -4.58833
      vertex -56.6976 -50.2 -4.061
      vertex -56.4089 -50.2 -4.31677
    endloop
  endfacet
  facet normal 0 -1 0
    outer loop
      vertex -55.5 -50.2 -4.58833
      vertex -56.4089 -50.2 -4.31677
      vertex -56.0674 -50.2 -4.49603
    endloop
  endfacet
  facet normal 0 -1 0
    outer loop
      vertex -55.5 -50.2 -4.58833
      vertex -56.0674 -50.2 -4.49603
      vertex -55.6929 -50.2 -4.58833
    endloop
  endfacet
  facet normal 0 -1 0
    outer loop
      vertex -55.5 -50.2 -1.41166
      vertex -55.5 -50.2 -4.58833
      vertex -41.975 -50.2 -6
    endloop
  endfacet
  facet normal 0 -1 0
    outer loop
      vertex -41.975 -50.2 -6
      vertex -55.5 -50.2 -4.58833
      vertex -55.5 -50.2 -6
    endloop
  endfacet
  facet normal 0 -1 0
    outer loop
      vertex -23.9647 -50.2 -6.31686
      vertex -55.5 -50.2 0
      vertex -41.975 -50.2 -6
    endloop
  endfacet
  facet normal 0 -1 0
    outer loop
      vertex -55.5 -50.2 0
      vertex -20.95 -50.2 -6
      vertex -20.444 -50.2 -6.00883
    endloop
  endfacet
  facet normal 0 -1 0
    outer loop
      vertex -55.5 -50.2 0
      vertex -20.444 -50.2 -6.00883
      vertex -19.9385 -50.2 -6.03532
    endloop
  endfacet
  facet normal 0 -1 -0
    outer loop
      vertex 55.5 -50.2 0
      vertex 41.975 -50.2 -6
      vertex 55.5 -50.2 -6
    endloop
  endfacet
  facet normal 0 -1 0
    outer loop
      vertex 35.0166 -50.2 -18.5732
      vertex 36.45 -50.2 -18.5
      vertex 34.8304 -50.2 -18.2213
    endloop
  endfacet
  facet normal 0 -1 0
    outer loop
      vertex 36.45 -50.2 -18.5
      vertex 35.0166 -50.2 -18.5732
      vertex 35.0573 -50.2 -18.6698
    endloop
  endfacet
  facet normal 0 -1 0
    outer loop
      vertex -55.5 -50.2 0
      vertex -19.9385 -50.2 -6.03532
      vertex 55.5 -50.2 0
    endloop
  endfacet
  facet normal 0 -1 0
    outer loop
      vertex -19.4343 -50.2 -6.07944
      vertex 55.5 -50.2 0
      vertex -19.9385 -50.2 -6.03532
    endloop
  endfacet
  facet normal 0 -1 0
    outer loop
      vertex -18.932 -50.2 -6.14111
      vertex 55.5 -50.2 0
      vertex -19.4343 -50.2 -6.07944
    endloop
  endfacet
  facet normal 0 -1 0
    outer loop
      vertex -18.4321 -50.2 -6.22029
      vertex 55.5 -50.2 0
      vertex -18.932 -50.2 -6.14111
    endloop
  endfacet
  facet normal 0 -1 0
    outer loop
      vertex -17.9353 -50.2 -6.31686
      vertex 55.5 -50.2 0
      vertex -18.4321 -50.2 -6.22029
    endloop
  endfacet
  facet normal 0 -1 0
    outer loop
      vertex 55.5 -50.2 0
      vertex -17.9353 -50.2 -6.31686
      vertex 41.975 -50.2 -6
    endloop
  endfacet
  facet normal 0 -1 0
    outer loop
      vertex 31.6441 -50.2 -16.0539
      vertex 41.975 -50.2 -6
      vertex -17.9353 -50.2 -6.31686
    endloop
  endfacet
  facet normal 0 -1 0
    outer loop
      vertex 32.0343 -50.2 -16.1326
      vertex 41.975 -50.2 -6
      vertex 31.6441 -50.2 -16.0539
    endloop
  endfacet
  facet normal 0 -1 0
    outer loop
      vertex 32.4161 -50.2 -16.2455
      vertex 41.975 -50.2 -6
      vertex 32.0343 -50.2 -16.1326
    endloop
  endfacet
  facet normal 0 -1 0
    outer loop
      vertex 32.7864 -50.2 -16.3918
      vertex 41.975 -50.2 -6
      vertex 32.4161 -50.2 -16.2455
    endloop
  endfacet
  facet normal 0 -1 0
    outer loop
      vertex 33.1423 -50.2 -16.5701
      vertex 41.975 -50.2 -6
      vertex 32.7864 -50.2 -16.3918
    endloop
  endfacet
  facet normal 0 -1 0
    outer loop
      vertex 33.481 -50.2 -16.7793
      vertex 41.975 -50.2 -6
      vertex 33.1423 -50.2 -16.5701
    endloop
  endfacet
  facet normal 0 -1 0
    outer loop
      vertex 33.7999 -50.2 -17.0175
      vertex 41.975 -50.2 -6
      vertex 33.481 -50.2 -16.7793
    endloop
  endfacet
  facet normal 0 -1 0
    outer loop
      vertex 36.45 -50.2 -18.5
      vertex 33.7999 -50.2 -17.0175
      vertex 34.0966 -50.2 -17.283
    endloop
  endfacet
  facet normal 0 -1 0
    outer loop
      vertex 36.45 -50.2 -18.5
      vertex 34.0966 -50.2 -17.283
      vertex 34.3686 -50.2 -17.5737
    endloop
  endfacet
  facet normal 0 -1 0
    outer loop
      vertex 36.45 -50.2 -18.5
      vertex 34.3686 -50.2 -17.5737
      vertex 34.6138 -50.2 -17.8873
    endloop
  endfacet
  facet normal 0 -1 0
    outer loop
      vertex 36.45 -50.2 -18.5
      vertex 34.6138 -50.2 -17.8873
      vertex 34.8304 -50.2 -18.2213
    endloop
  endfacet
  facet normal 0 -1 0
    outer loop
      vertex 33.7999 -50.2 -17.0175
      vertex 36.45 -50.2 -18.5
      vertex 41.975 -50.2 -6
    endloop
  endfacet
  facet normal 0 -1 0
    outer loop
      vertex 41.975 -50.2 -25.5
      vertex 36.45 -50.2 -18.5
      vertex 36.45 -50.2 -25.5
    endloop
  endfacet
  facet normal 0 -1 0
    outer loop
      vertex 36.45 -50.2 -18.5
      vertex 41.975 -50.2 -25.5
      vertex 41.975 -50.2 -6
    endloop
  endfacet
  facet normal 0 -1 0
    outer loop
      vertex -55.5 -50.2 0
      vertex -21.456 -50.2 -6.00883
      vertex -20.95 -50.2 -6
    endloop
  endfacet
  facet normal 0 -1 0
    outer loop
      vertex -55.5 -50.2 0
      vertex -21.9615 -50.2 -6.03532
      vertex -21.456 -50.2 -6.00883
    endloop
  endfacet
  facet normal 0 -1 0
    outer loop
      vertex -55.5 -50.2 0
      vertex -22.4657 -50.2 -6.07944
      vertex -21.9615 -50.2 -6.03532
    endloop
  endfacet
  facet normal 0 -1 0
    outer loop
      vertex -55.5 -50.2 0
      vertex -22.968 -50.2 -6.14111
      vertex -22.4657 -50.2 -6.07944
    endloop
  endfacet
  facet normal 0 -1 0
    outer loop
      vertex -55.5 -50.2 0
      vertex -23.4679 -50.2 -6.22029
      vertex -22.968 -50.2 -6.14111
    endloop
  endfacet
  facet normal 0 -1 0
    outer loop
      vertex -55.5 -50.2 0
      vertex -23.9647 -50.2 -6.31686
      vertex -23.4679 -50.2 -6.22029
    endloop
  endfacet
  facet normal 0 -1 0
    outer loop
      vertex -41.975 -50.2 -6
      vertex -24.4579 -50.2 -6.43073
      vertex -23.9647 -50.2 -6.31686
    endloop
  endfacet
  facet normal 0 -1 0
    outer loop
      vertex -41.975 -50.2 -6
      vertex -24.9467 -50.2 -6.56171
      vertex -24.4579 -50.2 -6.43073
    endloop
  endfacet
  facet normal 0 -1 0
    outer loop
      vertex -41.975 -50.2 -6
      vertex -25.4307 -50.2 -6.70969
      vertex -24.9467 -50.2 -6.56171
    endloop
  endfacet
  facet normal 0 -1 0
    outer loop
      vertex -41.975 -50.2 -6
      vertex -25.9093 -50.2 -6.87447
      vertex -25.4307 -50.2 -6.70969
    endloop
  endfacet
  facet normal 0 -1 0
    outer loop
      vertex -41.975 -50.2 -6
      vertex -26.3818 -50.2 -7.05585
      vertex -25.9093 -50.2 -6.87447
    endloop
  endfacet
  facet normal 0 -1 0
    outer loop
      vertex -41.975 -50.2 -6
      vertex -26.8477 -50.2 -7.2536
      vertex -26.3818 -50.2 -7.05585
    endloop
  endfacet
  facet normal 0 -1 0
    outer loop
      vertex -41.975 -50.2 -6
      vertex -27.3064 -50.2 -7.4675
      vertex -26.8477 -50.2 -7.2536
    endloop
  endfacet
  facet normal 0 -1 0
    outer loop
      vertex -41.975 -50.2 -6
      vertex -27.7573 -50.2 -7.69727
      vertex -27.3064 -50.2 -7.4675
    endloop
  endfacet
  facet normal 0 -1 0
    outer loop
      vertex -41.975 -50.2 -6
      vertex -28.2 -50.2 -7.94264
      vertex -27.7573 -50.2 -7.69727
    endloop
  endfacet
  facet normal 0 -1 0
    outer loop
      vertex -41.975 -50.2 -6
      vertex -28.6338 -50.2 -8.20331
      vertex -28.2 -50.2 -7.94264
    endloop
  endfacet
  facet normal 0 -1 0
    outer loop
      vertex -41.975 -50.2 -6
      vertex -29.0583 -50.2 -8.47896
      vertex -28.6338 -50.2 -8.20331
    endloop
  endfacet
  facet normal 0 -1 0
    outer loop
      vertex -41.975 -50.2 -6
      vertex -29.4729 -50.2 -8.76926
      vertex -29.0583 -50.2 -8.47896
    endloop
  endfacet
  facet normal 0 -1 0
    outer loop
      vertex -41.975 -50.2 -6
      vertex -29.8771 -50.2 -9.07385
      vertex -29.4729 -50.2 -8.76926
    endloop
  endfacet
  facet normal 0 -1 0
    outer loop
      vertex -41.975 -50.2 -6
      vertex -30.2704 -50.2 -9.39236
      vertex -29.8771 -50.2 -9.07385
    endloop
  endfacet
  facet normal 0 -1 0
    outer loop
      vertex -41.975 -50.2 -6
      vertex -30.6524 -50.2 -9.72441
      vertex -30.2704 -50.2 -9.39236
    endloop
  endfacet
  facet normal 0 -1 0
    outer loop
      vertex -41.975 -50.2 -6
      vertex -31.0225 -50.2 -10.0696
      vertex -30.6524 -50.2 -9.72441
    endloop
  endfacet
  facet normal 0 -1 0
    outer loop
      vertex -41.975 -50.2 -6
      vertex -31.3804 -50.2 -10.4275
      vertex -31.0225 -50.2 -10.0696
    endloop
  endfacet
  facet normal 0 -1 0
    outer loop
      vertex -41.975 -50.2 -6
      vertex -31.7256 -50.2 -10.7976
      vertex -31.3804 -50.2 -10.4275
    endloop
  endfacet
  facet normal 0 -1 0
    outer loop
      vertex -41.975 -50.2 -6
      vertex -32.0576 -50.2 -11.1796
      vertex -31.7256 -50.2 -10.7976
    endloop
  endfacet
  facet normal 0 -1 0
    outer loop
      vertex -41.975 -50.2 -6
      vertex -32.3761 -50.2 -11.5729
      vertex -32.0576 -50.2 -11.1796
    endloop
  endfacet
  facet normal 0 -1 0
    outer loop
      vertex -41.975 -50.2 -6
      vertex -32.6807 -50.2 -11.9771
      vertex -32.3761 -50.2 -11.5729
    endloop
  endfacet
  facet normal 0 -1 0
    outer loop
      vertex -41.975 -50.2 -6
      vertex -32.971 -50.2 -12.3917
      vertex -32.6807 -50.2 -11.9771
    endloop
  endfacet
  facet normal 0 -1 0
    outer loop
      vertex -41.975 -50.2 -6
      vertex -33.2467 -50.2 -12.8162
      vertex -32.971 -50.2 -12.3917
    endloop
  endfacet
  facet normal 0 -1 0
    outer loop
      vertex -41.975 -50.2 -6
      vertex -33.5074 -50.2 -13.25
      vertex -33.2467 -50.2 -12.8162
    endloop
  endfacet
  facet normal 0 -1 0
    outer loop
      vertex -41.975 -50.2 -6
      vertex -33.7527 -50.2 -13.6927
      vertex -33.5074 -50.2 -13.25
    endloop
  endfacet
  facet normal 0 -1 0
    outer loop
      vertex -41.975 -50.2 -6
      vertex -33.9825 -50.2 -14.1436
      vertex -33.7527 -50.2 -13.6927
    endloop
  endfacet
  facet normal 0 -1 0
    outer loop
      vertex -41.975 -50.2 -6
      vertex -34.1964 -50.2 -14.6023
      vertex -33.9825 -50.2 -14.1436
    endloop
  endfacet
  facet normal 0 -1 0
    outer loop
      vertex -41.975 -50.2 -6
      vertex -34.3942 -50.2 -15.0682
      vertex -34.1964 -50.2 -14.6023
    endloop
  endfacet
  facet normal 0 -1 0
    outer loop
      vertex -41.975 -50.2 -6
      vertex -34.5755 -50.2 -15.5407
      vertex -34.3942 -50.2 -15.0682
    endloop
  endfacet
  facet normal 0 -1 0
    outer loop
      vertex -41.975 -50.2 -6
      vertex -34.7403 -50.2 -16.0193
      vertex -34.5755 -50.2 -15.5407
    endloop
  endfacet
  facet normal 0 -1 0
    outer loop
      vertex -41.975 -50.2 -6
      vertex -34.8883 -50.2 -16.5033
      vertex -34.7403 -50.2 -16.0193
    endloop
  endfacet
  facet normal 0 -1 0
    outer loop
      vertex -41.975 -50.2 -6
      vertex -35.0193 -50.2 -16.9921
      vertex -34.8883 -50.2 -16.5033
    endloop
  endfacet
  facet normal 0 -1 0
    outer loop
      vertex -41.975 -50.2 -6
      vertex -35.1331 -50.2 -17.4853
      vertex -35.0193 -50.2 -16.9921
    endloop
  endfacet
  facet normal 0 -1 0
    outer loop
      vertex -41.975 -50.2 -6
      vertex -35.2297 -50.2 -17.9821
      vertex -35.1331 -50.2 -17.4853
    endloop
  endfacet
  facet normal 0 -1 0
    outer loop
      vertex -41.975 -50.2 -25.5
      vertex -35.2297 -50.2 -17.9821
      vertex -41.975 -50.2 -6
    endloop
  endfacet
  facet normal 0 -1 0
    outer loop
      vertex -35.2297 -50.2 -17.9821
      vertex -41.975 -50.2 -25.5
      vertex -35.3089 -50.2 -18.482
    endloop
  endfacet
  facet normal 0 -1 0
    outer loop
      vertex -35.3089 -50.2 -18.482
      vertex -41.975 -50.2 -25.5
      vertex -35.3706 -50.2 -18.9843
    endloop
  endfacet
  facet normal 0 -1 0
    outer loop
      vertex -35.3706 -50.2 -18.9843
      vertex -41.975 -50.2 -25.5
      vertex -35.4147 -50.2 -19.4885
    endloop
  endfacet
  facet normal 0 -1 0
    outer loop
      vertex -35.4147 -50.2 -19.4885
      vertex -41.975 -50.2 -25.5
      vertex -35.4412 -50.2 -19.994
    endloop
  endfacet
  facet normal 0 -1 0
    outer loop
      vertex -35.4412 -50.2 -19.994
      vertex -41.975 -50.2 -25.5
      vertex -35.45 -50.2 -20.5
    endloop
  endfacet
  facet normal 0 -1 -0
    outer loop
      vertex -35.45 -50.2 -20.5
      vertex -41.975 -50.2 -25.5
      vertex -35.4412 -50.2 -21.006
    endloop
  endfacet
  facet normal 0 -1 -0
    outer loop
      vertex -35.4412 -50.2 -21.006
      vertex -41.975 -50.2 -25.5
      vertex -35.4147 -50.2 -21.5115
    endloop
  endfacet
  facet normal 0 -1 -0
    outer loop
      vertex -35.4147 -50.2 -21.5115
      vertex -41.975 -50.2 -25.5
      vertex -35.3706 -50.2 -22.0157
    endloop
  endfacet
  facet normal 0 -1 -0
    outer loop
      vertex -35.3706 -50.2 -22.0157
      vertex -41.975 -50.2 -25.5
      vertex -35.3089 -50.2 -22.518
    endloop
  endfacet
  facet normal 0 -1 -0
    outer loop
      vertex -35.3089 -50.2 -22.518
      vertex -41.975 -50.2 -25.5
      vertex -35.2297 -50.2 -23.0179
    endloop
  endfacet
  facet normal 0 -1 -0
    outer loop
      vertex -35.2297 -50.2 -23.0179
      vertex -41.975 -50.2 -25.5
      vertex -35.1331 -50.2 -23.5147
    endloop
  endfacet
  facet normal 0 -1 -0
    outer loop
      vertex -35.1331 -50.2 -23.5147
      vertex -41.975 -50.2 -25.5
      vertex -35.0193 -50.2 -24.0079
    endloop
  endfacet
  facet normal 0 -1 -0
    outer loop
      vertex -35.0193 -50.2 -24.0079
      vertex -41.975 -50.2 -25.5
      vertex -34.8883 -50.2 -24.4967
    endloop
  endfacet
  facet normal 0 -1 -0
    outer loop
      vertex -34.8883 -50.2 -24.4967
      vertex -41.975 -50.2 -25.5
      vertex -34.7403 -50.2 -24.9807
    endloop
  endfacet
  facet normal 0 -1 -0
    outer loop
      vertex -34.7403 -50.2 -24.9807
      vertex -41.975 -50.2 -25.5
      vertex -34.5755 -50.2 -25.4593
    endloop
  endfacet
  facet normal 0 -1 -0
    outer loop
      vertex -34.5755 -50.2 -25.4593
      vertex -41.975 -50.2 -25.5
      vertex -34.5599 -50.2 -25.5
    endloop
  endfacet
  facet normal 1 -0 0
    outer loop
      vertex 41.975 3.65126 -6
      vertex 41.975 50.2 -25.5
      vertex 41.975 50.2 -6
    endloop
  endfacet
  facet normal 1 0 0
    outer loop
      vertex 41.975 50.2 -25.5
      vertex 41.975 3.65126 -6
      vertex 41.975 3.65126 -25.5
    endloop
  endfacet
  facet normal 1 -0 0
    outer loop
      vertex 41.975 -50.2 -6
      vertex 41.975 -3.65126 -25.5
      vertex 41.975 -3.65126 -6
    endloop
  endfacet
  facet normal 1 0 0
    outer loop
      vertex 41.975 -3.65126 -25.5
      vertex 41.975 -50.2 -6
      vertex 41.975 -50.2 -25.5
    endloop
  endfacet
  facet normal 0 0 -1
    outer loop
      vertex 36.45 -50.2 -25.5
      vertex 41.975 -3.65126 -25.5
      vertex 41.975 -50.2 -25.5
    endloop
  endfacet
  facet normal -0 0 -1
    outer loop
      vertex 41.975 -3.65126 -25.5
      vertex 36.45 -50.2 -25.5
      vertex 41.9692 -3.64523 -25.5
    endloop
  endfacet
  facet normal -0 0 -1
    outer loop
      vertex 41.9692 -3.64523 -25.5
      vertex 36.45 -50.2 -25.5
      vertex 41.714 -3.33854 -25.5
    endloop
  endfacet
  facet normal -0 0 -1
    outer loop
      vertex 41.714 -3.33854 -25.5
      vertex 36.45 -50.2 -25.5
      vertex 41.4818 -3.01403 -25.5
    endloop
  endfacet
  facet normal -0 0 -1
    outer loop
      vertex 41.4818 -3.01403 -25.5
      vertex 36.45 -50.2 -25.5
      vertex 41.2739 -2.67344 -25.5
    endloop
  endfacet
  facet normal -0 0 -1
    outer loop
      vertex 41.2739 -2.67344 -25.5
      vertex 36.45 -50.2 -25.5
      vertex 41.0915 -2.31859 -25.5
    endloop
  endfacet
  facet normal -0 0 -1
    outer loop
      vertex 41.0915 -2.31859 -25.5
      vertex 36.45 -50.2 -25.5
      vertex 40.9354 -1.95137 -25.5
    endloop
  endfacet
  facet normal -0 0 -1
    outer loop
      vertex 40.9354 -1.95137 -25.5
      vertex 36.45 -50.2 -25.5
      vertex 40.8066 -1.57374 -25.5
    endloop
  endfacet
  facet normal -0 0 -1
    outer loop
      vertex 40.8066 -1.57374 -25.5
      vertex 36.45 -50.2 -25.5
      vertex 40.7057 -1.18771 -25.5
    endloop
  endfacet
  facet normal -0 0 -1
    outer loop
      vertex 40.7057 -1.18771 -25.5
      vertex 36.45 -50.2 -25.5
      vertex 40.6332 -0.795346 -25.5
    endloop
  endfacet
  facet normal -0 0 -1
    outer loop
      vertex 40.6332 -0.795346 -25.5
      vertex 36.45 -50.2 -25.5
      vertex 40.5896 -0.398736 -25.5
    endloop
  endfacet
  facet normal -0 0 -1
    outer loop
      vertex 40.5896 -0.398736 -25.5
      vertex 36.45 -50.2 -25.5
      vertex 40.575 0 -25.5
    endloop
  endfacet
  facet normal 0 0 -1
    outer loop
      vertex 36.45 50.2 -25.5
      vertex 41.975 3.65126 -25.5
      vertex 41.9692 3.64523 -25.5
    endloop
  endfacet
  facet normal 0 0 -1
    outer loop
      vertex 36.45 50.2 -25.5
      vertex 41.9692 3.64523 -25.5
      vertex 41.714 3.33854 -25.5
    endloop
  endfacet
  facet normal 0 0 -1
    outer loop
      vertex 36.45 50.2 -25.5
      vertex 41.714 3.33854 -25.5
      vertex 41.4818 3.01403 -25.5
    endloop
  endfacet
  facet normal 0 0 -1
    outer loop
      vertex 36.45 50.2 -25.5
      vertex 41.4818 3.01403 -25.5
      vertex 41.2739 2.67344 -25.5
    endloop
  endfacet
  facet normal 0 0 -1
    outer loop
      vertex 36.45 50.2 -25.5
      vertex 41.2739 2.67344 -25.5
      vertex 41.0915 2.31859 -25.5
    endloop
  endfacet
  facet normal 0 0 -1
    outer loop
      vertex 36.45 50.2 -25.5
      vertex 41.0915 2.31859 -25.5
      vertex 40.9354 1.95137 -25.5
    endloop
  endfacet
  facet normal 0 0 -1
    outer loop
      vertex 36.45 50.2 -25.5
      vertex 40.9354 1.95137 -25.5
      vertex 40.8066 1.57374 -25.5
    endloop
  endfacet
  facet normal 0 0 -1
    outer loop
      vertex 36.45 50.2 -25.5
      vertex 40.8066 1.57374 -25.5
      vertex 40.7057 1.18771 -25.5
    endloop
  endfacet
  facet normal 0 0 -1
    outer loop
      vertex 36.45 50.2 -25.5
      vertex 40.7057 1.18771 -25.5
      vertex 40.6332 0.795346 -25.5
    endloop
  endfacet
  facet normal 0 0 -1
    outer loop
      vertex 36.45 50.2 -25.5
      vertex 40.6332 0.795346 -25.5
      vertex 40.5896 0.398736 -25.5
    endloop
  endfacet
  facet normal 0 0 -1
    outer loop
      vertex 36.45 50.2 -25.5
      vertex 40.5896 0.398736 -25.5
      vertex 40.575 0 -25.5
    endloop
  endfacet
  facet normal 0 0 -1
    outer loop
      vertex 36.45 50.2 -25.5
      vertex 40.575 0 -25.5
      vertex 36.45 -50.2 -25.5
    endloop
  endfacet
  facet normal 0 0 -1
    outer loop
      vertex 41.975 3.65126 -25.5
      vertex 36.45 50.2 -25.5
      vertex 41.975 50.2 -25.5
    endloop
  endfacet
  facet normal 0 0 -1
    outer loop
      vertex -34.5599 -50.2 -25.5
      vertex -40.575 0 -25.5
      vertex -34.5599 50.2 -25.5
    endloop
  endfacet
  facet normal 0 0 -1
    outer loop
      vertex -34.5599 -50.2 -25.5
      vertex -40.5896 -0.398736 -25.5
      vertex -40.575 0 -25.5
    endloop
  endfacet
  facet normal 0 0 -1
    outer loop
      vertex -34.5599 -50.2 -25.5
      vertex -40.6332 -0.795346 -25.5
      vertex -40.5896 -0.398736 -25.5
    endloop
  endfacet
  facet normal 0 0 -1
    outer loop
      vertex -34.5599 -50.2 -25.5
      vertex -40.7057 -1.18771 -25.5
      vertex -40.6332 -0.795346 -25.5
    endloop
  endfacet
  facet normal 0 0 -1
    outer loop
      vertex -34.5599 -50.2 -25.5
      vertex -40.8066 -1.57374 -25.5
      vertex -40.7057 -1.18771 -25.5
    endloop
  endfacet
  facet normal 0 0 -1
    outer loop
      vertex -34.5599 -50.2 -25.5
      vertex -40.9354 -1.95137 -25.5
      vertex -40.8066 -1.57374 -25.5
    endloop
  endfacet
  facet normal 0 0 -1
    outer loop
      vertex -34.5599 -50.2 -25.5
      vertex -41.0915 -2.31859 -25.5
      vertex -40.9354 -1.95137 -25.5
    endloop
  endfacet
  facet normal 0 0 -1
    outer loop
      vertex -34.5599 -50.2 -25.5
      vertex -41.2739 -2.67344 -25.5
      vertex -41.0915 -2.31859 -25.5
    endloop
  endfacet
  facet normal 0 0 -1
    outer loop
      vertex -34.5599 -50.2 -25.5
      vertex -41.4818 -3.01403 -25.5
      vertex -41.2739 -2.67344 -25.5
    endloop
  endfacet
  facet normal 0 0 -1
    outer loop
      vertex -34.5599 -50.2 -25.5
      vertex -41.714 -3.33854 -25.5
      vertex -41.4818 -3.01403 -25.5
    endloop
  endfacet
  facet normal 0 0 -1
    outer loop
      vertex -34.5599 -50.2 -25.5
      vertex -41.9692 -3.64523 -25.5
      vertex -41.714 -3.33854 -25.5
    endloop
  endfacet
  facet normal 0 0 -1
    outer loop
      vertex -41.975 -3.65126 -25.5
      vertex -34.5599 -50.2 -25.5
      vertex -41.975 -50.2 -25.5
    endloop
  endfacet
  facet normal 0 0 -1
    outer loop
      vertex -34.5599 -50.2 -25.5
      vertex -41.975 -3.65126 -25.5
      vertex -41.9692 -3.64523 -25.5
    endloop
  endfacet
  facet normal 0 0 -1
    outer loop
      vertex -40.5896 0.398736 -25.5
      vertex -34.5599 50.2 -25.5
      vertex -40.575 0 -25.5
    endloop
  endfacet
  facet normal 0 0 -1
    outer loop
      vertex -40.6332 0.795346 -25.5
      vertex -34.5599 50.2 -25.5
      vertex -40.5896 0.398736 -25.5
    endloop
  endfacet
  facet normal 0 0 -1
    outer loop
      vertex -40.7057 1.18771 -25.5
      vertex -34.5599 50.2 -25.5
      vertex -40.6332 0.795346 -25.5
    endloop
  endfacet
  facet normal 0 0 -1
    outer loop
      vertex -40.8066 1.57374 -25.5
      vertex -34.5599 50.2 -25.5
      vertex -40.7057 1.18771 -25.5
    endloop
  endfacet
  facet normal 0 0 -1
    outer loop
      vertex -40.9354 1.95137 -25.5
      vertex -34.5599 50.2 -25.5
      vertex -40.8066 1.57374 -25.5
    endloop
  endfacet
  facet normal 0 0 -1
    outer loop
      vertex -41.0915 2.31859 -25.5
      vertex -34.5599 50.2 -25.5
      vertex -40.9354 1.95137 -25.5
    endloop
  endfacet
  facet normal 0 0 -1
    outer loop
      vertex -41.2739 2.67344 -25.5
      vertex -34.5599 50.2 -25.5
      vertex -41.0915 2.31859 -25.5
    endloop
  endfacet
  facet normal 0 0 -1
    outer loop
      vertex -41.4818 3.01403 -25.5
      vertex -34.5599 50.2 -25.5
      vertex -41.2739 2.67344 -25.5
    endloop
  endfacet
  facet normal 0 0 -1
    outer loop
      vertex -41.714 3.33854 -25.5
      vertex -34.5599 50.2 -25.5
      vertex -41.4818 3.01403 -25.5
    endloop
  endfacet
  facet normal 0 0 -1
    outer loop
      vertex -41.9692 3.64523 -25.5
      vertex -34.5599 50.2 -25.5
      vertex -41.714 3.33854 -25.5
    endloop
  endfacet
  facet normal 0 0 -1
    outer loop
      vertex -41.975 3.65126 -25.5
      vertex -34.5599 50.2 -25.5
      vertex -41.9692 3.64523 -25.5
    endloop
  endfacet
  facet normal -0 0 -1
    outer loop
      vertex -34.5599 50.2 -25.5
      vertex -41.975 3.65126 -25.5
      vertex -41.975 50.2 -25.5
    endloop
  endfacet
  facet normal -1 0 0
    outer loop
      vertex -41.975 -50.2 -25.5
      vertex -41.975 -3.65126 -6
      vertex -41.975 -3.65126 -25.5
    endloop
  endfacet
  facet normal -1 -0 0
    outer loop
      vertex -41.975 -3.65126 -6
      vertex -41.975 -50.2 -25.5
      vertex -41.975 -50.2 -6
    endloop
  endfacet
  facet normal -1 0 0
    outer loop
      vertex -41.975 3.65126 -25.5
      vertex -41.975 50.2 -6
      vertex -41.975 50.2 -25.5
    endloop
  endfacet
  facet normal -1 -0 0
    outer loop
      vertex -41.975 50.2 -6
      vertex -41.975 3.65126 -25.5
      vertex -41.975 3.65126 -6
    endloop
  endfacet
  facet normal -0.823 0 0.568042
    outer loop
      vertex -56.9167 -50.2 -2.25644
      vertex -56.6976 50.2 -1.939
      vertex -56.9167 50.2 -2.25644
    endloop
  endfacet
  facet normal -0.823 0 0.568042
    outer loop
      vertex -56.6976 50.2 -1.939
      vertex -56.9167 -50.2 -2.25644
      vertex -56.6976 -50.2 -1.939
    endloop
  endfacet
  facet normal -0.992707 0 0.120553
    outer loop
      vertex -57.1 -50.2 -3
      vertex -57.0535 50.2 -2.61709
      vertex -57.1 50.2 -3
    endloop
  endfacet
  facet normal -0.992707 0 0.120553
    outer loop
      vertex -57.0535 50.2 -2.61709
      vertex -57.1 -50.2 -3
      vertex -57.0535 -50.2 -2.61709
    endloop
  endfacet
  facet normal -0.992707 0 -0.120553
    outer loop
      vertex -57.0535 -50.2 -3.38291
      vertex -57.1 50.2 -3
      vertex -57.0535 50.2 -3.38291
    endloop
  endfacet
  facet normal -0.992707 -0 -0.120553
    outer loop
      vertex -57.1 50.2 -3
      vertex -57.0535 -50.2 -3.38291
      vertex -57.1 -50.2 -3
    endloop
  endfacet
  facet normal -0.934996 0 0.354658
    outer loop
      vertex -57.0535 -50.2 -2.61709
      vertex -56.9167 50.2 -2.25644
      vertex -57.0535 50.2 -2.61709
    endloop
  endfacet
  facet normal -0.934996 0 0.354658
    outer loop
      vertex -56.9167 50.2 -2.25644
      vertex -57.0535 -50.2 -2.61709
      vertex -56.9167 -50.2 -2.25644
    endloop
  endfacet
  facet normal -0.239301 0 -0.970945
    outer loop
      vertex -56.0674 -50.2 -4.49603
      vertex -55.6929 50.2 -4.58833
      vertex -55.6929 -50.2 -4.58833
    endloop
  endfacet
  facet normal -0.239301 0 -0.970945
    outer loop
      vertex -55.6929 50.2 -4.58833
      vertex -56.0674 -50.2 -4.49603
      vertex -56.0674 50.2 -4.49603
    endloop
  endfacet
  facet normal -0.464778 0 0.885427
    outer loop
      vertex -56.4089 50.2 -1.68323
      vertex -56.0674 -50.2 -1.50397
      vertex -56.0674 50.2 -1.50397
    endloop
  endfacet
  facet normal -0.464778 0 0.885427
    outer loop
      vertex -56.0674 -50.2 -1.50397
      vertex -56.4089 50.2 -1.68323
      vertex -56.4089 -50.2 -1.68323
    endloop
  endfacet
  facet normal -0.663129 0 -0.748505
    outer loop
      vertex -56.6976 -50.2 -4.061
      vertex -56.4089 50.2 -4.31677
      vertex -56.4089 -50.2 -4.31677
    endloop
  endfacet
  facet normal -0.663129 0 -0.748505
    outer loop
      vertex -56.4089 50.2 -4.31677
      vertex -56.6976 -50.2 -4.061
      vertex -56.6976 50.2 -4.061
    endloop
  endfacet
  facet normal -0.239326 0 0.970939
    outer loop
      vertex -56.0674 50.2 -1.50397
      vertex -55.6929 -50.2 -1.41166
      vertex -55.6929 50.2 -1.41166
    endloop
  endfacet
  facet normal -0.239326 0 0.970939
    outer loop
      vertex -55.6929 -50.2 -1.41166
      vertex -56.0674 50.2 -1.50397
      vertex -56.0674 -50.2 -1.50397
    endloop
  endfacet
  facet normal -0 0 1
    outer loop
      vertex -55.6929 50.2 -1.41166
      vertex -55.5 -50.2 -1.41166
      vertex -55.5 50.2 -1.41166
    endloop
  endfacet
  facet normal 0 0 1
    outer loop
      vertex -55.5 -50.2 -1.41166
      vertex -55.6929 50.2 -1.41166
      vertex -55.6929 -50.2 -1.41166
    endloop
  endfacet
  facet normal -0.663129 0 0.748505
    outer loop
      vertex -56.6976 50.2 -1.939
      vertex -56.4089 -50.2 -1.68323
      vertex -56.4089 50.2 -1.68323
    endloop
  endfacet
  facet normal -0.663129 0 0.748505
    outer loop
      vertex -56.4089 -50.2 -1.68323
      vertex -56.6976 50.2 -1.939
      vertex -56.6976 -50.2 -1.939
    endloop
  endfacet
  facet normal -0.823 0 -0.568042
    outer loop
      vertex -56.6976 -50.2 -4.061
      vertex -56.9167 50.2 -3.74356
      vertex -56.6976 50.2 -4.061
    endloop
  endfacet
  facet normal -0.823 -0 -0.568042
    outer loop
      vertex -56.9167 50.2 -3.74356
      vertex -56.6976 -50.2 -4.061
      vertex -56.9167 -50.2 -3.74356
    endloop
  endfacet
  facet normal -0.464778 0 -0.885427
    outer loop
      vertex -56.4089 -50.2 -4.31677
      vertex -56.0674 50.2 -4.49603
      vertex -56.0674 -50.2 -4.49603
    endloop
  endfacet
  facet normal -0.464778 0 -0.885427
    outer loop
      vertex -56.0674 50.2 -4.49603
      vertex -56.4089 -50.2 -4.31677
      vertex -56.4089 50.2 -4.31677
    endloop
  endfacet
  facet normal 0 0 -1
    outer loop
      vertex -55.6929 -50.2 -4.58833
      vertex -55.5 50.2 -4.58833
      vertex -55.5 -50.2 -4.58833
    endloop
  endfacet
  facet normal -0 0 -1
    outer loop
      vertex -55.5 50.2 -4.58833
      vertex -55.6929 -50.2 -4.58833
      vertex -55.6929 50.2 -4.58833
    endloop
  endfacet
  facet normal -0.934996 0 -0.354658
    outer loop
      vertex -56.9167 -50.2 -3.74356
      vertex -57.0535 50.2 -3.38291
      vertex -56.9167 50.2 -3.74356
    endloop
  endfacet
  facet normal -0.934996 -0 -0.354658
    outer loop
      vertex -57.0535 50.2 -3.38291
      vertex -56.9167 -50.2 -3.74356
      vertex -57.0535 -50.2 -3.38291
    endloop
  endfacet
  facet normal -0.994012 -0.109273 0
    outer loop
      vertex 51.4854 0.398736 -6
      vertex 51.4418 0.795346 0
      vertex 51.4418 0.795346 -6
    endloop
  endfacet
  facet normal -0.994012 -0.109273 0
    outer loop
      vertex 51.4418 0.795346 0
      vertex 51.4854 0.398736 -6
      vertex 51.4854 0.398736 0
    endloop
  endfacet
  facet normal -0.99933 -0.0365912 0
    outer loop
      vertex 51.5 0 -6
      vertex 51.4854 0.398736 0
      vertex 51.4854 0.398736 -6
    endloop
  endfacet
  facet normal -0.99933 -0.0365912 0
    outer loop
      vertex 51.4854 0.398736 0
      vertex 51.5 0 -6
      vertex 51.5 0 0
    endloop
  endfacet
  facet normal -0.983354 -0.181702 0
    outer loop
      vertex 51.4418 0.795346 -6
      vertex 51.3693 1.18771 0
      vertex 51.3693 1.18771 -6
    endloop
  endfacet
  facet normal -0.983354 -0.181702 0
    outer loop
      vertex 51.3693 1.18771 0
      vertex 51.4418 0.795346 -6
      vertex 51.4418 0.795346 0
    endloop
  endfacet
  facet normal 0.946462 0.322814 0
    outer loop
      vertex 40.9354 -1.95137 0
      vertex 40.8066 -1.57374 -25.5
      vertex 40.8066 -1.57374 0
    endloop
  endfacet
  facet normal 0.946462 0.322814 0
    outer loop
      vertex 40.8066 -1.57374 -25.5
      vertex 40.9354 -1.95137 0
      vertex 40.9354 -1.95137 -25.5
    endloop
  endfacet
  facet normal 0.424435 -0.905458 0
    outer loop
      vertex 43.5398 4.85803 -6
      vertex 43.9011 5.02739 0
      vertex 43.5398 4.85803 0
    endloop
  endfacet
  facet normal 0.424435 -0.905458 0
    outer loop
      vertex 43.9011 5.02739 0
      vertex 43.5398 4.85803 -6
      vertex 43.9011 5.02739 -6
    endloop
  endfacet
  facet normal -0.813251 0.581914 0
    outer loop
      vertex 50.361 -3.33854 -6
      vertex 50.5932 -3.01403 0
      vertex 50.5932 -3.01403 -6
    endloop
  endfacet
  facet normal -0.813251 0.581914 0
    outer loop
      vertex 50.5932 -3.01403 0
      vertex 50.361 -3.33854 -6
      vertex 50.361 -3.33854 0
    endloop
  endfacet
  facet normal 0.994012 0.109273 0
    outer loop
      vertex 40.6332 -0.795346 0
      vertex 40.5896 -0.398736 -25.5
      vertex 40.5896 -0.398736 0
    endloop
  endfacet
  facet normal 0.994012 0.109273 0
    outer loop
      vertex 40.5896 -0.398736 -25.5
      vertex 40.6332 -0.795346 0
      vertex 40.6332 -0.795346 -25.5
    endloop
  endfacet
  facet normal 0.768683 0.63963 0
    outer loop
      vertex 41.9692 -3.64523 0
      vertex 41.714 -3.33854 -25.5
      vertex 41.714 -3.33854 0
    endloop
  endfacet
  facet normal 0.768683 0.63963 0
    outer loop
      vertex 41.714 -3.33854 -25.5
      vertex 41.9692 -3.64523 0
      vertex 41.9692 -3.64523 -25.5
    endloop
  endfacet
  facet normal 0.71993 -0.694047 0
    outer loop
      vertex 42.2461 3.93247 0
      vertex 41.975 3.65126 -6
      vertex 42.2461 3.93247 -6
    endloop
  endfacet
  facet normal 0.719946 -0.69403 -1.5519e-06
    outer loop
      vertex 41.9692 3.64523 0
      vertex 41.975 3.65126 -6
      vertex 42.2461 3.93247 0
    endloop
  endfacet
  facet normal 0.720718 -0.693228 0
    outer loop
      vertex 41.9692 3.64523 -25.5
      vertex 41.975 3.65126 -6
      vertex 41.9692 3.64523 0
    endloop
  endfacet
  facet normal 0.720718 -0.693228 0
    outer loop
      vertex 41.975 3.65126 -6
      vertex 41.9692 3.64523 -25.5
      vertex 41.975 3.65126 -25.5
    endloop
  endfacet
  facet normal 0.967497 0.252883 0
    outer loop
      vertex 40.8066 -1.57374 0
      vertex 40.7057 -1.18771 -25.5
      vertex 40.7057 -1.18771 0
    endloop
  endfacet
  facet normal 0.967497 0.252883 0
    outer loop
      vertex 40.7057 -1.18771 -25.5
      vertex 40.8066 -1.57374 0
      vertex 40.8066 -1.57374 -25.5
    endloop
  endfacet
  facet normal 0.768683 -0.63963 0
    outer loop
      vertex 41.714 3.33854 0
      vertex 41.9692 3.64523 -25.5
      vertex 41.9692 3.64523 0
    endloop
  endfacet
  facet normal 0.768683 -0.63963 0
    outer loop
      vertex 41.9692 3.64523 -25.5
      vertex 41.714 3.33854 0
      vertex 41.714 3.33854 -25.5
    endloop
  endfacet
  facet normal 0 -1 0
    outer loop
      vertex 45.838 5.45886 -6
      vertex 46.237 5.45886 0
      vertex 45.838 5.45886 0
    endloop
  endfacet
  facet normal 0 -1 -0
    outer loop
      vertex 46.237 5.45886 0
      vertex 45.838 5.45886 -6
      vertex 46.237 5.45886 -6
    endloop
  endfacet
  facet normal 0.489473 0.872018 -0
    outer loop
      vertex 43.5398 -4.85803 -6
      vertex 43.1919 -4.66275 0
      vertex 43.5398 -4.85803 0
    endloop
  endfacet
  facet normal 0.489473 0.872018 0
    outer loop
      vertex 43.1919 -4.66275 0
      vertex 43.5398 -4.85803 -6
      vertex 43.1919 -4.66275 -6
    endloop
  endfacet
  facet normal 0.357218 0.934021 -0
    outer loop
      vertex 44.2738 -5.16993 -6
      vertex 43.9011 -5.02739 0
      vertex 44.2738 -5.16993 0
    endloop
  endfacet
  facet normal 0.357218 0.934021 0
    outer loop
      vertex 43.9011 -5.02739 0
      vertex 44.2738 -5.16993 -6
      vertex 43.9011 -5.02739 -6
    endloop
  endfacet
  facet normal 0.983354 -0.181702 0
    outer loop
      vertex 40.6332 0.795346 0
      vertex 40.7057 1.18771 -25.5
      vertex 40.7057 1.18771 0
    endloop
  endfacet
  facet normal 0.983354 -0.181702 0
    outer loop
      vertex 40.7057 1.18771 -25.5
      vertex 40.6332 0.795346 0
      vertex 40.6332 0.795346 -25.5
    endloop
  endfacet
  facet normal -0.357218 -0.934021 0
    outer loop
      vertex 47.8012 5.16993 -6
      vertex 48.1739 5.02739 0
      vertex 47.8012 5.16993 0
    endloop
  endfacet
  facet normal -0.357218 -0.934021 -0
    outer loop
      vertex 48.1739 5.02739 0
      vertex 47.8012 5.16993 -6
      vertex 48.1739 5.02739 -6
    endloop
  endfacet
  facet normal 0.551736 -0.834019 0
    outer loop
      vertex 42.8591 4.44259 -6
      vertex 43.1919 4.66275 0
      vertex 42.8591 4.44259 0
    endloop
  endfacet
  facet normal 0.551736 -0.834019 0
    outer loop
      vertex 43.1919 4.66275 0
      vertex 42.8591 4.44259 -6
      vertex 43.1919 4.66275 -6
    endloop
  endfacet
  facet normal -0.967497 -0.252883 0
    outer loop
      vertex 51.3693 1.18771 -6
      vertex 51.2684 1.57374 0
      vertex 51.2684 1.57374 -6
    endloop
  endfacet
  facet normal -0.967497 -0.252883 0
    outer loop
      vertex 51.2684 1.57374 0
      vertex 51.3693 1.18771 -6
      vertex 51.3693 1.18771 0
    endloop
  endfacet
  facet normal -0.551736 -0.834019 0
    outer loop
      vertex 48.8831 4.66275 -6
      vertex 49.2159 4.44259 0
      vertex 48.8831 4.66275 0
    endloop
  endfacet
  facet normal -0.551736 -0.834019 -0
    outer loop
      vertex 49.2159 4.44259 0
      vertex 48.8831 4.66275 -6
      vertex 49.2159 4.44259 -6
    endloop
  endfacet
  facet normal -0.0730139 0.997331 0
    outer loop
      vertex 46.6349 -5.42973 -6
      vertex 46.237 -5.45886 0
      vertex 46.6349 -5.42973 0
    endloop
  endfacet
  facet normal -0.0730139 0.997331 0
    outer loop
      vertex 46.237 -5.45886 0
      vertex 46.6349 -5.42973 -6
      vertex 46.237 -5.45886 -6
    endloop
  endfacet
  facet normal 0.99933 -0.0365912 0
    outer loop
      vertex 40.575 0 0
      vertex 40.5896 0.398736 -25.5
      vertex 40.5896 0.398736 0
    endloop
  endfacet
  facet normal 0.99933 -0.0365912 0
    outer loop
      vertex 40.5896 0.398736 -25.5
      vertex 40.575 0 0
      vertex 40.575 0 -25.5
    endloop
  endfacet
  facet normal -0.145595 -0.989344 0
    outer loop
      vertex 46.6349 5.42973 -6
      vertex 47.0297 5.37163 0
      vertex 46.6349 5.42973 0
    endloop
  endfacet
  facet normal -0.145595 -0.989344 -0
    outer loop
      vertex 47.0297 5.37163 0
      vertex 46.6349 5.42973 -6
      vertex 47.0297 5.37163 -6
    endloop
  endfacet
  facet normal -0.768683 0.63963 0
    outer loop
      vertex 50.1058 -3.64523 -6
      vertex 50.361 -3.33854 0
      vertex 50.361 -3.33854 -6
    endloop
  endfacet
  facet normal -0.768683 0.63963 0
    outer loop
      vertex 50.361 -3.33854 0
      vertex 50.1058 -3.64523 -6
      vertex 50.1058 -3.64523 0
    endloop
  endfacet
  facet normal 0.611185 0.791488 -0
    outer loop
      vertex 42.8591 -4.44259 -6
      vertex 42.5433 -4.19873 0
      vertex 42.8591 -4.44259 0
    endloop
  endfacet
  facet normal 0.611185 0.791488 0
    outer loop
      vertex 42.5433 -4.19873 0
      vertex 42.8591 -4.44259 -6
      vertex 42.5433 -4.19873 -6
    endloop
  endfacet
  facet normal -0.719946 0.69403 0
    outer loop
      vertex 49.8289 -3.93247 -6
      vertex 50.1058 -3.64523 0
      vertex 50.1058 -3.64523 -6
    endloop
  endfacet
  facet normal -0.719946 0.69403 0
    outer loop
      vertex 50.1058 -3.64523 0
      vertex 49.8289 -3.93247 -6
      vertex 49.8289 -3.93247 0
    endloop
  endfacet
  facet normal -0.946462 0.322814 0
    outer loop
      vertex 51.1396 -1.95137 -6
      vertex 51.2684 -1.57374 0
      vertex 51.2684 -1.57374 -6
    endloop
  endfacet
  facet normal -0.946462 0.322814 0
    outer loop
      vertex 51.2684 -1.57374 0
      vertex 51.1396 -1.95137 -6
      vertex 51.1396 -1.95137 0
    endloop
  endfacet
  facet normal 0.667274 -0.744813 0
    outer loop
      vertex 42.2461 3.93247 -6
      vertex 42.5433 4.19873 0
      vertex 42.2461 3.93247 0
    endloop
  endfacet
  facet normal 0.667274 -0.744813 0
    outer loop
      vertex 42.5433 4.19873 0
      vertex 42.2461 3.93247 -6
      vertex 42.5433 4.19873 -6
    endloop
  endfacet
  facet normal -0.611185 -0.791488 0
    outer loop
      vertex 49.2159 4.44259 -6
      vertex 49.5317 4.19873 0
      vertex 49.2159 4.44259 0
    endloop
  endfacet
  facet normal -0.611185 -0.791488 -0
    outer loop
      vertex 49.5317 4.19873 0
      vertex 49.2159 4.44259 -6
      vertex 49.5317 4.19873 -6
    endloop
  endfacet
  facet normal 0.920302 0.391208 0
    outer loop
      vertex 41.0915 -2.31859 0
      vertex 40.9354 -1.95137 -25.5
      vertex 40.9354 -1.95137 0
    endloop
  endfacet
  facet normal 0.920302 0.391208 0
    outer loop
      vertex 40.9354 -1.95137 -25.5
      vertex 41.0915 -2.31859 0
      vertex 41.0915 -2.31859 -25.5
    endloop
  endfacet
  facet normal -0.551736 0.834019 0
    outer loop
      vertex 49.2159 -4.44259 -6
      vertex 48.8831 -4.66275 0
      vertex 49.2159 -4.44259 0
    endloop
  endfacet
  facet normal -0.551736 0.834019 0
    outer loop
      vertex 48.8831 -4.66275 0
      vertex 49.2159 -4.44259 -6
      vertex 48.8831 -4.66275 -6
    endloop
  endfacet
  facet normal -0.288084 -0.957605 0
    outer loop
      vertex 47.4191 5.28488 -6
      vertex 47.8012 5.16993 0
      vertex 47.4191 5.28488 0
    endloop
  endfacet
  facet normal -0.288084 -0.957605 -0
    outer loop
      vertex 47.8012 5.16993 0
      vertex 47.4191 5.28488 -6
      vertex 47.8012 5.16993 -6
    endloop
  endfacet
  facet normal -0.983354 0.181702 0
    outer loop
      vertex 51.3693 -1.18771 -6
      vertex 51.4418 -0.795346 0
      vertex 51.4418 -0.795346 -6
    endloop
  endfacet
  facet normal -0.983354 0.181702 0
    outer loop
      vertex 51.4418 -0.795346 0
      vertex 51.3693 -1.18771 -6
      vertex 51.3693 -1.18771 0
    endloop
  endfacet
  facet normal -0.424435 -0.905458 0
    outer loop
      vertex 48.1739 5.02739 -6
      vertex 48.5352 4.85803 0
      vertex 48.1739 5.02739 0
    endloop
  endfacet
  facet normal -0.424435 -0.905458 -0
    outer loop
      vertex 48.5352 4.85803 0
      vertex 48.1739 5.02739 -6
      vertex 48.5352 4.85803 -6
    endloop
  endfacet
  facet normal -0.719946 -0.69403 0
    outer loop
      vertex 50.1058 3.64523 -6
      vertex 49.8289 3.93247 0
      vertex 49.8289 3.93247 -6
    endloop
  endfacet
  facet normal -0.719946 -0.69403 0
    outer loop
      vertex 49.8289 3.93247 0
      vertex 50.1058 3.64523 -6
      vertex 50.1058 3.64523 0
    endloop
  endfacet
  facet normal -0.217448 0.976072 0
    outer loop
      vertex 47.4191 -5.28488 -6
      vertex 47.0297 -5.37163 0
      vertex 47.4191 -5.28488 0
    endloop
  endfacet
  facet normal -0.217448 0.976072 0
    outer loop
      vertex 47.0297 -5.37163 0
      vertex 47.4191 -5.28488 -6
      vertex 47.0297 -5.37163 -6
    endloop
  endfacet
  facet normal -0.145595 0.989344 0
    outer loop
      vertex 47.0297 -5.37163 -6
      vertex 46.6349 -5.42973 0
      vertex 47.0297 -5.37163 0
    endloop
  endfacet
  facet normal -0.145595 0.989344 0
    outer loop
      vertex 46.6349 -5.42973 0
      vertex 47.0297 -5.37163 -6
      vertex 46.6349 -5.42973 -6
    endloop
  endfacet
  facet normal 0.667274 0.744813 -0
    outer loop
      vertex 42.5433 -4.19873 -6
      vertex 42.2461 -3.93247 0
      vertex 42.5433 -4.19873 0
    endloop
  endfacet
  facet normal 0.667274 0.744813 0
    outer loop
      vertex 42.2461 -3.93247 0
      vertex 42.5433 -4.19873 -6
      vertex 42.2461 -3.93247 -6
    endloop
  endfacet
  facet normal -0.489473 0.872018 0
    outer loop
      vertex 48.8831 -4.66275 -6
      vertex 48.5352 -4.85803 0
      vertex 48.8831 -4.66275 0
    endloop
  endfacet
  facet normal -0.489473 0.872018 0
    outer loop
      vertex 48.5352 -4.85803 0
      vertex 48.8831 -4.66275 -6
      vertex 48.5352 -4.85803 -6
    endloop
  endfacet
  facet normal -0.946462 -0.322814 0
    outer loop
      vertex 51.2684 1.57374 -6
      vertex 51.1396 1.95137 0
      vertex 51.1396 1.95137 -6
    endloop
  endfacet
  facet normal -0.946462 -0.322814 0
    outer loop
      vertex 51.1396 1.95137 0
      vertex 51.2684 1.57374 -6
      vertex 51.2684 1.57374 0
    endloop
  endfacet
  facet normal -0.768683 -0.63963 0
    outer loop
      vertex 50.361 3.33854 -6
      vertex 50.1058 3.64523 0
      vertex 50.1058 3.64523 -6
    endloop
  endfacet
  facet normal -0.768683 -0.63963 0
    outer loop
      vertex 50.1058 3.64523 0
      vertex 50.361 3.33854 -6
      vertex 50.361 3.33854 0
    endloop
  endfacet
  facet normal -0.967497 0.252883 0
    outer loop
      vertex 51.2684 -1.57374 -6
      vertex 51.3693 -1.18771 0
      vertex 51.3693 -1.18771 -6
    endloop
  endfacet
  facet normal -0.967497 0.252883 0
    outer loop
      vertex 51.3693 -1.18771 0
      vertex 51.2684 -1.57374 -6
      vertex 51.2684 -1.57374 0
    endloop
  endfacet
  facet normal 0.489473 -0.872018 0
    outer loop
      vertex 43.1919 4.66275 -6
      vertex 43.5398 4.85803 0
      vertex 43.1919 4.66275 0
    endloop
  endfacet
  facet normal 0.489473 -0.872018 0
    outer loop
      vertex 43.5398 4.85803 0
      vertex 43.1919 4.66275 -6
      vertex 43.5398 4.85803 -6
    endloop
  endfacet
  facet normal 0.357218 -0.934021 0
    outer loop
      vertex 43.9011 5.02739 -6
      vertex 44.2738 5.16993 0
      vertex 43.9011 5.02739 0
    endloop
  endfacet
  facet normal 0.357218 -0.934021 0
    outer loop
      vertex 44.2738 5.16993 0
      vertex 43.9011 5.02739 -6
      vertex 44.2738 5.16993 -6
    endloop
  endfacet
  facet normal -0.853547 -0.521015 0
    outer loop
      vertex 50.8011 2.67344 -6
      vertex 50.5932 3.01403 0
      vertex 50.5932 3.01403 -6
    endloop
  endfacet
  facet normal -0.853547 -0.521015 0
    outer loop
      vertex 50.5932 3.01403 0
      vertex 50.8011 2.67344 -6
      vertex 50.8011 2.67344 0
    endloop
  endfacet
  facet normal 0.217448 0.976072 -0
    outer loop
      vertex 45.0453 -5.37163 -6
      vertex 44.6559 -5.28488 0
      vertex 45.0453 -5.37163 0
    endloop
  endfacet
  facet normal 0.217448 0.976072 0
    outer loop
      vertex 44.6559 -5.28488 0
      vertex 45.0453 -5.37163 -6
      vertex 44.6559 -5.28488 -6
    endloop
  endfacet
  facet normal -0.920302 -0.391208 0
    outer loop
      vertex 51.1396 1.95137 -6
      vertex 50.9835 2.31859 0
      vertex 50.9835 2.31859 -6
    endloop
  endfacet
  facet normal -0.920302 -0.391208 0
    outer loop
      vertex 50.9835 2.31859 0
      vertex 51.1396 1.95137 -6
      vertex 51.1396 1.95137 0
    endloop
  endfacet
  facet normal 0.946462 -0.322814 0
    outer loop
      vertex 40.8066 1.57374 0
      vertex 40.9354 1.95137 -25.5
      vertex 40.9354 1.95137 0
    endloop
  endfacet
  facet normal 0.946462 -0.322814 0
    outer loop
      vertex 40.9354 1.95137 -25.5
      vertex 40.8066 1.57374 0
      vertex 40.8066 1.57374 -25.5
    endloop
  endfacet
  facet normal -0.667274 -0.744813 0
    outer loop
      vertex 49.5317 4.19873 -6
      vertex 49.8289 3.93247 0
      vertex 49.5317 4.19873 0
    endloop
  endfacet
  facet normal -0.667274 -0.744813 -0
    outer loop
      vertex 49.8289 3.93247 0
      vertex 49.5317 4.19873 -6
      vertex 49.8289 3.93247 -6
    endloop
  endfacet
  facet normal -0.889384 -0.457161 0
    outer loop
      vertex 50.9835 2.31859 -6
      vertex 50.8011 2.67344 0
      vertex 50.8011 2.67344 -6
    endloop
  endfacet
  facet normal -0.889384 -0.457161 0
    outer loop
      vertex 50.8011 2.67344 0
      vertex 50.9835 2.31859 -6
      vertex 50.9835 2.31859 0
    endloop
  endfacet
  facet normal -0.853547 0.521015 0
    outer loop
      vertex 50.5932 -3.01403 -6
      vertex 50.8011 -2.67344 0
      vertex 50.8011 -2.67344 -6
    endloop
  endfacet
  facet normal -0.853547 0.521015 0
    outer loop
      vertex 50.8011 -2.67344 0
      vertex 50.5932 -3.01403 -6
      vertex 50.5932 -3.01403 0
    endloop
  endfacet
  facet normal -0.99933 0.0365912 0
    outer loop
      vertex 51.4854 -0.398736 -6
      vertex 51.5 0 0
      vertex 51.5 0 -6
    endloop
  endfacet
  facet normal -0.99933 0.0365912 0
    outer loop
      vertex 51.5 0 0
      vertex 51.4854 -0.398736 -6
      vertex 51.4854 -0.398736 0
    endloop
  endfacet
  facet normal 0.288084 -0.957605 0
    outer loop
      vertex 44.2738 5.16993 -6
      vertex 44.6559 5.28488 0
      vertex 44.2738 5.16993 0
    endloop
  endfacet
  facet normal 0.288084 -0.957605 0
    outer loop
      vertex 44.6559 5.28488 0
      vertex 44.2738 5.16993 -6
      vertex 44.6559 5.28488 -6
    endloop
  endfacet
  facet normal 0.967497 -0.252883 0
    outer loop
      vertex 40.7057 1.18771 0
      vertex 40.8066 1.57374 -25.5
      vertex 40.8066 1.57374 0
    endloop
  endfacet
  facet normal 0.967497 -0.252883 0
    outer loop
      vertex 40.8066 1.57374 -25.5
      vertex 40.7057 1.18771 0
      vertex 40.7057 1.18771 -25.5
    endloop
  endfacet
  facet normal 0.720718 0.693228 0
    outer loop
      vertex 41.9692 -3.64523 0
      vertex 41.975 -3.65126 -6
      vertex 41.9692 -3.64523 -25.5
    endloop
  endfacet
  facet normal 0.719946 0.69403 -1.5519e-06
    outer loop
      vertex 42.2461 -3.93247 0
      vertex 41.975 -3.65126 -6
      vertex 41.9692 -3.64523 0
    endloop
  endfacet
  facet normal 0.71993 0.694047 0
    outer loop
      vertex 41.975 -3.65126 -6
      vertex 42.2461 -3.93247 0
      vertex 42.2461 -3.93247 -6
    endloop
  endfacet
  facet normal 0.720718 0.693228 0
    outer loop
      vertex 41.9692 -3.64523 -25.5
      vertex 41.975 -3.65126 -6
      vertex 41.975 -3.65126 -25.5
    endloop
  endfacet
  facet normal 0.288084 0.957605 -0
    outer loop
      vertex 44.6559 -5.28488 -6
      vertex 44.2738 -5.16993 0
      vertex 44.6559 -5.28488 0
    endloop
  endfacet
  facet normal 0.288084 0.957605 0
    outer loop
      vertex 44.2738 -5.16993 0
      vertex 44.6559 -5.28488 -6
      vertex 44.2738 -5.16993 -6
    endloop
  endfacet
  facet normal 0.424435 0.905458 -0
    outer loop
      vertex 43.9011 -5.02739 -6
      vertex 43.5398 -4.85803 0
      vertex 43.9011 -5.02739 0
    endloop
  endfacet
  facet normal 0.424435 0.905458 0
    outer loop
      vertex 43.5398 -4.85803 0
      vertex 43.9011 -5.02739 -6
      vertex 43.5398 -4.85803 -6
    endloop
  endfacet
  facet normal 0.217448 -0.976072 0
    outer loop
      vertex 44.6559 5.28488 -6
      vertex 45.0453 5.37163 0
      vertex 44.6559 5.28488 0
    endloop
  endfacet
  facet normal 0.217448 -0.976072 0
    outer loop
      vertex 45.0453 5.37163 0
      vertex 44.6559 5.28488 -6
      vertex 45.0453 5.37163 -6
    endloop
  endfacet
  facet normal 0.145595 -0.989344 0
    outer loop
      vertex 45.0453 5.37163 -6
      vertex 45.4401 5.42973 0
      vertex 45.0453 5.37163 0
    endloop
  endfacet
  facet normal 0.145595 -0.989344 0
    outer loop
      vertex 45.4401 5.42973 0
      vertex 45.0453 5.37163 -6
      vertex 45.4401 5.42973 -6
    endloop
  endfacet
  facet normal -0.424435 0.905458 0
    outer loop
      vertex 48.5352 -4.85803 -6
      vertex 48.1739 -5.02739 0
      vertex 48.5352 -4.85803 0
    endloop
  endfacet
  facet normal -0.424435 0.905458 0
    outer loop
      vertex 48.1739 -5.02739 0
      vertex 48.5352 -4.85803 -6
      vertex 48.1739 -5.02739 -6
    endloop
  endfacet
  facet normal 0.920302 -0.391208 0
    outer loop
      vertex 40.9354 1.95137 0
      vertex 41.0915 2.31859 -25.5
      vertex 41.0915 2.31859 0
    endloop
  endfacet
  facet normal 0.920302 -0.391208 0
    outer loop
      vertex 41.0915 2.31859 -25.5
      vertex 40.9354 1.95137 0
      vertex 40.9354 1.95137 -25.5
    endloop
  endfacet
  facet normal -0.813251 -0.581914 0
    outer loop
      vertex 50.5932 3.01403 -6
      vertex 50.361 3.33854 0
      vertex 50.361 3.33854 -6
    endloop
  endfacet
  facet normal -0.813251 -0.581914 0
    outer loop
      vertex 50.361 3.33854 0
      vertex 50.5932 3.01403 -6
      vertex 50.5932 3.01403 0
    endloop
  endfacet
  facet normal -0.920302 0.391208 0
    outer loop
      vertex 50.9835 -2.31859 -6
      vertex 51.1396 -1.95137 0
      vertex 51.1396 -1.95137 -6
    endloop
  endfacet
  facet normal -0.920302 0.391208 0
    outer loop
      vertex 51.1396 -1.95137 0
      vertex 50.9835 -2.31859 -6
      vertex 50.9835 -2.31859 0
    endloop
  endfacet
  facet normal -0.889384 0.457161 0
    outer loop
      vertex 50.8011 -2.67344 -6
      vertex 50.9835 -2.31859 0
      vertex 50.9835 -2.31859 -6
    endloop
  endfacet
  facet normal -0.889384 0.457161 0
    outer loop
      vertex 50.9835 -2.31859 0
      vertex 50.8011 -2.67344 -6
      vertex 50.8011 -2.67344 0
    endloop
  endfacet
  facet normal -0.357218 0.934021 0
    outer loop
      vertex 48.1739 -5.02739 -6
      vertex 47.8012 -5.16993 0
      vertex 48.1739 -5.02739 0
    endloop
  endfacet
  facet normal -0.357218 0.934021 0
    outer loop
      vertex 47.8012 -5.16993 0
      vertex 48.1739 -5.02739 -6
      vertex 47.8012 -5.16993 -6
    endloop
  endfacet
  facet normal 0.813251 -0.581914 0
    outer loop
      vertex 41.4818 3.01403 0
      vertex 41.714 3.33854 -25.5
      vertex 41.714 3.33854 0
    endloop
  endfacet
  facet normal 0.813251 -0.581914 0
    outer loop
      vertex 41.714 3.33854 -25.5
      vertex 41.4818 3.01403 0
      vertex 41.4818 3.01403 -25.5
    endloop
  endfacet
  facet normal -0.489473 -0.872018 0
    outer loop
      vertex 48.5352 4.85803 -6
      vertex 48.8831 4.66275 0
      vertex 48.5352 4.85803 0
    endloop
  endfacet
  facet normal -0.489473 -0.872018 -0
    outer loop
      vertex 48.8831 4.66275 0
      vertex 48.5352 4.85803 -6
      vertex 48.8831 4.66275 -6
    endloop
  endfacet
  facet normal 0.889384 -0.457161 0
    outer loop
      vertex 41.0915 2.31859 0
      vertex 41.2739 2.67344 -25.5
      vertex 41.2739 2.67344 0
    endloop
  endfacet
  facet normal 0.889384 -0.457161 0
    outer loop
      vertex 41.2739 2.67344 -25.5
      vertex 41.0915 2.31859 0
      vertex 41.0915 2.31859 -25.5
    endloop
  endfacet
  facet normal -0.0730139 -0.997331 0
    outer loop
      vertex 46.237 5.45886 -6
      vertex 46.6349 5.42973 0
      vertex 46.237 5.45886 0
    endloop
  endfacet
  facet normal -0.0730139 -0.997331 -0
    outer loop
      vertex 46.6349 5.42973 0
      vertex 46.237 5.45886 -6
      vertex 46.6349 5.42973 -6
    endloop
  endfacet
  facet normal 0 1 -0
    outer loop
      vertex 46.237 -5.45886 -6
      vertex 45.838 -5.45886 0
      vertex 46.237 -5.45886 0
    endloop
  endfacet
  facet normal 0 1 0
    outer loop
      vertex 45.838 -5.45886 0
      vertex 46.237 -5.45886 -6
      vertex 45.838 -5.45886 -6
    endloop
  endfacet
  facet normal -0.994012 0.109273 0
    outer loop
      vertex 51.4418 -0.795346 -6
      vertex 51.4854 -0.398736 0
      vertex 51.4854 -0.398736 -6
    endloop
  endfacet
  facet normal -0.994012 0.109273 0
    outer loop
      vertex 51.4854 -0.398736 0
      vertex 51.4418 -0.795346 -6
      vertex 51.4418 -0.795346 0
    endloop
  endfacet
  facet normal 0.889384 0.457161 0
    outer loop
      vertex 41.2739 -2.67344 0
      vertex 41.0915 -2.31859 -25.5
      vertex 41.0915 -2.31859 0
    endloop
  endfacet
  facet normal 0.889384 0.457161 0
    outer loop
      vertex 41.0915 -2.31859 -25.5
      vertex 41.2739 -2.67344 0
      vertex 41.2739 -2.67344 -25.5
    endloop
  endfacet
  facet normal -0.288084 0.957605 0
    outer loop
      vertex 47.8012 -5.16993 -6
      vertex 47.4191 -5.28488 0
      vertex 47.8012 -5.16993 0
    endloop
  endfacet
  facet normal -0.288084 0.957605 0
    outer loop
      vertex 47.4191 -5.28488 0
      vertex 47.8012 -5.16993 -6
      vertex 47.4191 -5.28488 -6
    endloop
  endfacet
  facet normal 0.994012 -0.109273 0
    outer loop
      vertex 40.5896 0.398736 0
      vertex 40.6332 0.795346 -25.5
      vertex 40.6332 0.795346 0
    endloop
  endfacet
  facet normal 0.994012 -0.109273 0
    outer loop
      vertex 40.6332 0.795346 -25.5
      vertex 40.5896 0.398736 0
      vertex 40.5896 0.398736 -25.5
    endloop
  endfacet
  facet normal 0.983354 0.181702 0
    outer loop
      vertex 40.7057 -1.18771 0
      vertex 40.6332 -0.795346 -25.5
      vertex 40.6332 -0.795346 0
    endloop
  endfacet
  facet normal 0.983354 0.181702 0
    outer loop
      vertex 40.6332 -0.795346 -25.5
      vertex 40.7057 -1.18771 0
      vertex 40.7057 -1.18771 -25.5
    endloop
  endfacet
  facet normal 0.853547 0.521015 0
    outer loop
      vertex 41.4818 -3.01403 0
      vertex 41.2739 -2.67344 -25.5
      vertex 41.2739 -2.67344 0
    endloop
  endfacet
  facet normal 0.853547 0.521015 0
    outer loop
      vertex 41.2739 -2.67344 -25.5
      vertex 41.4818 -3.01403 0
      vertex 41.4818 -3.01403 -25.5
    endloop
  endfacet
  facet normal 0.0730139 -0.997331 0
    outer loop
      vertex 45.4401 5.42973 -6
      vertex 45.838 5.45886 0
      vertex 45.4401 5.42973 0
    endloop
  endfacet
  facet normal 0.0730139 -0.997331 0
    outer loop
      vertex 45.838 5.45886 0
      vertex 45.4401 5.42973 -6
      vertex 45.838 5.45886 -6
    endloop
  endfacet
  facet normal 0.99933 0.0365912 0
    outer loop
      vertex 40.5896 -0.398736 0
      vertex 40.575 0 -25.5
      vertex 40.575 0 0
    endloop
  endfacet
  facet normal 0.99933 0.0365912 0
    outer loop
      vertex 40.575 0 -25.5
      vertex 40.5896 -0.398736 0
      vertex 40.5896 -0.398736 -25.5
    endloop
  endfacet
  facet normal 0.853547 -0.521015 0
    outer loop
      vertex 41.2739 2.67344 0
      vertex 41.4818 3.01403 -25.5
      vertex 41.4818 3.01403 0
    endloop
  endfacet
  facet normal 0.853547 -0.521015 0
    outer loop
      vertex 41.4818 3.01403 -25.5
      vertex 41.2739 2.67344 0
      vertex 41.2739 2.67344 -25.5
    endloop
  endfacet
  facet normal -0.611185 0.791488 0
    outer loop
      vertex 49.5317 -4.19873 -6
      vertex 49.2159 -4.44259 0
      vertex 49.5317 -4.19873 0
    endloop
  endfacet
  facet normal -0.611185 0.791488 0
    outer loop
      vertex 49.2159 -4.44259 0
      vertex 49.5317 -4.19873 -6
      vertex 49.2159 -4.44259 -6
    endloop
  endfacet
  facet normal -0.667274 0.744813 0
    outer loop
      vertex 49.8289 -3.93247 -6
      vertex 49.5317 -4.19873 0
      vertex 49.8289 -3.93247 0
    endloop
  endfacet
  facet normal -0.667274 0.744813 0
    outer loop
      vertex 49.5317 -4.19873 0
      vertex 49.8289 -3.93247 -6
      vertex 49.5317 -4.19873 -6
    endloop
  endfacet
  facet normal -0.217448 -0.976072 0
    outer loop
      vertex 47.0297 5.37163 -6
      vertex 47.4191 5.28488 0
      vertex 47.0297 5.37163 0
    endloop
  endfacet
  facet normal -0.217448 -0.976072 -0
    outer loop
      vertex 47.4191 5.28488 0
      vertex 47.0297 5.37163 -6
      vertex 47.4191 5.28488 -6
    endloop
  endfacet
  facet normal 0.813251 0.581914 0
    outer loop
      vertex 41.714 -3.33854 0
      vertex 41.4818 -3.01403 -25.5
      vertex 41.4818 -3.01403 0
    endloop
  endfacet
  facet normal 0.813251 0.581914 0
    outer loop
      vertex 41.4818 -3.01403 -25.5
      vertex 41.714 -3.33854 0
      vertex 41.714 -3.33854 -25.5
    endloop
  endfacet
  facet normal 0.551736 0.834019 -0
    outer loop
      vertex 43.1919 -4.66275 -6
      vertex 42.8591 -4.44259 0
      vertex 43.1919 -4.66275 0
    endloop
  endfacet
  facet normal 0.551736 0.834019 0
    outer loop
      vertex 42.8591 -4.44259 0
      vertex 43.1919 -4.66275 -6
      vertex 42.8591 -4.44259 -6
    endloop
  endfacet
  facet normal 0.611185 -0.791488 0
    outer loop
      vertex 42.5433 4.19873 -6
      vertex 42.8591 4.44259 0
      vertex 42.5433 4.19873 0
    endloop
  endfacet
  facet normal 0.611185 -0.791488 0
    outer loop
      vertex 42.8591 4.44259 0
      vertex 42.5433 4.19873 -6
      vertex 42.8591 4.44259 -6
    endloop
  endfacet
  facet normal 0.145595 0.989344 -0
    outer loop
      vertex 45.4401 -5.42973 -6
      vertex 45.0453 -5.37163 0
      vertex 45.4401 -5.42973 0
    endloop
  endfacet
  facet normal 0.145595 0.989344 0
    outer loop
      vertex 45.0453 -5.37163 0
      vertex 45.4401 -5.42973 -6
      vertex 45.0453 -5.37163 -6
    endloop
  endfacet
  facet normal 0.0730139 0.997331 -0
    outer loop
      vertex 45.838 -5.45886 -6
      vertex 45.4401 -5.42973 0
      vertex 45.838 -5.45886 0
    endloop
  endfacet
  facet normal 0.0730139 0.997331 0
    outer loop
      vertex 45.4401 -5.42973 0
      vertex 45.838 -5.45886 -6
      vertex 45.4401 -5.42973 -6
    endloop
  endfacet
  facet normal -0.994012 -0.109273 0
    outer loop
      vertex -40.5896 0.398736 -25.5
      vertex -40.6332 0.795346 0
      vertex -40.6332 0.795346 -25.5
    endloop
  endfacet
  facet normal -0.994012 -0.109273 0
    outer loop
      vertex -40.6332 0.795346 0
      vertex -40.5896 0.398736 -25.5
      vertex -40.5896 0.398736 0
    endloop
  endfacet
  facet normal -0.99933 -0.0365912 0
    outer loop
      vertex -40.575 0 -25.5
      vertex -40.5896 0.398736 0
      vertex -40.5896 0.398736 -25.5
    endloop
  endfacet
  facet normal -0.99933 -0.0365912 0
    outer loop
      vertex -40.5896 0.398736 0
      vertex -40.575 0 -25.5
      vertex -40.575 0 0
    endloop
  endfacet
  facet normal -0.983354 -0.181702 0
    outer loop
      vertex -40.6332 0.795346 -25.5
      vertex -40.7057 1.18771 0
      vertex -40.7057 1.18771 -25.5
    endloop
  endfacet
  facet normal -0.983354 -0.181702 0
    outer loop
      vertex -40.7057 1.18771 0
      vertex -40.6332 0.795346 -25.5
      vertex -40.6332 0.795346 0
    endloop
  endfacet
  facet normal -0.853547 0.521015 0
    outer loop
      vertex -41.4818 -3.01403 -25.5
      vertex -41.2739 -2.67344 0
      vertex -41.2739 -2.67344 -25.5
    endloop
  endfacet
  facet normal -0.853547 0.521015 0
    outer loop
      vertex -41.2739 -2.67344 0
      vertex -41.4818 -3.01403 -25.5
      vertex -41.4818 -3.01403 0
    endloop
  endfacet
  facet normal 0.667274 -0.744813 0
    outer loop
      vertex -49.8289 3.93247 -6
      vertex -49.5317 4.19873 0
      vertex -49.8289 3.93247 0
    endloop
  endfacet
  facet normal 0.667274 -0.744813 0
    outer loop
      vertex -49.5317 4.19873 0
      vertex -49.8289 3.93247 -6
      vertex -49.5317 4.19873 -6
    endloop
  endfacet
  facet normal -0.967497 -0.252883 0
    outer loop
      vertex -40.7057 1.18771 -25.5
      vertex -40.8066 1.57374 0
      vertex -40.8066 1.57374 -25.5
    endloop
  endfacet
  facet normal -0.967497 -0.252883 0
    outer loop
      vertex -40.8066 1.57374 0
      vertex -40.7057 1.18771 -25.5
      vertex -40.7057 1.18771 0
    endloop
  endfacet
  facet normal 0.0730139 -0.997331 0
    outer loop
      vertex -46.6349 5.42973 -6
      vertex -46.237 5.45886 0
      vertex -46.6349 5.42973 0
    endloop
  endfacet
  facet normal 0.0730139 -0.997331 0
    outer loop
      vertex -46.237 5.45886 0
      vertex -46.6349 5.42973 -6
      vertex -46.237 5.45886 -6
    endloop
  endfacet
  facet normal 0.768683 0.63963 0
    outer loop
      vertex -50.1058 -3.64523 0
      vertex -50.361 -3.33854 -6
      vertex -50.361 -3.33854 0
    endloop
  endfacet
  facet normal 0.768683 0.63963 0
    outer loop
      vertex -50.361 -3.33854 -6
      vertex -50.1058 -3.64523 0
      vertex -50.1058 -3.64523 -6
    endloop
  endfacet
  facet normal -0.853547 -0.521015 0
    outer loop
      vertex -41.2739 2.67344 -25.5
      vertex -41.4818 3.01403 0
      vertex -41.4818 3.01403 -25.5
    endloop
  endfacet
  facet normal -0.853547 -0.521015 0
    outer loop
      vertex -41.4818 3.01403 0
      vertex -41.2739 2.67344 -25.5
      vertex -41.2739 2.67344 0
    endloop
  endfacet
  facet normal -0.768683 -0.63963 0
    outer loop
      vertex -41.714 3.33854 -25.5
      vertex -41.9692 3.64523 0
      vertex -41.9692 3.64523 -25.5
    endloop
  endfacet
  facet normal -0.768683 -0.63963 0
    outer loop
      vertex -41.9692 3.64523 0
      vertex -41.714 3.33854 -25.5
      vertex -41.714 3.33854 0
    endloop
  endfacet
  facet normal -0.0730139 0.997331 0
    outer loop
      vertex -45.4401 -5.42973 -6
      vertex -45.838 -5.45886 0
      vertex -45.4401 -5.42973 0
    endloop
  endfacet
  facet normal -0.0730139 0.997331 0
    outer loop
      vertex -45.838 -5.45886 0
      vertex -45.4401 -5.42973 -6
      vertex -45.838 -5.45886 -6
    endloop
  endfacet
  facet normal 0.145595 0.989344 -0
    outer loop
      vertex -46.6349 -5.42973 -6
      vertex -47.0297 -5.37163 0
      vertex -46.6349 -5.42973 0
    endloop
  endfacet
  facet normal 0.145595 0.989344 0
    outer loop
      vertex -47.0297 -5.37163 0
      vertex -46.6349 -5.42973 -6
      vertex -47.0297 -5.37163 -6
    endloop
  endfacet
  facet normal -0.551736 -0.834019 0
    outer loop
      vertex -43.1919 4.66275 -6
      vertex -42.8591 4.44259 0
      vertex -43.1919 4.66275 0
    endloop
  endfacet
  facet normal -0.551736 -0.834019 -0
    outer loop
      vertex -42.8591 4.44259 0
      vertex -43.1919 4.66275 -6
      vertex -42.8591 4.44259 -6
    endloop
  endfacet
  facet normal 0.994012 0.109273 0
    outer loop
      vertex -51.4418 -0.795346 0
      vertex -51.4854 -0.398736 -6
      vertex -51.4854 -0.398736 0
    endloop
  endfacet
  facet normal 0.994012 0.109273 0
    outer loop
      vertex -51.4854 -0.398736 -6
      vertex -51.4418 -0.795346 0
      vertex -51.4418 -0.795346 -6
    endloop
  endfacet
  facet normal -0.813251 -0.581914 0
    outer loop
      vertex -41.4818 3.01403 -25.5
      vertex -41.714 3.33854 0
      vertex -41.714 3.33854 -25.5
    endloop
  endfacet
  facet normal -0.813251 -0.581914 0
    outer loop
      vertex -41.714 3.33854 0
      vertex -41.4818 3.01403 -25.5
      vertex -41.4818 3.01403 0
    endloop
  endfacet
  facet normal -0.813251 0.581914 0
    outer loop
      vertex -41.714 -3.33854 -25.5
      vertex -41.4818 -3.01403 0
      vertex -41.4818 -3.01403 -25.5
    endloop
  endfacet
  facet normal -0.813251 0.581914 0
    outer loop
      vertex -41.4818 -3.01403 0
      vertex -41.714 -3.33854 -25.5
      vertex -41.714 -3.33854 0
    endloop
  endfacet
  facet normal -0.611185 -0.791488 0
    outer loop
      vertex -42.8591 4.44259 -6
      vertex -42.5433 4.19873 0
      vertex -42.8591 4.44259 0
    endloop
  endfacet
  facet normal -0.611185 -0.791488 -0
    outer loop
      vertex -42.5433 4.19873 0
      vertex -42.8591 4.44259 -6
      vertex -42.5433 4.19873 -6
    endloop
  endfacet
  facet normal -0.967497 0.252883 0
    outer loop
      vertex -40.8066 -1.57374 -25.5
      vertex -40.7057 -1.18771 0
      vertex -40.7057 -1.18771 -25.5
    endloop
  endfacet
  facet normal -0.967497 0.252883 0
    outer loop
      vertex -40.7057 -1.18771 0
      vertex -40.8066 -1.57374 -25.5
      vertex -40.8066 -1.57374 0
    endloop
  endfacet
  facet normal -0.71993 -0.694047 0
    outer loop
      vertex -41.975 3.65126 -6
      vertex -42.2461 3.93247 0
      vertex -42.2461 3.93247 -6
    endloop
  endfacet
  facet normal -0.719946 -0.69403 -1.5519e-06
    outer loop
      vertex -41.975 3.65126 -6
      vertex -41.9692 3.64523 0
      vertex -42.2461 3.93247 0
    endloop
  endfacet
  facet normal -0.720718 -0.693228 -0
    outer loop
      vertex -41.9692 3.64523 0
      vertex -41.975 3.65126 -6
      vertex -41.9692 3.64523 -25.5
    endloop
  endfacet
  facet normal -0.720718 -0.693228 0
    outer loop
      vertex -41.975 3.65126 -25.5
      vertex -41.9692 3.64523 -25.5
      vertex -41.975 3.65126 -6
    endloop
  endfacet
  facet normal 0.889384 0.457161 0
    outer loop
      vertex -50.8011 -2.67344 0
      vertex -50.9835 -2.31859 -6
      vertex -50.9835 -2.31859 0
    endloop
  endfacet
  facet normal 0.889384 0.457161 0
    outer loop
      vertex -50.9835 -2.31859 -6
      vertex -50.8011 -2.67344 0
      vertex -50.8011 -2.67344 -6
    endloop
  endfacet
  facet normal 0.768683 -0.63963 0
    outer loop
      vertex -50.361 3.33854 0
      vertex -50.1058 3.64523 -6
      vertex -50.1058 3.64523 0
    endloop
  endfacet
  facet normal 0.768683 -0.63963 0
    outer loop
      vertex -50.1058 3.64523 -6
      vertex -50.361 3.33854 0
      vertex -50.361 3.33854 -6
    endloop
  endfacet
  facet normal -0.217448 0.976072 0
    outer loop
      vertex -44.6559 -5.28488 -6
      vertex -45.0453 -5.37163 0
      vertex -44.6559 -5.28488 0
    endloop
  endfacet
  facet normal -0.217448 0.976072 0
    outer loop
      vertex -45.0453 -5.37163 0
      vertex -44.6559 -5.28488 -6
      vertex -45.0453 -5.37163 -6
    endloop
  endfacet
  facet normal 0.994012 -0.109273 0
    outer loop
      vertex -51.4854 0.398736 0
      vertex -51.4418 0.795346 -6
      vertex -51.4418 0.795346 0
    endloop
  endfacet
  facet normal 0.994012 -0.109273 0
    outer loop
      vertex -51.4418 0.795346 -6
      vertex -51.4854 0.398736 0
      vertex -51.4854 0.398736 -6
    endloop
  endfacet
  facet normal -0.99933 0.0365912 0
    outer loop
      vertex -40.5896 -0.398736 -25.5
      vertex -40.575 0 0
      vertex -40.575 0 -25.5
    endloop
  endfacet
  facet normal -0.99933 0.0365912 0
    outer loop
      vertex -40.575 0 0
      vertex -40.5896 -0.398736 -25.5
      vertex -40.5896 -0.398736 0
    endloop
  endfacet
  facet normal 0.853547 0.521015 0
    outer loop
      vertex -50.5932 -3.01403 0
      vertex -50.8011 -2.67344 -6
      vertex -50.8011 -2.67344 0
    endloop
  endfacet
  facet normal 0.853547 0.521015 0
    outer loop
      vertex -50.8011 -2.67344 -6
      vertex -50.5932 -3.01403 0
      vertex -50.5932 -3.01403 -6
    endloop
  endfacet
  facet normal 0.357218 0.934021 -0
    outer loop
      vertex -47.8012 -5.16993 -6
      vertex -48.1739 -5.02739 0
      vertex -47.8012 -5.16993 0
    endloop
  endfacet
  facet normal 0.357218 0.934021 0
    outer loop
      vertex -48.1739 -5.02739 0
      vertex -47.8012 -5.16993 -6
      vertex -48.1739 -5.02739 -6
    endloop
  endfacet
  facet normal -0.983354 0.181702 0
    outer loop
      vertex -40.7057 -1.18771 -25.5
      vertex -40.6332 -0.795346 0
      vertex -40.6332 -0.795346 -25.5
    endloop
  endfacet
  facet normal -0.983354 0.181702 0
    outer loop
      vertex -40.6332 -0.795346 0
      vertex -40.7057 -1.18771 -25.5
      vertex -40.7057 -1.18771 0
    endloop
  endfacet
  facet normal -0.145595 0.989344 0
    outer loop
      vertex -45.0453 -5.37163 -6
      vertex -45.4401 -5.42973 0
      vertex -45.0453 -5.37163 0
    endloop
  endfacet
  facet normal -0.145595 0.989344 0
    outer loop
      vertex -45.4401 -5.42973 0
      vertex -45.0453 -5.37163 -6
      vertex -45.4401 -5.42973 -6
    endloop
  endfacet
  facet normal 0.551736 0.834019 -0
    outer loop
      vertex -48.8831 -4.66275 -6
      vertex -49.2159 -4.44259 0
      vertex -48.8831 -4.66275 0
    endloop
  endfacet
  facet normal 0.551736 0.834019 0
    outer loop
      vertex -49.2159 -4.44259 0
      vertex -48.8831 -4.66275 -6
      vertex -49.2159 -4.44259 -6
    endloop
  endfacet
  facet normal 0.611185 -0.791488 0
    outer loop
      vertex -49.5317 4.19873 -6
      vertex -49.2159 4.44259 0
      vertex -49.5317 4.19873 0
    endloop
  endfacet
  facet normal 0.611185 -0.791488 0
    outer loop
      vertex -49.2159 4.44259 0
      vertex -49.5317 4.19873 -6
      vertex -49.2159 4.44259 -6
    endloop
  endfacet
  facet normal 0.889384 -0.457161 0
    outer loop
      vertex -50.9835 2.31859 0
      vertex -50.8011 2.67344 -6
      vertex -50.8011 2.67344 0
    endloop
  endfacet
  facet normal 0.889384 -0.457161 0
    outer loop
      vertex -50.8011 2.67344 -6
      vertex -50.9835 2.31859 0
      vertex -50.9835 2.31859 -6
    endloop
  endfacet
  facet normal -0.424435 0.905458 0
    outer loop
      vertex -43.5398 -4.85803 -6
      vertex -43.9011 -5.02739 0
      vertex -43.5398 -4.85803 0
    endloop
  endfacet
  facet normal -0.424435 0.905458 0
    outer loop
      vertex -43.9011 -5.02739 0
      vertex -43.5398 -4.85803 -6
      vertex -43.9011 -5.02739 -6
    endloop
  endfacet
  facet normal 0.719946 0.69403 0
    outer loop
      vertex -49.8289 -3.93247 0
      vertex -50.1058 -3.64523 -6
      vertex -50.1058 -3.64523 0
    endloop
  endfacet
  facet normal 0.719946 0.69403 0
    outer loop
      vertex -50.1058 -3.64523 -6
      vertex -49.8289 -3.93247 0
      vertex -49.8289 -3.93247 -6
    endloop
  endfacet
  facet normal -0.720718 0.693228 0
    outer loop
      vertex -41.975 -3.65126 -6
      vertex -41.9692 -3.64523 -25.5
      vertex -41.975 -3.65126 -25.5
    endloop
  endfacet
  facet normal -0.720718 0.693228 0
    outer loop
      vertex -41.9692 -3.64523 -25.5
      vertex -41.975 -3.65126 -6
      vertex -41.9692 -3.64523 0
    endloop
  endfacet
  facet normal -0.71993 0.694047 -1.58514e-06
    outer loop
      vertex -42.2461 -3.93247 -6
      vertex -41.9692 -3.64523 0
      vertex -41.975 -3.65126 -6
    endloop
  endfacet
  facet normal -0.719946 0.69403 0
    outer loop
      vertex -41.9692 -3.64523 0
      vertex -42.2461 -3.93247 -6
      vertex -42.2461 -3.93247 0
    endloop
  endfacet
  facet normal 0.357218 -0.934021 0
    outer loop
      vertex -48.1739 5.02739 -6
      vertex -47.8012 5.16993 0
      vertex -48.1739 5.02739 0
    endloop
  endfacet
  facet normal 0.357218 -0.934021 0
    outer loop
      vertex -47.8012 5.16993 0
      vertex -48.1739 5.02739 -6
      vertex -47.8012 5.16993 -6
    endloop
  endfacet
  facet normal -0.145595 -0.989344 0
    outer loop
      vertex -45.4401 5.42973 -6
      vertex -45.0453 5.37163 0
      vertex -45.4401 5.42973 0
    endloop
  endfacet
  facet normal -0.145595 -0.989344 -0
    outer loop
      vertex -45.0453 5.37163 0
      vertex -45.4401 5.42973 -6
      vertex -45.0453 5.37163 -6
    endloop
  endfacet
  facet normal 0.424435 -0.905458 0
    outer loop
      vertex -48.5352 4.85803 -6
      vertex -48.1739 5.02739 0
      vertex -48.5352 4.85803 0
    endloop
  endfacet
  facet normal 0.424435 -0.905458 0
    outer loop
      vertex -48.1739 5.02739 0
      vertex -48.5352 4.85803 -6
      vertex -48.1739 5.02739 -6
    endloop
  endfacet
  facet normal 0 -1 0
    outer loop
      vertex -46.237 5.45886 -6
      vertex -45.838 5.45886 0
      vertex -46.237 5.45886 0
    endloop
  endfacet
  facet normal 0 -1 -0
    outer loop
      vertex -45.838 5.45886 0
      vertex -46.237 5.45886 -6
      vertex -45.838 5.45886 -6
    endloop
  endfacet
  facet normal -0.611185 0.791488 0
    outer loop
      vertex -42.5433 -4.19873 -6
      vertex -42.8591 -4.44259 0
      vertex -42.5433 -4.19873 0
    endloop
  endfacet
  facet normal -0.611185 0.791488 0
    outer loop
      vertex -42.8591 -4.44259 0
      vertex -42.5433 -4.19873 -6
      vertex -42.8591 -4.44259 -6
    endloop
  endfacet
  facet normal 0.217448 0.976072 -0
    outer loop
      vertex -47.0297 -5.37163 -6
      vertex -47.4191 -5.28488 0
      vertex -47.0297 -5.37163 0
    endloop
  endfacet
  facet normal 0.217448 0.976072 0
    outer loop
      vertex -47.4191 -5.28488 0
      vertex -47.0297 -5.37163 -6
      vertex -47.4191 -5.28488 -6
    endloop
  endfacet
  facet normal -0.946462 0.322814 0
    outer loop
      vertex -40.9354 -1.95137 -25.5
      vertex -40.8066 -1.57374 0
      vertex -40.8066 -1.57374 -25.5
    endloop
  endfacet
  facet normal -0.946462 0.322814 0
    outer loop
      vertex -40.8066 -1.57374 0
      vertex -40.9354 -1.95137 -25.5
      vertex -40.9354 -1.95137 0
    endloop
  endfacet
  facet normal -0.357218 -0.934021 0
    outer loop
      vertex -44.2738 5.16993 -6
      vertex -43.9011 5.02739 0
      vertex -44.2738 5.16993 0
    endloop
  endfacet
  facet normal -0.357218 -0.934021 -0
    outer loop
      vertex -43.9011 5.02739 0
      vertex -44.2738 5.16993 -6
      vertex -43.9011 5.02739 -6
    endloop
  endfacet
  facet normal 0.813251 0.581914 0
    outer loop
      vertex -50.361 -3.33854 0
      vertex -50.5932 -3.01403 -6
      vertex -50.5932 -3.01403 0
    endloop
  endfacet
  facet normal 0.813251 0.581914 0
    outer loop
      vertex -50.5932 -3.01403 -6
      vertex -50.361 -3.33854 0
      vertex -50.361 -3.33854 -6
    endloop
  endfacet
  facet normal -0.667274 -0.744813 0
    outer loop
      vertex -42.5433 4.19873 -6
      vertex -42.2461 3.93247 0
      vertex -42.5433 4.19873 0
    endloop
  endfacet
  facet normal -0.667274 -0.744813 -0
    outer loop
      vertex -42.2461 3.93247 0
      vertex -42.5433 4.19873 -6
      vertex -42.2461 3.93247 -6
    endloop
  endfacet
  facet normal -0.357218 0.934021 0
    outer loop
      vertex -43.9011 -5.02739 -6
      vertex -44.2738 -5.16993 0
      vertex -43.9011 -5.02739 0
    endloop
  endfacet
  facet normal -0.357218 0.934021 0
    outer loop
      vertex -44.2738 -5.16993 0
      vertex -43.9011 -5.02739 -6
      vertex -44.2738 -5.16993 -6
    endloop
  endfacet
  facet normal -0.489473 -0.872018 0
    outer loop
      vertex -43.5398 4.85803 -6
      vertex -43.1919 4.66275 0
      vertex -43.5398 4.85803 0
    endloop
  endfacet
  facet normal -0.489473 -0.872018 -0
    outer loop
      vertex -43.1919 4.66275 0
      vertex -43.5398 4.85803 -6
      vertex -43.1919 4.66275 -6
    endloop
  endfacet
  facet normal 0.719946 -0.69403 0
    outer loop
      vertex -50.1058 3.64523 0
      vertex -49.8289 3.93247 -6
      vertex -49.8289 3.93247 0
    endloop
  endfacet
  facet normal 0.719946 -0.69403 0
    outer loop
      vertex -49.8289 3.93247 -6
      vertex -50.1058 3.64523 0
      vertex -50.1058 3.64523 -6
    endloop
  endfacet
  facet normal -0.424435 -0.905458 0
    outer loop
      vertex -43.9011 5.02739 -6
      vertex -43.5398 4.85803 0
      vertex -43.9011 5.02739 0
    endloop
  endfacet
  facet normal -0.424435 -0.905458 -0
    outer loop
      vertex -43.5398 4.85803 0
      vertex -43.9011 5.02739 -6
      vertex -43.5398 4.85803 -6
    endloop
  endfacet
  facet normal 0.551736 -0.834019 0
    outer loop
      vertex -49.2159 4.44259 -6
      vertex -48.8831 4.66275 0
      vertex -49.2159 4.44259 0
    endloop
  endfacet
  facet normal 0.551736 -0.834019 0
    outer loop
      vertex -48.8831 4.66275 0
      vertex -49.2159 4.44259 -6
      vertex -48.8831 4.66275 -6
    endloop
  endfacet
  facet normal -0.0730139 -0.997331 0
    outer loop
      vertex -45.838 5.45886 -6
      vertex -45.4401 5.42973 0
      vertex -45.838 5.45886 0
    endloop
  endfacet
  facet normal -0.0730139 -0.997331 -0
    outer loop
      vertex -45.4401 5.42973 0
      vertex -45.838 5.45886 -6
      vertex -45.4401 5.42973 -6
    endloop
  endfacet
  facet normal -0.288084 -0.957605 0
    outer loop
      vertex -44.6559 5.28488 -6
      vertex -44.2738 5.16993 0
      vertex -44.6559 5.28488 0
    endloop
  endfacet
  facet normal -0.288084 -0.957605 -0
    outer loop
      vertex -44.2738 5.16993 0
      vertex -44.6559 5.28488 -6
      vertex -44.2738 5.16993 -6
    endloop
  endfacet
  facet normal -0.946462 -0.322814 0
    outer loop
      vertex -40.8066 1.57374 -25.5
      vertex -40.9354 1.95137 0
      vertex -40.9354 1.95137 -25.5
    endloop
  endfacet
  facet normal -0.946462 -0.322814 0
    outer loop
      vertex -40.9354 1.95137 0
      vertex -40.8066 1.57374 -25.5
      vertex -40.8066 1.57374 0
    endloop
  endfacet
  facet normal 0.489473 0.872018 -0
    outer loop
      vertex -48.5352 -4.85803 -6
      vertex -48.8831 -4.66275 0
      vertex -48.5352 -4.85803 0
    endloop
  endfacet
  facet normal 0.489473 0.872018 0
    outer loop
      vertex -48.8831 -4.66275 0
      vertex -48.5352 -4.85803 -6
      vertex -48.8831 -4.66275 -6
    endloop
  endfacet
  facet normal -0.489473 0.872018 0
    outer loop
      vertex -43.1919 -4.66275 -6
      vertex -43.5398 -4.85803 0
      vertex -43.1919 -4.66275 0
    endloop
  endfacet
  facet normal -0.489473 0.872018 0
    outer loop
      vertex -43.5398 -4.85803 0
      vertex -43.1919 -4.66275 -6
      vertex -43.5398 -4.85803 -6
    endloop
  endfacet
  facet normal 0.983354 0.181702 0
    outer loop
      vertex -51.3693 -1.18771 0
      vertex -51.4418 -0.795346 -6
      vertex -51.4418 -0.795346 0
    endloop
  endfacet
  facet normal 0.983354 0.181702 0
    outer loop
      vertex -51.4418 -0.795346 -6
      vertex -51.3693 -1.18771 0
      vertex -51.3693 -1.18771 -6
    endloop
  endfacet
  facet normal 0.967497 0.252883 0
    outer loop
      vertex -51.2684 -1.57374 0
      vertex -51.3693 -1.18771 -6
      vertex -51.3693 -1.18771 0
    endloop
  endfacet
  facet normal 0.967497 0.252883 0
    outer loop
      vertex -51.3693 -1.18771 -6
      vertex -51.2684 -1.57374 0
      vertex -51.2684 -1.57374 -6
    endloop
  endfacet
  facet normal 0.217448 -0.976072 0
    outer loop
      vertex -47.4191 5.28488 -6
      vertex -47.0297 5.37163 0
      vertex -47.4191 5.28488 0
    endloop
  endfacet
  facet normal 0.217448 -0.976072 0
    outer loop
      vertex -47.0297 5.37163 0
      vertex -47.4191 5.28488 -6
      vertex -47.0297 5.37163 -6
    endloop
  endfacet
  facet normal -0.994012 0.109273 0
    outer loop
      vertex -40.6332 -0.795346 -25.5
      vertex -40.5896 -0.398736 0
      vertex -40.5896 -0.398736 -25.5
    endloop
  endfacet
  facet normal -0.994012 0.109273 0
    outer loop
      vertex -40.5896 -0.398736 0
      vertex -40.6332 -0.795346 -25.5
      vertex -40.6332 -0.795346 0
    endloop
  endfacet
  facet normal 0 1 -0
    outer loop
      vertex -45.838 -5.45886 -6
      vertex -46.237 -5.45886 0
      vertex -45.838 -5.45886 0
    endloop
  endfacet
  facet normal 0 1 0
    outer loop
      vertex -46.237 -5.45886 0
      vertex -45.838 -5.45886 -6
      vertex -46.237 -5.45886 -6
    endloop
  endfacet
  facet normal -0.551736 0.834019 0
    outer loop
      vertex -42.8591 -4.44259 -6
      vertex -43.1919 -4.66275 0
      vertex -42.8591 -4.44259 0
    endloop
  endfacet
  facet normal -0.551736 0.834019 0
    outer loop
      vertex -43.1919 -4.66275 0
      vertex -42.8591 -4.44259 -6
      vertex -43.1919 -4.66275 -6
    endloop
  endfacet
  facet normal 0.611185 0.791488 -0
    outer loop
      vertex -49.2159 -4.44259 -6
      vertex -49.5317 -4.19873 0
      vertex -49.2159 -4.44259 0
    endloop
  endfacet
  facet normal 0.611185 0.791488 0
    outer loop
      vertex -49.5317 -4.19873 0
      vertex -49.2159 -4.44259 -6
      vertex -49.5317 -4.19873 -6
    endloop
  endfacet
  facet normal -0.768683 0.63963 0
    outer loop
      vertex -41.9692 -3.64523 -25.5
      vertex -41.714 -3.33854 0
      vertex -41.714 -3.33854 -25.5
    endloop
  endfacet
  facet normal -0.768683 0.63963 0
    outer loop
      vertex -41.714 -3.33854 0
      vertex -41.9692 -3.64523 -25.5
      vertex -41.9692 -3.64523 0
    endloop
  endfacet
  facet normal 0.145595 -0.989344 0
    outer loop
      vertex -47.0297 5.37163 -6
      vertex -46.6349 5.42973 0
      vertex -47.0297 5.37163 0
    endloop
  endfacet
  facet normal 0.145595 -0.989344 0
    outer loop
      vertex -46.6349 5.42973 0
      vertex -47.0297 5.37163 -6
      vertex -46.6349 5.42973 -6
    endloop
  endfacet
  facet normal -0.667274 0.744813 0
    outer loop
      vertex -42.2461 -3.93247 -6
      vertex -42.5433 -4.19873 0
      vertex -42.2461 -3.93247 0
    endloop
  endfacet
  facet normal -0.667274 0.744813 0
    outer loop
      vertex -42.5433 -4.19873 0
      vertex -42.2461 -3.93247 -6
      vertex -42.5433 -4.19873 -6
    endloop
  endfacet
  facet normal -0.889384 0.457161 0
    outer loop
      vertex -41.2739 -2.67344 -25.5
      vertex -41.0915 -2.31859 0
      vertex -41.0915 -2.31859 -25.5
    endloop
  endfacet
  facet normal -0.889384 0.457161 0
    outer loop
      vertex -41.0915 -2.31859 0
      vertex -41.2739 -2.67344 -25.5
      vertex -41.2739 -2.67344 0
    endloop
  endfacet
  facet normal -0.920302 0.391208 0
    outer loop
      vertex -41.0915 -2.31859 -25.5
      vertex -40.9354 -1.95137 0
      vertex -40.9354 -1.95137 -25.5
    endloop
  endfacet
  facet normal -0.920302 0.391208 0
    outer loop
      vertex -40.9354 -1.95137 0
      vertex -41.0915 -2.31859 -25.5
      vertex -41.0915 -2.31859 0
    endloop
  endfacet
  facet normal 0.489473 -0.872018 0
    outer loop
      vertex -48.8831 4.66275 -6
      vertex -48.5352 4.85803 0
      vertex -48.8831 4.66275 0
    endloop
  endfacet
  facet normal 0.489473 -0.872018 0
    outer loop
      vertex -48.5352 4.85803 0
      vertex -48.8831 4.66275 -6
      vertex -48.5352 4.85803 -6
    endloop
  endfacet
  facet normal 0.946462 -0.322814 0
    outer loop
      vertex -51.2684 1.57374 0
      vertex -51.1396 1.95137 -6
      vertex -51.1396 1.95137 0
    endloop
  endfacet
  facet normal 0.946462 -0.322814 0
    outer loop
      vertex -51.1396 1.95137 -6
      vertex -51.2684 1.57374 0
      vertex -51.2684 1.57374 -6
    endloop
  endfacet
  facet normal 0.967497 -0.252883 0
    outer loop
      vertex -51.3693 1.18771 0
      vertex -51.2684 1.57374 -6
      vertex -51.2684 1.57374 0
    endloop
  endfacet
  facet normal 0.967497 -0.252883 0
    outer loop
      vertex -51.2684 1.57374 -6
      vertex -51.3693 1.18771 0
      vertex -51.3693 1.18771 -6
    endloop
  endfacet
  facet normal -0.920302 -0.391208 0
    outer loop
      vertex -40.9354 1.95137 -25.5
      vertex -41.0915 2.31859 0
      vertex -41.0915 2.31859 -25.5
    endloop
  endfacet
  facet normal -0.920302 -0.391208 0
    outer loop
      vertex -41.0915 2.31859 0
      vertex -40.9354 1.95137 -25.5
      vertex -40.9354 1.95137 0
    endloop
  endfacet
  facet normal 0.99933 0.0365912 0
    outer loop
      vertex -51.4854 -0.398736 0
      vertex -51.5 0 -6
      vertex -51.5 0 0
    endloop
  endfacet
  facet normal 0.99933 0.0365912 0
    outer loop
      vertex -51.5 0 -6
      vertex -51.4854 -0.398736 0
      vertex -51.4854 -0.398736 -6
    endloop
  endfacet
  facet normal 0.853547 -0.521015 0
    outer loop
      vertex -50.8011 2.67344 0
      vertex -50.5932 3.01403 -6
      vertex -50.5932 3.01403 0
    endloop
  endfacet
  facet normal 0.853547 -0.521015 0
    outer loop
      vertex -50.5932 3.01403 -6
      vertex -50.8011 2.67344 0
      vertex -50.8011 2.67344 -6
    endloop
  endfacet
  facet normal 0.946462 0.322814 0
    outer loop
      vertex -51.1396 -1.95137 0
      vertex -51.2684 -1.57374 -6
      vertex -51.2684 -1.57374 0
    endloop
  endfacet
  facet normal 0.946462 0.322814 0
    outer loop
      vertex -51.2684 -1.57374 -6
      vertex -51.1396 -1.95137 0
      vertex -51.1396 -1.95137 -6
    endloop
  endfacet
  facet normal -0.889384 -0.457161 0
    outer loop
      vertex -41.0915 2.31859 -25.5
      vertex -41.2739 2.67344 0
      vertex -41.2739 2.67344 -25.5
    endloop
  endfacet
  facet normal -0.889384 -0.457161 0
    outer loop
      vertex -41.2739 2.67344 0
      vertex -41.0915 2.31859 -25.5
      vertex -41.0915 2.31859 0
    endloop
  endfacet
  facet normal -0.217448 -0.976072 0
    outer loop
      vertex -45.0453 5.37163 -6
      vertex -44.6559 5.28488 0
      vertex -45.0453 5.37163 0
    endloop
  endfacet
  facet normal -0.217448 -0.976072 -0
    outer loop
      vertex -44.6559 5.28488 0
      vertex -45.0453 5.37163 -6
      vertex -44.6559 5.28488 -6
    endloop
  endfacet
  facet normal 0.983354 -0.181702 0
    outer loop
      vertex -51.4418 0.795346 0
      vertex -51.3693 1.18771 -6
      vertex -51.3693 1.18771 0
    endloop
  endfacet
  facet normal 0.983354 -0.181702 0
    outer loop
      vertex -51.3693 1.18771 -6
      vertex -51.4418 0.795346 0
      vertex -51.4418 0.795346 -6
    endloop
  endfacet
  facet normal 0.288084 -0.957605 0
    outer loop
      vertex -47.8012 5.16993 -6
      vertex -47.4191 5.28488 0
      vertex -47.8012 5.16993 0
    endloop
  endfacet
  facet normal 0.288084 -0.957605 0
    outer loop
      vertex -47.4191 5.28488 0
      vertex -47.8012 5.16993 -6
      vertex -47.4191 5.28488 -6
    endloop
  endfacet
  facet normal 0.920302 0.391208 0
    outer loop
      vertex -50.9835 -2.31859 0
      vertex -51.1396 -1.95137 -6
      vertex -51.1396 -1.95137 0
    endloop
  endfacet
  facet normal 0.920302 0.391208 0
    outer loop
      vertex -51.1396 -1.95137 -6
      vertex -50.9835 -2.31859 0
      vertex -50.9835 -2.31859 -6
    endloop
  endfacet
  facet normal -0.288084 0.957605 0
    outer loop
      vertex -44.2738 -5.16993 -6
      vertex -44.6559 -5.28488 0
      vertex -44.2738 -5.16993 0
    endloop
  endfacet
  facet normal -0.288084 0.957605 0
    outer loop
      vertex -44.6559 -5.28488 0
      vertex -44.2738 -5.16993 -6
      vertex -44.6559 -5.28488 -6
    endloop
  endfacet
  facet normal 0.0730139 0.997331 -0
    outer loop
      vertex -46.237 -5.45886 -6
      vertex -46.6349 -5.42973 0
      vertex -46.237 -5.45886 0
    endloop
  endfacet
  facet normal 0.0730139 0.997331 0
    outer loop
      vertex -46.6349 -5.42973 0
      vertex -46.237 -5.45886 -6
      vertex -46.6349 -5.42973 -6
    endloop
  endfacet
  facet normal 0.99933 -0.0365912 0
    outer loop
      vertex -51.5 0 0
      vertex -51.4854 0.398736 -6
      vertex -51.4854 0.398736 0
    endloop
  endfacet
  facet normal 0.99933 -0.0365912 0
    outer loop
      vertex -51.4854 0.398736 -6
      vertex -51.5 0 0
      vertex -51.5 0 -6
    endloop
  endfacet
  facet normal 0.288084 0.957605 -0
    outer loop
      vertex -47.4191 -5.28488 -6
      vertex -47.8012 -5.16993 0
      vertex -47.4191 -5.28488 0
    endloop
  endfacet
  facet normal 0.288084 0.957605 0
    outer loop
      vertex -47.8012 -5.16993 0
      vertex -47.4191 -5.28488 -6
      vertex -47.8012 -5.16993 -6
    endloop
  endfacet
  facet normal 0.667274 0.744813 -0
    outer loop
      vertex -49.5317 -4.19873 -6
      vertex -49.8289 -3.93247 0
      vertex -49.5317 -4.19873 0
    endloop
  endfacet
  facet normal 0.667274 0.744813 0
    outer loop
      vertex -49.8289 -3.93247 0
      vertex -49.5317 -4.19873 -6
      vertex -49.8289 -3.93247 -6
    endloop
  endfacet
  facet normal 0.424435 0.905458 -0
    outer loop
      vertex -48.1739 -5.02739 -6
      vertex -48.5352 -4.85803 0
      vertex -48.1739 -5.02739 0
    endloop
  endfacet
  facet normal 0.424435 0.905458 0
    outer loop
      vertex -48.5352 -4.85803 0
      vertex -48.1739 -5.02739 -6
      vertex -48.5352 -4.85803 -6
    endloop
  endfacet
  facet normal 0.813251 -0.581914 0
    outer loop
      vertex -50.5932 3.01403 0
      vertex -50.361 3.33854 -6
      vertex -50.361 3.33854 0
    endloop
  endfacet
  facet normal 0.813251 -0.581914 0
    outer loop
      vertex -50.361 3.33854 -6
      vertex -50.5932 3.01403 0
      vertex -50.5932 3.01403 -6
    endloop
  endfacet
  facet normal 0.920302 -0.391208 0
    outer loop
      vertex -51.1396 1.95137 0
      vertex -50.9835 2.31859 -6
      vertex -50.9835 2.31859 0
    endloop
  endfacet
  facet normal 0.920302 -0.391208 0
    outer loop
      vertex -50.9835 2.31859 -6
      vertex -51.1396 1.95137 0
      vertex -51.1396 1.95137 -6
    endloop
  endfacet
  facet normal 0.965913 0 -0.258868
    outer loop
      vertex -34.8883 -50.2 -16.5033
      vertex -35.0193 50.2 -16.9921
      vertex -34.8883 50.2 -16.5033
    endloop
  endfacet
  facet normal 0.965913 0 -0.258868
    outer loop
      vertex -35.0193 50.2 -16.9921
      vertex -34.8883 -50.2 -16.5033
      vertex -35.0193 -50.2 -16.9921
    endloop
  endfacet
  facet normal 0.999849 -0 0.0173887
    outer loop
      vertex -35.45 -50.2 -20.5
      vertex -35.4412 50.2 -21.006
      vertex -35.45 50.2 -20.5
    endloop
  endfacet
  facet normal 0.999849 0 0.0173887
    outer loop
      vertex -35.4412 50.2 -21.006
      vertex -35.45 -50.2 -20.5
      vertex -35.4412 -50.2 -21.006
    endloop
  endfacet
  facet normal -0.447917 0 -0.894075
    outer loop
      vertex 32.7864 -50.2 -16.3918
      vertex 33.1423 50.2 -16.5701
      vertex 33.1423 -50.2 -16.5701
    endloop
  endfacet
  facet normal -0.447917 0 -0.894075
    outer loop
      vertex 33.1423 50.2 -16.5701
      vertex 32.7864 -50.2 -16.3918
      vertex 32.7864 50.2 -16.3918
    endloop
  endfacet
  facet normal 0.93363 0 -0.358237
    outer loop
      vertex -34.3942 -50.2 -15.0682
      vertex -34.5755 50.2 -15.5407
      vertex -34.3942 50.2 -15.0682
    endloop
  endfacet
  facet normal 0.93363 0 -0.358237
    outer loop
      vertex -34.5755 50.2 -15.5407
      vertex -34.3942 -50.2 -15.0682
      vertex -34.5755 -50.2 -15.5407
    endloop
  endfacet
  facet normal 0.974398 0 -0.224831
    outer loop
      vertex -35.0193 -50.2 -16.9921
      vertex -35.1331 50.2 -17.4853
      vertex -35.0193 50.2 -16.9921
    endloop
  endfacet
  facet normal 0.974398 0 -0.224831
    outer loop
      vertex -35.1331 50.2 -17.4853
      vertex -35.0193 -50.2 -16.9921
      vertex -35.1331 -50.2 -17.4853
    endloop
  endfacet
  facet normal 0.292383 0 -0.956301
    outer loop
      vertex -25.4307 -50.2 -6.70969
      vertex -24.9467 50.2 -6.56171
      vertex -24.9467 -50.2 -6.56171
    endloop
  endfacet
  facet normal 0.292383 0 -0.956301
    outer loop
      vertex -24.9467 50.2 -6.56171
      vertex -25.4307 -50.2 -6.70969
      vertex -25.4307 50.2 -6.70969
    endloop
  endfacet
  facet normal 0.484775 0 -0.874639
    outer loop
      vertex -28.2 -50.2 -7.94264
      vertex -27.7573 50.2 -7.69727
      vertex -27.7573 -50.2 -7.69727
    endloop
  endfacet
  facet normal 0.484775 0 -0.874639
    outer loop
      vertex -27.7573 50.2 -7.69727
      vertex -28.2 -50.2 -7.94264
      vertex -28.2 50.2 -7.94264
    endloop
  endfacet
  facet normal 0.99254 0 -0.121919
    outer loop
      vertex -35.3089 -50.2 -18.482
      vertex -35.3706 50.2 -18.9843
      vertex -35.3089 50.2 -18.482
    endloop
  endfacet
  facet normal 0.99254 0 -0.121919
    outer loop
      vertex -35.3706 50.2 -18.9843
      vertex -35.3089 -50.2 -18.482
      vertex -35.3706 -50.2 -18.9843
    endloop
  endfacet
  facet normal 0.39071 0 -0.920514
    outer loop
      vertex -26.8477 -50.2 -7.2536
      vertex -26.3818 50.2 -7.05585
      vertex -26.3818 -50.2 -7.05585
    endloop
  endfacet
  facet normal 0.39071 0 -0.920514
    outer loop
      vertex -26.3818 50.2 -7.05585
      vertex -26.8477 -50.2 -7.2536
      vertex -26.8477 50.2 -7.2536
    endloop
  endfacet
  facet normal 0.12186 0 -0.992547
    outer loop
      vertex -22.968 -50.2 -6.14111
      vertex -22.4657 50.2 -6.07944
      vertex -22.4657 -50.2 -6.07944
    endloop
  endfacet
  facet normal 0.12186 0 -0.992547
    outer loop
      vertex -22.4657 50.2 -6.07944
      vertex -22.968 -50.2 -6.14111
      vertex -22.968 50.2 -6.14111
    endloop
  endfacet
  facet normal 0.987681 0 -0.15648
    outer loop
      vertex -35.2297 -50.2 -17.9821
      vertex -35.3089 50.2 -18.482
      vertex -35.2297 50.2 -17.9821
    endloop
  endfacet
  facet normal 0.987681 0 -0.15648
    outer loop
      vertex -35.3089 50.2 -18.482
      vertex -35.2297 -50.2 -17.9821
      vertex -35.3089 -50.2 -18.482
    endloop
  endfacet
  facet normal 0.981615 -0 0.19087
    outer loop
      vertex -35.2297 -50.2 -23.0179
      vertex -35.1331 50.2 -23.5147
      vertex -35.2297 50.2 -23.0179
    endloop
  endfacet
  facet normal 0.981615 0 0.19087
    outer loop
      vertex -35.1331 50.2 -23.5147
      vertex -35.2297 -50.2 -23.0179
      vertex -35.1331 -50.2 -23.5147
    endloop
  endfacet
  facet normal 0.987681 -0 0.15648
    outer loop
      vertex -35.3089 -50.2 -22.518
      vertex -35.2297 50.2 -23.0179
      vertex -35.3089 50.2 -22.518
    endloop
  endfacet
  facet normal 0.987681 0 0.15648
    outer loop
      vertex -35.2297 50.2 -23.0179
      vertex -35.3089 -50.2 -22.518
      vertex -35.2297 -50.2 -23.0179
    endloop
  endfacet
  facet normal 0.998629 -0 0.0523515
    outer loop
      vertex -35.4412 -50.2 -21.006
      vertex -35.4147 50.2 -21.5115
      vertex -35.4412 50.2 -21.006
    endloop
  endfacet
  facet normal 0.998629 0 0.0523515
    outer loop
      vertex -35.4147 50.2 -21.5115
      vertex -35.4412 -50.2 -21.006
      vertex -35.4147 -50.2 -21.5115
    endloop
  endfacet
  facet normal -0.156441 0 -0.987687
    outer loop
      vertex -18.932 -50.2 -6.14111
      vertex -18.4321 50.2 -6.22029
      vertex -18.4321 -50.2 -6.22029
    endloop
  endfacet
  facet normal -0.156441 0 -0.987687
    outer loop
      vertex -18.4321 50.2 -6.22029
      vertex -18.932 -50.2 -6.14111
      vertex -18.932 50.2 -6.14111
    endloop
  endfacet
  facet normal 0.573568 0 -0.819158
    outer loop
      vertex -29.4729 -50.2 -8.76926
      vertex -29.0583 50.2 -8.47896
      vertex -29.0583 -50.2 -8.47896
    endloop
  endfacet
  facet normal 0.573568 0 -0.819158
    outer loop
      vertex -29.0583 50.2 -8.47896
      vertex -29.4729 -50.2 -8.76926
      vertex -29.4729 50.2 -8.76926
    endloop
  endfacet
  facet normal 0.974398 -0 0.224831
    outer loop
      vertex -35.1331 -50.2 -23.5147
      vertex -35.0193 50.2 -24.0079
      vertex -35.1331 50.2 -23.5147
    endloop
  endfacet
  facet normal 0.974398 0 0.224831
    outer loop
      vertex -35.0193 50.2 -24.0079
      vertex -35.1331 -50.2 -23.5147
      vertex -35.0193 -50.2 -24.0079
    endloop
  endfacet
  facet normal -0.0174479 0 -0.999848
    outer loop
      vertex -20.95 -50.2 -6
      vertex -20.444 50.2 -6.00883
      vertex -20.444 -50.2 -6.00883
    endloop
  endfacet
  facet normal -0.0174479 0 -0.999848
    outer loop
      vertex -20.444 50.2 -6.00883
      vertex -20.95 -50.2 -6
      vertex -20.95 50.2 -6
    endloop
  endfacet
  facet normal 0.95629 0 -0.292419
    outer loop
      vertex -34.7403 -50.2 -16.0193
      vertex -34.8883 50.2 -16.5033
      vertex -34.7403 50.2 -16.0193
    endloop
  endfacet
  facet normal 0.95629 0 -0.292419
    outer loop
      vertex -34.8883 50.2 -16.5033
      vertex -34.7403 -50.2 -16.0193
      vertex -34.8883 -50.2 -16.5033
    endloop
  endfacet
  facet normal 0.156441 0 -0.987687
    outer loop
      vertex -23.4679 -50.2 -6.22029
      vertex -22.968 50.2 -6.14111
      vertex -22.968 -50.2 -6.14111
    endloop
  endfacet
  facet normal 0.156441 0 -0.987687
    outer loop
      vertex -22.968 50.2 -6.14111
      vertex -23.4679 -50.2 -6.22029
      vertex -23.4679 50.2 -6.22029
    endloop
  endfacet
  facet normal -0.525498 0 -0.850795
    outer loop
      vertex 33.1423 -50.2 -16.5701
      vertex 33.481 50.2 -16.7793
      vertex 33.481 -50.2 -16.7793
    endloop
  endfacet
  facet normal -0.525498 0 -0.850795
    outer loop
      vertex 33.481 50.2 -16.7793
      vertex 33.1423 -50.2 -16.5701
      vertex 33.1423 50.2 -16.5701
    endloop
  endfacet
  facet normal 0.190813 0 -0.981626
    outer loop
      vertex -23.9647 -50.2 -6.31686
      vertex -23.4679 50.2 -6.22029
      vertex -23.4679 -50.2 -6.22029
    endloop
  endfacet
  facet normal 0.190813 0 -0.981626
    outer loop
      vertex -23.4679 50.2 -6.22029
      vertex -23.9647 -50.2 -6.31686
      vertex -23.9647 50.2 -6.31686
    endloop
  endfacet
  facet normal -0.0871719 0 -0.996193
    outer loop
      vertex -19.9385 -50.2 -6.03532
      vertex -19.4343 50.2 -6.07944
      vertex -19.4343 -50.2 -6.07944
    endloop
  endfacet
  facet normal -0.0871719 0 -0.996193
    outer loop
      vertex -19.4343 50.2 -6.07944
      vertex -19.9385 -50.2 -6.03532
      vertex -19.9385 50.2 -6.03532
    endloop
  endfacet
  facet normal -0.0523318 0 -0.99863
    outer loop
      vertex -20.444 -50.2 -6.00883
      vertex -19.9385 50.2 -6.03532
      vertex -19.9385 -50.2 -6.03532
    endloop
  endfacet
  facet normal -0.0523318 0 -0.99863
    outer loop
      vertex -19.9385 50.2 -6.03532
      vertex -20.444 -50.2 -6.00883
      vertex -20.444 50.2 -6.00883
    endloop
  endfacet
  facet normal 0.258831 0 -0.965923
    outer loop
      vertex -24.9467 -50.2 -6.56171
      vertex -24.4579 50.2 -6.43073
      vertex -24.4579 -50.2 -6.43073
    endloop
  endfacet
  facet normal 0.258831 0 -0.965923
    outer loop
      vertex -24.4579 50.2 -6.43073
      vertex -24.9467 -50.2 -6.56171
      vertex -24.9467 50.2 -6.56171
    endloop
  endfacet
  facet normal 0.819158 0 -0.573568
    outer loop
      vertex -32.6807 -50.2 -11.9771
      vertex -32.971 50.2 -12.3917
      vertex -32.6807 50.2 -11.9771
    endloop
  endfacet
  facet normal 0.819158 0 -0.573568
    outer loop
      vertex -32.971 50.2 -12.3917
      vertex -32.6807 -50.2 -11.9771
      vertex -32.971 -50.2 -12.3917
    endloop
  endfacet
  facet normal 0.981615 0 -0.19087
    outer loop
      vertex -35.1331 -50.2 -17.4853
      vertex -35.2297 50.2 -17.9821
      vertex -35.1331 50.2 -17.4853
    endloop
  endfacet
  facet normal 0.981615 0 -0.19087
    outer loop
      vertex -35.2297 50.2 -17.9821
      vertex -35.1331 -50.2 -17.4853
      vertex -35.2297 -50.2 -17.9821
    endloop
  endfacet
  facet normal -0.730203 0 -0.683231
    outer loop
      vertex 34.3686 -50.2 -17.5737
      vertex 34.0966 50.2 -17.283
      vertex 34.3686 50.2 -17.5737
    endloop
  endfacet
  facet normal -0.730203 -0 -0.683231
    outer loop
      vertex 34.0966 50.2 -17.283
      vertex 34.3686 -50.2 -17.5737
      vertex 34.0966 -50.2 -17.283
    endloop
  endfacet
  facet normal -0.19771 0 -0.980261
    outer loop
      vertex 31.6441 -50.2 -16.0539
      vertex 32.0343 50.2 -16.1326
      vertex 32.0343 -50.2 -16.1326
    endloop
  endfacet
  facet normal -0.19771 0 -0.980261
    outer loop
      vertex 32.0343 50.2 -16.1326
      vertex 31.6441 -50.2 -16.0539
      vertex 31.6441 50.2 -16.0539
    endloop
  endfacet
  facet normal 0.965913 -0 0.258868
    outer loop
      vertex -35.0193 -50.2 -24.0079
      vertex -34.8883 50.2 -24.4967
      vertex -35.0193 50.2 -24.0079
    endloop
  endfacet
  facet normal 0.965913 0 0.258868
    outer loop
      vertex -34.8883 50.2 -24.4967
      vertex -35.0193 -50.2 -24.0079
      vertex -34.8883 -50.2 -24.4967
    endloop
  endfacet
  facet normal 0.99254 -0 0.121919
    outer loop
      vertex -35.3706 -50.2 -22.0157
      vertex -35.3089 50.2 -22.518
      vertex -35.3706 50.2 -22.0157
    endloop
  endfacet
  facet normal 0.99254 0 0.121919
    outer loop
      vertex -35.3089 50.2 -22.518
      vertex -35.3706 -50.2 -22.0157
      vertex -35.3089 -50.2 -22.518
    endloop
  endfacet
  facet normal 0.920478 0 -0.390793
    outer loop
      vertex -34.1964 -50.2 -14.6023
      vertex -34.3942 50.2 -15.0682
      vertex -34.1964 50.2 -14.6023
    endloop
  endfacet
  facet normal 0.920478 0 -0.390793
    outer loop
      vertex -34.3942 50.2 -15.0682
      vertex -34.1964 -50.2 -14.6023
      vertex -34.3942 -50.2 -15.0682
    endloop
  endfacet
  facet normal 0.0871719 0 -0.996193
    outer loop
      vertex -22.4657 -50.2 -6.07944
      vertex -21.9615 50.2 -6.03532
      vertex -21.9615 -50.2 -6.03532
    endloop
  endfacet
  facet normal 0.0871719 0 -0.996193
    outer loop
      vertex -21.9615 50.2 -6.03532
      vertex -22.4657 -50.2 -6.07944
      vertex -22.4657 50.2 -6.07944
    endloop
  endfacet
  facet normal 0.682068 0 -0.731288
    outer loop
      vertex -31.0225 -50.2 -10.0696
      vertex -30.6524 50.2 -9.72441
      vertex -30.6524 -50.2 -9.72441
    endloop
  endfacet
  facet normal 0.682068 0 -0.731288
    outer loop
      vertex -30.6524 50.2 -9.72441
      vertex -31.0225 -50.2 -10.0696
      vertex -31.0225 50.2 -10.0696
    endloop
  endfacet
  facet normal 0.629347 0 -0.777125
    outer loop
      vertex -30.2704 -50.2 -9.39236
      vertex -29.8771 50.2 -9.07385
      vertex -29.8771 -50.2 -9.07385
    endloop
  endfacet
  facet normal 0.629347 0 -0.777125
    outer loop
      vertex -29.8771 50.2 -9.07385
      vertex -30.2704 -50.2 -9.39236
      vertex -30.2704 50.2 -9.39236
    endloop
  endfacet
  facet normal 0.798623 0 -0.601832
    outer loop
      vertex -32.3761 -50.2 -11.5729
      vertex -32.6807 50.2 -11.9771
      vertex -32.3761 50.2 -11.5729
    endloop
  endfacet
  facet normal 0.798623 0 -0.601832
    outer loop
      vertex -32.6807 50.2 -11.9771
      vertex -32.3761 -50.2 -11.5729
      vertex -32.6807 -50.2 -11.9771
    endloop
  endfacet
  facet normal 0.0523318 0 -0.99863
    outer loop
      vertex -21.9615 -50.2 -6.03532
      vertex -21.456 50.2 -6.00883
      vertex -21.456 -50.2 -6.00883
    endloop
  endfacet
  facet normal 0.0523318 0 -0.99863
    outer loop
      vertex -21.456 50.2 -6.00883
      vertex -21.9615 -50.2 -6.03532
      vertex -21.9615 50.2 -6.03532
    endloop
  endfacet
  facet normal -0.190813 0 -0.981626
    outer loop
      vertex -18.4321 -50.2 -6.22029
      vertex -17.9353 50.2 -6.31686
      vertex -17.9353 -50.2 -6.31686
    endloop
  endfacet
  facet normal -0.190813 0 -0.981626
    outer loop
      vertex -17.9353 50.2 -6.31686
      vertex -18.4321 -50.2 -6.22029
      vertex -18.4321 50.2 -6.22029
    endloop
  endfacet
  facet normal 0.224962 0 -0.974368
    outer loop
      vertex -24.4579 -50.2 -6.43073
      vertex -23.9647 50.2 -6.31686
      vertex -23.9647 -50.2 -6.31686
    endloop
  endfacet
  facet normal 0.224962 0 -0.974368
    outer loop
      vertex -23.9647 50.2 -6.31686
      vertex -24.4579 -50.2 -6.43073
      vertex -24.4579 50.2 -6.43073
    endloop
  endfacet
  facet normal 0.515062 0 -0.857153
    outer loop
      vertex -28.6338 -50.2 -8.20331
      vertex -28.2 50.2 -7.94264
      vertex -28.2 -50.2 -7.94264
    endloop
  endfacet
  facet normal 0.515062 0 -0.857153
    outer loop
      vertex -28.2 50.2 -7.94264
      vertex -28.6338 -50.2 -8.20331
      vertex -28.6338 50.2 -8.20331
    endloop
  endfacet
  facet normal 0.945516 -0 0.325577
    outer loop
      vertex -34.7403 -50.2 -24.9807
      vertex -34.5755 50.2 -25.4593
      vertex -34.7403 50.2 -24.9807
    endloop
  endfacet
  facet normal 0.945516 0 0.325577
    outer loop
      vertex -34.5755 50.2 -25.4593
      vertex -34.7403 -50.2 -24.9807
      vertex -34.5755 -50.2 -25.4593
    endloop
  endfacet
  facet normal 0.45403 0 -0.890987
    outer loop
      vertex -27.7573 -50.2 -7.69727
      vertex -27.3064 50.2 -7.4675
      vertex -27.3064 -50.2 -7.4675
    endloop
  endfacet
  facet normal 0.45403 0 -0.890987
    outer loop
      vertex -27.3064 50.2 -7.4675
      vertex -27.7573 -50.2 -7.69727
      vertex -27.7573 50.2 -7.69727
    endloop
  endfacet
  facet normal -0.192712 0 -0.981255
    outer loop
      vertex -17.9353 -50.2 -6.31686
      vertex 31.6441 50.2 -16.0539
      vertex 31.6441 -50.2 -16.0539
    endloop
  endfacet
  facet normal -0.192712 0 -0.981255
    outer loop
      vertex 31.6441 50.2 -16.0539
      vertex -17.9353 -50.2 -6.31686
      vertex -17.9353 50.2 -6.31686
    endloop
  endfacet
  facet normal 0.325541 0 -0.945528
    outer loop
      vertex -25.9093 -50.2 -6.87447
      vertex -25.4307 50.2 -6.70969
      vertex -25.4307 -50.2 -6.70969
    endloop
  endfacet
  facet normal 0.325541 0 -0.945528
    outer loop
      vertex -25.4307 50.2 -6.70969
      vertex -25.9093 -50.2 -6.87447
      vertex -25.9093 50.2 -6.87447
    endloop
  endfacet
  facet normal 0.838647 0 -0.544676
    outer loop
      vertex -32.971 -50.2 -12.3917
      vertex -33.2467 50.2 -12.8162
      vertex -32.971 50.2 -12.3917
    endloop
  endfacet
  facet normal 0.838647 0 -0.544676
    outer loop
      vertex -33.2467 50.2 -12.8162
      vertex -32.971 -50.2 -12.3917
      vertex -33.2467 -50.2 -12.8162
    endloop
  endfacet
  facet normal 0.857127 0 -0.515106
    outer loop
      vertex -33.2467 -50.2 -12.8162
      vertex -33.5074 50.2 -13.25
      vertex -33.2467 50.2 -12.8162
    endloop
  endfacet
  facet normal 0.857127 0 -0.515106
    outer loop
      vertex -33.5074 50.2 -13.25
      vertex -33.2467 -50.2 -12.8162
      vertex -33.5074 -50.2 -13.25
    endloop
  endfacet
  facet normal 0.754776 0 -0.655983
    outer loop
      vertex -31.7256 -50.2 -10.7976
      vertex -32.0576 50.2 -11.1796
      vertex -31.7256 50.2 -10.7976
    endloop
  endfacet
  facet normal 0.754776 0 -0.655983
    outer loop
      vertex -32.0576 50.2 -11.1796
      vertex -31.7256 -50.2 -10.7976
      vertex -32.0576 -50.2 -11.1796
    endloop
  endfacet
  facet normal 0.890963 0 -0.454077
    outer loop
      vertex -33.7527 -50.2 -13.6927
      vertex -33.9825 50.2 -14.1436
      vertex -33.7527 50.2 -13.6927
    endloop
  endfacet
  facet normal 0.890963 0 -0.454077
    outer loop
      vertex -33.9825 50.2 -14.1436
      vertex -33.7527 -50.2 -13.6927
      vertex -33.9825 -50.2 -14.1436
    endloop
  endfacet
  facet normal -0.921546 0 -0.38827
    outer loop
      vertex 35.0573 -50.2 -18.6698
      vertex 35.0166 50.2 -18.5732
      vertex 35.0573 50.2 -18.6698
    endloop
  endfacet
  facet normal -0.921546 -0 -0.38827
    outer loop
      vertex 35.0166 50.2 -18.5732
      vertex 35.0573 -50.2 -18.6698
      vertex 35.0166 -50.2 -18.5732
    endloop
  endfacet
  facet normal 0.777134 0 -0.629335
    outer loop
      vertex -32.0576 -50.2 -11.1796
      vertex -32.3761 50.2 -11.5729
      vertex -32.0576 50.2 -11.1796
    endloop
  endfacet
  facet normal 0.777134 0 -0.629335
    outer loop
      vertex -32.3761 50.2 -11.5729
      vertex -32.0576 -50.2 -11.1796
      vertex -32.3761 -50.2 -11.5729
    endloop
  endfacet
  facet normal 0.731279 0 -0.682079
    outer loop
      vertex -31.3804 -50.2 -10.4275
      vertex -31.7256 50.2 -10.7976
      vertex -31.3804 50.2 -10.4275
    endloop
  endfacet
  facet normal 0.731279 0 -0.682079
    outer loop
      vertex -31.7256 50.2 -10.7976
      vertex -31.3804 -50.2 -10.4275
      vertex -31.7256 -50.2 -10.7976
    endloop
  endfacet
  facet normal 0.874697 0 -0.48467
    outer loop
      vertex -33.5074 -50.2 -13.25
      vertex -33.7527 50.2 -13.6927
      vertex -33.5074 50.2 -13.25
    endloop
  endfacet
  facet normal 0.874697 0 -0.48467
    outer loop
      vertex -33.7527 50.2 -13.6927
      vertex -33.5074 -50.2 -13.25
      vertex -33.7527 -50.2 -13.6927
    endloop
  endfacet
  facet normal -0.883892 0 -0.467692
    outer loop
      vertex 35.0166 -50.2 -18.5732
      vertex 34.8304 50.2 -18.2213
      vertex 35.0166 50.2 -18.5732
    endloop
  endfacet
  facet normal -0.883892 -0 -0.467692
    outer loop
      vertex 34.8304 50.2 -18.2213
      vertex 35.0166 -50.2 -18.5732
      vertex 34.8304 -50.2 -18.2213
    endloop
  endfacet
  facet normal -0.12186 0 -0.992547
    outer loop
      vertex -19.4343 -50.2 -6.07944
      vertex -18.932 50.2 -6.14111
      vertex -18.932 -50.2 -6.14111
    endloop
  endfacet
  facet normal -0.12186 0 -0.992547
    outer loop
      vertex -18.932 50.2 -6.14111
      vertex -19.4343 -50.2 -6.07944
      vertex -19.4343 50.2 -6.07944
    endloop
  endfacet
  facet normal 0.95629 -0 0.292419
    outer loop
      vertex -34.8883 -50.2 -24.4967
      vertex -34.7403 50.2 -24.9807
      vertex -34.8883 50.2 -24.4967
    endloop
  endfacet
  facet normal 0.95629 0 0.292419
    outer loop
      vertex -34.7403 50.2 -24.9807
      vertex -34.8883 -50.2 -24.4967
      vertex -34.7403 -50.2 -24.9807
    endloop
  endfacet
  facet normal 0.0174479 0 -0.999848
    outer loop
      vertex -21.456 -50.2 -6.00883
      vertex -20.95 50.2 -6
      vertex -20.95 -50.2 -6
    endloop
  endfacet
  facet normal 0.0174479 0 -0.999848
    outer loop
      vertex -20.95 50.2 -6
      vertex -21.456 -50.2 -6.00883
      vertex -21.456 50.2 -6.00883
    endloop
  endfacet
  facet normal 0.544606 0 -0.838692
    outer loop
      vertex -29.0583 -50.2 -8.47896
      vertex -28.6338 50.2 -8.20331
      vertex -28.6338 -50.2 -8.20331
    endloop
  endfacet
  facet normal 0.544606 0 -0.838692
    outer loop
      vertex -28.6338 50.2 -8.20331
      vertex -29.0583 -50.2 -8.47896
      vertex -29.0583 50.2 -8.47896
    endloop
  endfacet
  facet normal -0.787781 0 -0.615956
    outer loop
      vertex 34.6138 -50.2 -17.8873
      vertex 34.3686 50.2 -17.5737
      vertex 34.6138 50.2 -17.8873
    endloop
  endfacet
  facet normal -0.787781 -0 -0.615956
    outer loop
      vertex 34.3686 50.2 -17.5737
      vertex 34.6138 -50.2 -17.8873
      vertex 34.3686 -50.2 -17.5737
    endloop
  endfacet
  facet normal -0.839017 0 -0.544105
    outer loop
      vertex 34.8304 -50.2 -18.2213
      vertex 34.6138 50.2 -17.8873
      vertex 34.8304 50.2 -18.2213
    endloop
  endfacet
  facet normal -0.839017 -0 -0.544105
    outer loop
      vertex 34.6138 50.2 -17.8873
      vertex 34.8304 -50.2 -18.2213
      vertex 34.6138 -50.2 -17.8873
    endloop
  endfacet
  facet normal 0.707107 0 -0.707107
    outer loop
      vertex -31.0225 -50.2 -10.0696
      vertex -31.3804 50.2 -10.4275
      vertex -31.0225 50.2 -10.0696
    endloop
  endfacet
  facet normal 0.707107 0 -0.707107
    outer loop
      vertex -31.3804 50.2 -10.4275
      vertex -31.0225 -50.2 -10.0696
      vertex -31.3804 -50.2 -10.4275
    endloop
  endfacet
  facet normal 0.998629 0 -0.0523515
    outer loop
      vertex -35.4147 -50.2 -19.4885
      vertex -35.4412 50.2 -19.994
      vertex -35.4147 50.2 -19.4885
    endloop
  endfacet
  facet normal 0.998629 0 -0.0523515
    outer loop
      vertex -35.4412 50.2 -19.994
      vertex -35.4147 -50.2 -19.4885
      vertex -35.4412 -50.2 -19.994
    endloop
  endfacet
  facet normal 0.422626 0 -0.906304
    outer loop
      vertex -27.3064 -50.2 -7.4675
      vertex -26.8477 50.2 -7.2536
      vertex -26.8477 -50.2 -7.2536
    endloop
  endfacet
  facet normal 0.422626 0 -0.906304
    outer loop
      vertex -26.8477 50.2 -7.2536
      vertex -27.3064 -50.2 -7.4675
      vertex -27.3064 50.2 -7.4675
    endloop
  endfacet
  facet normal -0.598431 0 -0.801174
    outer loop
      vertex 33.481 -50.2 -16.7793
      vertex 33.7999 50.2 -17.0175
      vertex 33.7999 -50.2 -17.0175
    endloop
  endfacet
  facet normal -0.598431 0 -0.801174
    outer loop
      vertex 33.7999 50.2 -17.0175
      vertex 33.481 -50.2 -16.7793
      vertex 33.481 50.2 -16.7793
    endloop
  endfacet
  facet normal 0.999849 0 -0.0173887
    outer loop
      vertex -35.4412 -50.2 -19.994
      vertex -35.45 50.2 -20.5
      vertex -35.4412 50.2 -19.994
    endloop
  endfacet
  facet normal 0.999849 0 -0.0173887
    outer loop
      vertex -35.45 50.2 -20.5
      vertex -35.4412 -50.2 -19.994
      vertex -35.45 -50.2 -20.5
    endloop
  endfacet
  facet normal 0.933759 -0 0.357903
    outer loop
      vertex -34.5755 -50.2 -25.4593
      vertex -34.5599 50.2 -25.5
      vertex -34.5755 50.2 -25.4593
    endloop
  endfacet
  facet normal 0.933759 0 0.357903
    outer loop
      vertex -34.5599 50.2 -25.5
      vertex -34.5755 -50.2 -25.4593
      vertex -34.5599 -50.2 -25.5
    endloop
  endfacet
  facet normal 0.996197 -0 0.0871326
    outer loop
      vertex -35.4147 -50.2 -21.5115
      vertex -35.3706 50.2 -22.0157
      vertex -35.4147 50.2 -21.5115
    endloop
  endfacet
  facet normal 0.996197 0 0.0871326
    outer loop
      vertex -35.3706 50.2 -22.0157
      vertex -35.4147 -50.2 -21.5115
      vertex -35.3706 -50.2 -22.0157
    endloop
  endfacet
  facet normal 0.601819 0 -0.798632
    outer loop
      vertex -29.8771 -50.2 -9.07385
      vertex -29.4729 50.2 -8.76926
      vertex -29.4729 -50.2 -8.76926
    endloop
  endfacet
  facet normal 0.601819 0 -0.798632
    outer loop
      vertex -29.4729 50.2 -8.76926
      vertex -29.8771 -50.2 -9.07385
      vertex -29.8771 50.2 -9.07385
    endloop
  endfacet
  facet normal -0.283567 0 -0.958953
    outer loop
      vertex 32.0343 -50.2 -16.1326
      vertex 32.4161 50.2 -16.2455
      vertex 32.4161 -50.2 -16.2455
    endloop
  endfacet
  facet normal -0.283567 0 -0.958953
    outer loop
      vertex 32.4161 50.2 -16.2455
      vertex 32.0343 -50.2 -16.1326
      vertex 32.0343 50.2 -16.1326
    endloop
  endfacet
  facet normal 0.656039 0 -0.754727
    outer loop
      vertex -30.6524 -50.2 -9.72441
      vertex -30.2704 50.2 -9.39236
      vertex -30.2704 -50.2 -9.39236
    endloop
  endfacet
  facet normal 0.656039 0 -0.754727
    outer loop
      vertex -30.2704 50.2 -9.39236
      vertex -30.6524 -50.2 -9.72441
      vertex -30.6524 50.2 -9.72441
    endloop
  endfacet
  facet normal 0.906304 0 -0.422626
    outer loop
      vertex -33.9825 -50.2 -14.1436
      vertex -34.1964 50.2 -14.6023
      vertex -33.9825 50.2 -14.1436
    endloop
  endfacet
  facet normal 0.906304 0 -0.422626
    outer loop
      vertex -34.1964 50.2 -14.6023
      vertex -33.9825 -50.2 -14.1436
      vertex -34.1964 -50.2 -14.6023
    endloop
  endfacet
  facet normal -0.666839 0 -0.745202
    outer loop
      vertex 33.7999 -50.2 -17.0175
      vertex 34.0966 50.2 -17.283
      vertex 34.0966 -50.2 -17.283
    endloop
  endfacet
  facet normal -0.666839 0 -0.745202
    outer loop
      vertex 34.0966 50.2 -17.283
      vertex 33.7999 -50.2 -17.0175
      vertex 33.7999 50.2 -17.0175
    endloop
  endfacet
  facet normal 0.945516 0 -0.325577
    outer loop
      vertex -34.5755 -50.2 -15.5407
      vertex -34.7403 50.2 -16.0193
      vertex -34.5755 50.2 -15.5407
    endloop
  endfacet
  facet normal 0.945516 0 -0.325577
    outer loop
      vertex -34.7403 50.2 -16.0193
      vertex -34.5755 -50.2 -15.5407
      vertex -34.7403 -50.2 -16.0193
    endloop
  endfacet
  facet normal 0.358375 0 -0.933578
    outer loop
      vertex -26.3818 -50.2 -7.05585
      vertex -25.9093 50.2 -6.87447
      vertex -25.9093 -50.2 -6.87447
    endloop
  endfacet
  facet normal 0.358375 0 -0.933578
    outer loop
      vertex -25.9093 50.2 -6.87447
      vertex -26.3818 -50.2 -7.05585
      vertex -26.3818 50.2 -7.05585
    endloop
  endfacet
  facet normal 0.996197 0 -0.0871326
    outer loop
      vertex -35.3706 -50.2 -18.9843
      vertex -35.4147 50.2 -19.4885
      vertex -35.3706 50.2 -18.9843
    endloop
  endfacet
  facet normal 0.996197 0 -0.0871326
    outer loop
      vertex -35.4147 50.2 -19.4885
      vertex -35.3706 -50.2 -18.9843
      vertex -35.4147 -50.2 -19.4885
    endloop
  endfacet
  facet normal -0.367447 0 -0.930045
    outer loop
      vertex 32.4161 -50.2 -16.2455
      vertex 32.7864 50.2 -16.3918
      vertex 32.7864 -50.2 -16.3918
    endloop
  endfacet
  facet normal -0.367447 0 -0.930045
    outer loop
      vertex 32.7864 50.2 -16.3918
      vertex 32.4161 -50.2 -16.2455
      vertex 32.4161 50.2 -16.2455
    endloop
  endfacet
  facet normal -1 0 0
    outer loop
      vertex 36.45 -50.2 -25.5
      vertex 36.45 50.2 -18.5
      vertex 36.45 50.2 -25.5
    endloop
  endfacet
  facet normal -1 -0 0
    outer loop
      vertex 36.45 50.2 -18.5
      vertex 36.45 -50.2 -25.5
      vertex 36.45 -50.2 -18.5
    endloop
  endfacet
  facet normal 0.121025 0 -0.992649
    outer loop
      vertex 35.0573 -50.2 -18.6698
      vertex 36.45 50.2 -18.5
      vertex 36.45 -50.2 -18.5
    endloop
  endfacet
  facet normal 0.121025 0 -0.992649
    outer loop
      vertex 36.45 50.2 -18.5
      vertex 35.0573 -50.2 -18.6698
      vertex 35.0573 50.2 -18.6698
    endloop
  endfacet
endsolid OpenSCAD_Model
