solid OpenSCAD_Model
  facet normal -1 0 0
    outer loop
      vertex -52.325 -50.2 -6
      vertex -52.325 50.2 -4.58833
      vertex -52.325 50.2 -6
    endloop
  endfacet
  facet normal -1 -0 0
    outer loop
      vertex -52.325 50.2 -4.58833
      vertex -52.325 -50.2 -6
      vertex -52.325 -50.2 -4.58833
    endloop
  endfacet
  facet normal -1 0 0
    outer loop
      vertex -52.325 50.2 0
      vertex -52.325 45.2 0
      vertex -52.325 50.2 5
    endloop
  endfacet
  facet normal -1 0 0
    outer loop
      vertex -52.325 50.2 -1.41166
      vertex -52.325 45.2 0
      vertex -52.325 50.2 0
    endloop
  endfacet
  facet normal -1 0 0
    outer loop
      vertex -52.325 50.2 -1.41166
      vertex -52.325 -45.2 0
      vertex -52.325 45.2 0
    endloop
  endfacet
  facet normal -1 0 0
    outer loop
      vertex -52.325 -50.2 -1.41166
      vertex -52.325 -45.2 0
      vertex -52.325 50.2 -1.41166
    endloop
  endfacet
  facet normal -1 -0 0
    outer loop
      vertex -52.325 -45.2 0
      vertex -52.325 -50.2 -1.41166
      vertex -52.325 -50.2 0
    endloop
  endfacet
  facet normal -1 0 0
    outer loop
      vertex -52.325 -45.2 0
      vertex -52.325 -50.2 0
      vertex -52.325 -50.2 5
    endloop
  endfacet
  facet normal 0 0 1
    outer loop
      vertex 52.325 45.2 0
      vertex 48.325 0 0
      vertex 52.325 -45.2 0
    endloop
  endfacet
  facet normal 0 0 1
    outer loop
      vertex 52.325 45.2 0
      vertex 48.3091 0.395291 0
      vertex 48.325 0 0
    endloop
  endfacet
  facet normal 0 0 1
    outer loop
      vertex 52.325 45.2 0
      vertex 48.2614 0.78802 0
      vertex 48.3091 0.395291 0
    endloop
  endfacet
  facet normal 0 0 1
    outer loop
      vertex 52.325 45.2 0
      vertex 48.1823 1.17564 0
      vertex 48.2614 0.78802 0
    endloop
  endfacet
  facet normal 0 0 1
    outer loop
      vertex 52.325 45.2 0
      vertex 48.0722 1.55563 0
      vertex 48.1823 1.17564 0
    endloop
  endfacet
  facet normal 0 0 1
    outer loop
      vertex 52.325 45.2 0
      vertex 47.9319 1.92554 0
      vertex 48.0722 1.55563 0
    endloop
  endfacet
  facet normal 0 0 1
    outer loop
      vertex 52.325 45.2 0
      vertex 47.7623 2.28295 0
      vertex 47.9319 1.92554 0
    endloop
  endfacet
  facet normal 0 0 1
    outer loop
      vertex 52.325 45.2 0
      vertex 47.5645 2.62556 0
      vertex 47.7623 2.28295 0
    endloop
  endfacet
  facet normal 0 0 1
    outer loop
      vertex 52.325 45.2 0
      vertex 47.3398 2.95115 0
      vertex 47.5645 2.62556 0
    endloop
  endfacet
  facet normal 0 0 1
    outer loop
      vertex 52.325 45.2 0
      vertex 47.0896 3.25759 0
      vertex 47.3398 2.95115 0
    endloop
  endfacet
  facet normal 0 0 1
    outer loop
      vertex 52.325 45.2 0
      vertex 46.8155 3.54291 0
      vertex 47.0896 3.25759 0
    endloop
  endfacet
  facet normal 0 0 1
    outer loop
      vertex 52.325 45.2 0
      vertex 46.5194 3.80525 0
      vertex 46.8155 3.54291 0
    endloop
  endfacet
  facet normal 0 0 1
    outer loop
      vertex 52.325 45.2 0
      vertex 46.2031 4.04291 0
      vertex 46.5194 3.80525 0
    endloop
  endfacet
  facet normal 0 0 1
    outer loop
      vertex 52.325 45.2 0
      vertex 45.8688 4.25435 0
      vertex 46.2031 4.04291 0
    endloop
  endfacet
  facet normal 0 0 1
    outer loop
      vertex 52.325 45.2 0
      vertex 45.5185 4.4382 0
      vertex 45.8688 4.25435 0
    endloop
  endfacet
  facet normal 0 0 1
    outer loop
      vertex 52.325 45.2 0
      vertex 45.1545 4.59327 0
      vertex 45.5185 4.4382 0
    endloop
  endfacet
  facet normal 0 0 1
    outer loop
      vertex 52.325 45.2 0
      vertex 44.7792 4.71854 0
      vertex 45.1545 4.59327 0
    endloop
  endfacet
  facet normal 0 0 1
    outer loop
      vertex 52.325 45.2 0
      vertex 44.3951 4.81322 0
      vertex 44.7792 4.71854 0
    endloop
  endfacet
  facet normal 0 0 1
    outer loop
      vertex 52.325 45.2 0
      vertex 44.0046 4.87668 0
      vertex 44.3951 4.81322 0
    endloop
  endfacet
  facet normal 0 0 1
    outer loop
      vertex 52.325 45.2 0
      vertex 43.6103 4.90852 0
      vertex 44.0046 4.87668 0
    endloop
  endfacet
  facet normal 0 0 1
    outer loop
      vertex 52.325 45.2 0
      vertex 43.2147 4.90852 0
      vertex 43.6103 4.90852 0
    endloop
  endfacet
  facet normal 0 0 1
    outer loop
      vertex 52.325 45.2 0
      vertex 42.8204 4.87668 0
      vertex 43.2147 4.90852 0
    endloop
  endfacet
  facet normal 0 0 1
    outer loop
      vertex 52.325 45.2 0
      vertex 42.4299 4.81322 0
      vertex 42.8204 4.87668 0
    endloop
  endfacet
  facet normal 0 0 1
    outer loop
      vertex 52.325 45.2 0
      vertex 42.0458 4.71854 0
      vertex 42.4299 4.81322 0
    endloop
  endfacet
  facet normal 0 0 1
    outer loop
      vertex 52.325 45.2 0
      vertex 41.6705 4.59327 0
      vertex 42.0458 4.71854 0
    endloop
  endfacet
  facet normal 0 0 1
    outer loop
      vertex 52.325 45.2 0
      vertex 41.3065 4.4382 0
      vertex 41.6705 4.59327 0
    endloop
  endfacet
  facet normal 0 0 1
    outer loop
      vertex 52.325 45.2 0
      vertex 40.9562 4.25435 0
      vertex 41.3065 4.4382 0
    endloop
  endfacet
  facet normal 0 0 1
    outer loop
      vertex 52.325 45.2 0
      vertex 40.6219 4.04291 0
      vertex 40.9562 4.25435 0
    endloop
  endfacet
  facet normal 0 0 1
    outer loop
      vertex 52.325 45.2 0
      vertex 40.3056 3.80525 0
      vertex 40.6219 4.04291 0
    endloop
  endfacet
  facet normal 0 0 1
    outer loop
      vertex 52.325 45.2 0
      vertex 40.0095 3.54291 0
      vertex 40.3056 3.80525 0
    endloop
  endfacet
  facet normal 0 0 1
    outer loop
      vertex 52.325 45.2 0
      vertex 39.7354 3.25759 0
      vertex 40.0095 3.54291 0
    endloop
  endfacet
  facet normal 0 0 1
    outer loop
      vertex -39.7354 3.25759 0
      vertex 39.7354 3.25759 0
      vertex 52.325 45.2 0
    endloop
  endfacet
  facet normal 0 0 1
    outer loop
      vertex 39.7354 3.25759 0
      vertex -39.7354 3.25759 0
      vertex 39.4852 2.95115 0
    endloop
  endfacet
  facet normal 0 -0 1
    outer loop
      vertex -39.4852 2.95115 0
      vertex 39.4852 2.95115 0
      vertex -39.7354 3.25759 0
    endloop
  endfacet
  facet normal 0 0 1
    outer loop
      vertex 39.4852 2.95115 0
      vertex -39.4852 2.95115 0
      vertex 39.2605 2.62556 0
    endloop
  endfacet
  facet normal 0 -0 1
    outer loop
      vertex -39.2605 2.62556 0
      vertex 39.2605 2.62556 0
      vertex -39.4852 2.95115 0
    endloop
  endfacet
  facet normal 0 0 1
    outer loop
      vertex 38.5159 0.395291 0
      vertex -38.5 0 0
      vertex 38.5 0 0
    endloop
  endfacet
  facet normal 0 0 1
    outer loop
      vertex -38.5159 0.395291 0
      vertex 38.5159 0.395291 0
      vertex 38.5636 0.78802 0
    endloop
  endfacet
  facet normal 0 0 1
    outer loop
      vertex -38.5636 0.78802 0
      vertex 38.5636 0.78802 0
      vertex 38.6427 1.17564 0
    endloop
  endfacet
  facet normal 0 0 1
    outer loop
      vertex -38.6427 1.17564 0
      vertex 38.6427 1.17564 0
      vertex 38.7528 1.55563 0
    endloop
  endfacet
  facet normal 0 0 1
    outer loop
      vertex 39.2605 2.62556 0
      vertex -39.2605 2.62556 0
      vertex 39.0627 2.28295 0
    endloop
  endfacet
  facet normal 0 0 1
    outer loop
      vertex 38.5159 0.395291 0
      vertex -38.5159 0.395291 0
      vertex -38.5 0 0
    endloop
  endfacet
  facet normal 0 0 1
    outer loop
      vertex 38.5636 0.78802 0
      vertex -38.5636 0.78802 0
      vertex -38.5159 0.395291 0
    endloop
  endfacet
  facet normal 0 0 1
    outer loop
      vertex 38.6427 1.17564 0
      vertex -38.6427 1.17564 0
      vertex -38.5636 0.78802 0
    endloop
  endfacet
  facet normal 0 0 1
    outer loop
      vertex 38.7528 1.55563 0
      vertex -38.7528 1.55563 0
      vertex -38.6427 1.17564 0
    endloop
  endfacet
  facet normal 0 0 1
    outer loop
      vertex 38.7528 1.55563 0
      vertex -38.8931 1.92554 0
      vertex -38.7528 1.55563 0
    endloop
  endfacet
  facet normal 0 0 1
    outer loop
      vertex 38.8931 1.92554 0
      vertex -38.8931 1.92554 0
      vertex 38.7528 1.55563 0
    endloop
  endfacet
  facet normal 0 -0 1
    outer loop
      vertex -38.8931 1.92554 0
      vertex 38.8931 1.92554 0
      vertex -39.0627 2.28295 0
    endloop
  endfacet
  facet normal 0 0 1
    outer loop
      vertex 39.0627 2.28295 0
      vertex -39.0627 2.28295 0
      vertex 38.8931 1.92554 0
    endloop
  endfacet
  facet normal 0 -0 1
    outer loop
      vertex -39.0627 2.28295 0
      vertex 39.0627 2.28295 0
      vertex -39.2605 2.62556 0
    endloop
  endfacet
  facet normal -0 0 1
    outer loop
      vertex -52.325 45.2 0
      vertex -39.7354 3.25759 0
      vertex 52.325 45.2 0
    endloop
  endfacet
  facet normal 0 0 1
    outer loop
      vertex -39.7354 3.25759 0
      vertex -52.325 45.2 0
      vertex -40.0095 3.54291 0
    endloop
  endfacet
  facet normal 0 0 1
    outer loop
      vertex -40.0095 3.54291 0
      vertex -52.325 45.2 0
      vertex -40.3056 3.80525 0
    endloop
  endfacet
  facet normal 0 0 1
    outer loop
      vertex -40.3056 3.80525 0
      vertex -52.325 45.2 0
      vertex -40.6219 4.04291 0
    endloop
  endfacet
  facet normal 0 0 1
    outer loop
      vertex -40.6219 4.04291 0
      vertex -52.325 45.2 0
      vertex -40.9562 4.25435 0
    endloop
  endfacet
  facet normal 0 0 1
    outer loop
      vertex -40.9562 4.25435 0
      vertex -52.325 45.2 0
      vertex -41.3065 4.4382 0
    endloop
  endfacet
  facet normal 0 0 1
    outer loop
      vertex -41.3065 4.4382 0
      vertex -52.325 45.2 0
      vertex -41.6705 4.59327 0
    endloop
  endfacet
  facet normal 0 0 1
    outer loop
      vertex -41.6705 4.59327 0
      vertex -52.325 45.2 0
      vertex -42.0458 4.71854 0
    endloop
  endfacet
  facet normal 0 0 1
    outer loop
      vertex -42.0458 4.71854 0
      vertex -52.325 45.2 0
      vertex -42.4299 4.81322 0
    endloop
  endfacet
  facet normal 0 0 1
    outer loop
      vertex -42.4299 4.81322 0
      vertex -52.325 45.2 0
      vertex -42.8204 4.87668 0
    endloop
  endfacet
  facet normal 0 0 1
    outer loop
      vertex -42.8204 4.87668 0
      vertex -52.325 45.2 0
      vertex -43.2147 4.90852 0
    endloop
  endfacet
  facet normal 0 0 1
    outer loop
      vertex -43.2147 4.90852 0
      vertex -52.325 45.2 0
      vertex -43.6103 4.90852 0
    endloop
  endfacet
  facet normal 0 0 1
    outer loop
      vertex -43.6103 4.90852 0
      vertex -52.325 45.2 0
      vertex -44.0046 4.87668 0
    endloop
  endfacet
  facet normal 0 0 1
    outer loop
      vertex -44.0046 4.87668 0
      vertex -52.325 45.2 0
      vertex -44.3951 4.81322 0
    endloop
  endfacet
  facet normal 0 0 1
    outer loop
      vertex -44.3951 4.81322 0
      vertex -52.325 45.2 0
      vertex -44.7792 4.71854 0
    endloop
  endfacet
  facet normal 0 0 1
    outer loop
      vertex -48.3091 0.395291 0
      vertex -52.325 45.2 0
      vertex -48.325 0 0
    endloop
  endfacet
  facet normal 0 0 1
    outer loop
      vertex -48.2614 0.78802 0
      vertex -52.325 45.2 0
      vertex -48.3091 0.395291 0
    endloop
  endfacet
  facet normal 0 0 1
    outer loop
      vertex -48.1823 1.17564 0
      vertex -52.325 45.2 0
      vertex -48.2614 0.78802 0
    endloop
  endfacet
  facet normal 0 0 1
    outer loop
      vertex -48.0722 1.55563 0
      vertex -52.325 45.2 0
      vertex -48.1823 1.17564 0
    endloop
  endfacet
  facet normal 0 0 1
    outer loop
      vertex -47.9319 1.92554 0
      vertex -52.325 45.2 0
      vertex -48.0722 1.55563 0
    endloop
  endfacet
  facet normal 0 0 1
    outer loop
      vertex -47.7623 2.28295 0
      vertex -52.325 45.2 0
      vertex -47.9319 1.92554 0
    endloop
  endfacet
  facet normal 0 0 1
    outer loop
      vertex -47.5645 2.62556 0
      vertex -52.325 45.2 0
      vertex -47.7623 2.28295 0
    endloop
  endfacet
  facet normal 0 0 1
    outer loop
      vertex -47.3398 2.95115 0
      vertex -52.325 45.2 0
      vertex -47.5645 2.62556 0
    endloop
  endfacet
  facet normal 0 0 1
    outer loop
      vertex -47.0896 3.25759 0
      vertex -52.325 45.2 0
      vertex -47.3398 2.95115 0
    endloop
  endfacet
  facet normal 0 0 1
    outer loop
      vertex -46.8155 3.54291 0
      vertex -52.325 45.2 0
      vertex -47.0896 3.25759 0
    endloop
  endfacet
  facet normal 0 0 1
    outer loop
      vertex -46.5194 3.80525 0
      vertex -52.325 45.2 0
      vertex -46.8155 3.54291 0
    endloop
  endfacet
  facet normal 0 0 1
    outer loop
      vertex -46.2031 4.04291 0
      vertex -52.325 45.2 0
      vertex -46.5194 3.80525 0
    endloop
  endfacet
  facet normal 0 0 1
    outer loop
      vertex -45.8688 4.25435 0
      vertex -52.325 45.2 0
      vertex -46.2031 4.04291 0
    endloop
  endfacet
  facet normal 0 0 1
    outer loop
      vertex -45.5185 4.4382 0
      vertex -52.325 45.2 0
      vertex -45.8688 4.25435 0
    endloop
  endfacet
  facet normal 0 0 1
    outer loop
      vertex -45.1545 4.59327 0
      vertex -52.325 45.2 0
      vertex -45.5185 4.4382 0
    endloop
  endfacet
  facet normal 0 0 1
    outer loop
      vertex -44.7792 4.71854 0
      vertex -52.325 45.2 0
      vertex -45.1545 4.59327 0
    endloop
  endfacet
  facet normal -0 0 1
    outer loop
      vertex 48.3091 -0.395291 0
      vertex 52.325 -45.2 0
      vertex 48.325 0 0
    endloop
  endfacet
  facet normal -0 0 1
    outer loop
      vertex 48.2614 -0.78802 0
      vertex 52.325 -45.2 0
      vertex 48.3091 -0.395291 0
    endloop
  endfacet
  facet normal -0 0 1
    outer loop
      vertex 48.1823 -1.17564 0
      vertex 52.325 -45.2 0
      vertex 48.2614 -0.78802 0
    endloop
  endfacet
  facet normal -0 0 1
    outer loop
      vertex 48.0722 -1.55563 0
      vertex 52.325 -45.2 0
      vertex 48.1823 -1.17564 0
    endloop
  endfacet
  facet normal -0 0 1
    outer loop
      vertex 47.9319 -1.92554 0
      vertex 52.325 -45.2 0
      vertex 48.0722 -1.55563 0
    endloop
  endfacet
  facet normal -0 0 1
    outer loop
      vertex 47.7623 -2.28295 0
      vertex 52.325 -45.2 0
      vertex 47.9319 -1.92554 0
    endloop
  endfacet
  facet normal -0 0 1
    outer loop
      vertex 47.5645 -2.62556 0
      vertex 52.325 -45.2 0
      vertex 47.7623 -2.28295 0
    endloop
  endfacet
  facet normal -0 0 1
    outer loop
      vertex 47.3398 -2.95115 0
      vertex 52.325 -45.2 0
      vertex 47.5645 -2.62556 0
    endloop
  endfacet
  facet normal -0 0 1
    outer loop
      vertex 47.0896 -3.25759 0
      vertex 52.325 -45.2 0
      vertex 47.3398 -2.95115 0
    endloop
  endfacet
  facet normal -0 0 1
    outer loop
      vertex 46.8155 -3.54291 0
      vertex 52.325 -45.2 0
      vertex 47.0896 -3.25759 0
    endloop
  endfacet
  facet normal -0 0 1
    outer loop
      vertex 46.5194 -3.80525 0
      vertex 52.325 -45.2 0
      vertex 46.8155 -3.54291 0
    endloop
  endfacet
  facet normal -0 0 1
    outer loop
      vertex 46.2031 -4.04291 0
      vertex 52.325 -45.2 0
      vertex 46.5194 -3.80525 0
    endloop
  endfacet
  facet normal -0 0 1
    outer loop
      vertex 45.8688 -4.25435 0
      vertex 52.325 -45.2 0
      vertex 46.2031 -4.04291 0
    endloop
  endfacet
  facet normal -0 0 1
    outer loop
      vertex 45.5185 -4.4382 0
      vertex 52.325 -45.2 0
      vertex 45.8688 -4.25435 0
    endloop
  endfacet
  facet normal -0 0 1
    outer loop
      vertex 45.1545 -4.59327 0
      vertex 52.325 -45.2 0
      vertex 45.5185 -4.4382 0
    endloop
  endfacet
  facet normal -0 0 1
    outer loop
      vertex 44.7792 -4.71854 0
      vertex 52.325 -45.2 0
      vertex 45.1545 -4.59327 0
    endloop
  endfacet
  facet normal -0 0 1
    outer loop
      vertex 44.3951 -4.81322 0
      vertex 52.325 -45.2 0
      vertex 44.7792 -4.71854 0
    endloop
  endfacet
  facet normal -0 0 1
    outer loop
      vertex 44.0046 -4.87668 0
      vertex 52.325 -45.2 0
      vertex 44.3951 -4.81322 0
    endloop
  endfacet
  facet normal -0 0 1
    outer loop
      vertex 43.6103 -4.90852 0
      vertex 52.325 -45.2 0
      vertex 44.0046 -4.87668 0
    endloop
  endfacet
  facet normal -0 0 1
    outer loop
      vertex 43.2147 -4.90852 0
      vertex 52.325 -45.2 0
      vertex 43.6103 -4.90852 0
    endloop
  endfacet
  facet normal 0 0 1
    outer loop
      vertex 42.8204 -4.87668 0
      vertex 52.325 -45.2 0
      vertex 43.2147 -4.90852 0
    endloop
  endfacet
  facet normal 0 0 1
    outer loop
      vertex 42.4299 -4.81322 0
      vertex 52.325 -45.2 0
      vertex 42.8204 -4.87668 0
    endloop
  endfacet
  facet normal 0 0 1
    outer loop
      vertex 42.0458 -4.71854 0
      vertex 52.325 -45.2 0
      vertex 42.4299 -4.81322 0
    endloop
  endfacet
  facet normal 0 0 1
    outer loop
      vertex 41.6705 -4.59327 0
      vertex 52.325 -45.2 0
      vertex 42.0458 -4.71854 0
    endloop
  endfacet
  facet normal 0 0 1
    outer loop
      vertex 41.3065 -4.4382 0
      vertex 52.325 -45.2 0
      vertex 41.6705 -4.59327 0
    endloop
  endfacet
  facet normal 0 0 1
    outer loop
      vertex 40.9562 -4.25435 0
      vertex 52.325 -45.2 0
      vertex 41.3065 -4.4382 0
    endloop
  endfacet
  facet normal 0 0 1
    outer loop
      vertex 40.6219 -4.04291 0
      vertex 52.325 -45.2 0
      vertex 40.9562 -4.25435 0
    endloop
  endfacet
  facet normal 0 0 1
    outer loop
      vertex 40.3056 -3.80525 0
      vertex 52.325 -45.2 0
      vertex 40.6219 -4.04291 0
    endloop
  endfacet
  facet normal 0 0 1
    outer loop
      vertex 40.0095 -3.54291 0
      vertex 52.325 -45.2 0
      vertex 40.3056 -3.80525 0
    endloop
  endfacet
  facet normal 0 0 1
    outer loop
      vertex 39.7354 -3.25759 0
      vertex 52.325 -45.2 0
      vertex 40.0095 -3.54291 0
    endloop
  endfacet
  facet normal 0 0 1
    outer loop
      vertex -39.7354 -3.25759 0
      vertex 39.7354 -3.25759 0
      vertex 39.4852 -2.95115 0
    endloop
  endfacet
  facet normal 0 0 1
    outer loop
      vertex -39.4852 -2.95115 0
      vertex 39.4852 -2.95115 0
      vertex 39.2605 -2.62556 0
    endloop
  endfacet
  facet normal 0 0 1
    outer loop
      vertex -39.2605 -2.62556 0
      vertex 39.2605 -2.62556 0
      vertex 39.0627 -2.28295 0
    endloop
  endfacet
  facet normal 0 0 1
    outer loop
      vertex -39.0627 -2.28295 0
      vertex 39.0627 -2.28295 0
      vertex 38.8931 -1.92554 0
    endloop
  endfacet
  facet normal 0 0 1
    outer loop
      vertex -38.8931 -1.92554 0
      vertex 38.8931 -1.92554 0
      vertex 38.7528 -1.55563 0
    endloop
  endfacet
  facet normal -0 0 1
    outer loop
      vertex -38.5 0 0
      vertex 38.5159 -0.395291 0
      vertex 38.5 0 0
    endloop
  endfacet
  facet normal 0 0 1
    outer loop
      vertex -38.5159 -0.395291 0
      vertex 38.5159 -0.395291 0
      vertex -38.5 0 0
    endloop
  endfacet
  facet normal 0 0 1
    outer loop
      vertex 38.5159 -0.395291 0
      vertex -38.5159 -0.395291 0
      vertex 38.5636 -0.78802 0
    endloop
  endfacet
  facet normal 0 0 1
    outer loop
      vertex -38.5636 -0.78802 0
      vertex 38.5636 -0.78802 0
      vertex -38.5159 -0.395291 0
    endloop
  endfacet
  facet normal 0 0 1
    outer loop
      vertex 38.5636 -0.78802 0
      vertex -38.5636 -0.78802 0
      vertex 38.6427 -1.17564 0
    endloop
  endfacet
  facet normal 0 0 1
    outer loop
      vertex -38.6427 -1.17564 0
      vertex 38.6427 -1.17564 0
      vertex -38.5636 -0.78802 0
    endloop
  endfacet
  facet normal 0 0 1
    outer loop
      vertex 38.6427 -1.17564 0
      vertex -38.6427 -1.17564 0
      vertex 38.7528 -1.55563 0
    endloop
  endfacet
  facet normal 0 0 1
    outer loop
      vertex -38.7528 -1.55563 0
      vertex 38.7528 -1.55563 0
      vertex -38.6427 -1.17564 0
    endloop
  endfacet
  facet normal 0 0 1
    outer loop
      vertex -38.8931 -1.92554 0
      vertex 38.7528 -1.55563 0
      vertex -38.7528 -1.55563 0
    endloop
  endfacet
  facet normal 0 0 1
    outer loop
      vertex 38.8931 -1.92554 0
      vertex -38.8931 -1.92554 0
      vertex -39.0627 -2.28295 0
    endloop
  endfacet
  facet normal 0 0 1
    outer loop
      vertex 39.0627 -2.28295 0
      vertex -39.0627 -2.28295 0
      vertex -39.2605 -2.62556 0
    endloop
  endfacet
  facet normal 0 0 1
    outer loop
      vertex 39.2605 -2.62556 0
      vertex -39.2605 -2.62556 0
      vertex -39.4852 -2.95115 0
    endloop
  endfacet
  facet normal 0 0 1
    outer loop
      vertex 39.4852 -2.95115 0
      vertex -39.4852 -2.95115 0
      vertex -39.7354 -3.25759 0
    endloop
  endfacet
  facet normal 0 0 1
    outer loop
      vertex 39.7354 -3.25759 0
      vertex -39.7354 -3.25759 0
      vertex 52.325 -45.2 0
    endloop
  endfacet
  facet normal 0 0 1
    outer loop
      vertex -52.325 -45.2 0
      vertex -39.7354 -3.25759 0
      vertex -40.0095 -3.54291 0
    endloop
  endfacet
  facet normal 0 0 1
    outer loop
      vertex -52.325 -45.2 0
      vertex -40.0095 -3.54291 0
      vertex -40.3056 -3.80525 0
    endloop
  endfacet
  facet normal 0 0 1
    outer loop
      vertex -52.325 -45.2 0
      vertex -40.3056 -3.80525 0
      vertex -40.6219 -4.04291 0
    endloop
  endfacet
  facet normal 0 0 1
    outer loop
      vertex -52.325 -45.2 0
      vertex -40.6219 -4.04291 0
      vertex -40.9562 -4.25435 0
    endloop
  endfacet
  facet normal 0 0 1
    outer loop
      vertex -52.325 -45.2 0
      vertex -40.9562 -4.25435 0
      vertex -41.3065 -4.4382 0
    endloop
  endfacet
  facet normal 0 0 1
    outer loop
      vertex -52.325 -45.2 0
      vertex -41.3065 -4.4382 0
      vertex -41.6705 -4.59327 0
    endloop
  endfacet
  facet normal 0 0 1
    outer loop
      vertex -52.325 -45.2 0
      vertex -41.6705 -4.59327 0
      vertex -42.0458 -4.71854 0
    endloop
  endfacet
  facet normal 0 0 1
    outer loop
      vertex -52.325 -45.2 0
      vertex -42.0458 -4.71854 0
      vertex -42.4299 -4.81322 0
    endloop
  endfacet
  facet normal 0 0 1
    outer loop
      vertex -52.325 -45.2 0
      vertex -42.4299 -4.81322 0
      vertex -42.8204 -4.87668 0
    endloop
  endfacet
  facet normal 0 0 1
    outer loop
      vertex -52.325 -45.2 0
      vertex -42.8204 -4.87668 0
      vertex -43.2147 -4.90852 0
    endloop
  endfacet
  facet normal 0 0 1
    outer loop
      vertex -52.325 -45.2 0
      vertex -43.2147 -4.90852 0
      vertex -43.6103 -4.90852 0
    endloop
  endfacet
  facet normal 0 0 1
    outer loop
      vertex -52.325 -45.2 0
      vertex -43.6103 -4.90852 0
      vertex -44.0046 -4.87668 0
    endloop
  endfacet
  facet normal 0 0 1
    outer loop
      vertex -52.325 -45.2 0
      vertex -44.0046 -4.87668 0
      vertex -44.3951 -4.81322 0
    endloop
  endfacet
  facet normal 0 0 1
    outer loop
      vertex -52.325 -45.2 0
      vertex -44.3951 -4.81322 0
      vertex -44.7792 -4.71854 0
    endloop
  endfacet
  facet normal 0 0 1
    outer loop
      vertex -52.325 -45.2 0
      vertex -44.7792 -4.71854 0
      vertex -45.1545 -4.59327 0
    endloop
  endfacet
  facet normal 0 0 1
    outer loop
      vertex -52.325 -45.2 0
      vertex -48.325 0 0
      vertex -52.325 45.2 0
    endloop
  endfacet
  facet normal 0 0 1
    outer loop
      vertex -39.7354 -3.25759 0
      vertex -52.325 -45.2 0
      vertex 52.325 -45.2 0
    endloop
  endfacet
  facet normal 0 0 1
    outer loop
      vertex -45.5185 -4.4382 0
      vertex -52.325 -45.2 0
      vertex -45.1545 -4.59327 0
    endloop
  endfacet
  facet normal 0 0 1
    outer loop
      vertex -45.8688 -4.25435 0
      vertex -52.325 -45.2 0
      vertex -45.5185 -4.4382 0
    endloop
  endfacet
  facet normal 0 0 1
    outer loop
      vertex -46.2031 -4.04291 0
      vertex -52.325 -45.2 0
      vertex -45.8688 -4.25435 0
    endloop
  endfacet
  facet normal 0 0 1
    outer loop
      vertex -46.5194 -3.80525 0
      vertex -52.325 -45.2 0
      vertex -46.2031 -4.04291 0
    endloop
  endfacet
  facet normal 0 0 1
    outer loop
      vertex -46.8155 -3.54291 0
      vertex -52.325 -45.2 0
      vertex -46.5194 -3.80525 0
    endloop
  endfacet
  facet normal 0 0 1
    outer loop
      vertex -47.0896 -3.25759 0
      vertex -52.325 -45.2 0
      vertex -46.8155 -3.54291 0
    endloop
  endfacet
  facet normal 0 0 1
    outer loop
      vertex -47.3398 -2.95115 0
      vertex -52.325 -45.2 0
      vertex -47.0896 -3.25759 0
    endloop
  endfacet
  facet normal 0 0 1
    outer loop
      vertex -47.5645 -2.62556 0
      vertex -52.325 -45.2 0
      vertex -47.3398 -2.95115 0
    endloop
  endfacet
  facet normal 0 0 1
    outer loop
      vertex -47.7623 -2.28295 0
      vertex -52.325 -45.2 0
      vertex -47.5645 -2.62556 0
    endloop
  endfacet
  facet normal 0 0 1
    outer loop
      vertex -47.9319 -1.92554 0
      vertex -52.325 -45.2 0
      vertex -47.7623 -2.28295 0
    endloop
  endfacet
  facet normal 0 0 1
    outer loop
      vertex -48.0722 -1.55563 0
      vertex -52.325 -45.2 0
      vertex -47.9319 -1.92554 0
    endloop
  endfacet
  facet normal 0 0 1
    outer loop
      vertex -48.1823 -1.17564 0
      vertex -52.325 -45.2 0
      vertex -48.0722 -1.55563 0
    endloop
  endfacet
  facet normal 0 0 1
    outer loop
      vertex -48.2614 -0.78802 0
      vertex -52.325 -45.2 0
      vertex -48.1823 -1.17564 0
    endloop
  endfacet
  facet normal 0 0 1
    outer loop
      vertex -48.3091 -0.395291 0
      vertex -52.325 -45.2 0
      vertex -48.2614 -0.78802 0
    endloop
  endfacet
  facet normal 0 0 1
    outer loop
      vertex -48.325 0 0
      vertex -52.325 -45.2 0
      vertex -48.3091 -0.395291 0
    endloop
  endfacet
  facet normal 0 -0.707107 0.707107
    outer loop
      vertex -52.325 45.2 0
      vertex 52.325 50.2 5
      vertex -52.325 50.2 5
    endloop
  endfacet
  facet normal 0 -0.707107 0.707107
    outer loop
      vertex 52.325 50.2 5
      vertex -52.325 45.2 0
      vertex 52.325 45.2 0
    endloop
  endfacet
  facet normal 0 1 -0
    outer loop
      vertex 52.325 50.2 0
      vertex -52.325 50.2 5
      vertex 52.325 50.2 5
    endloop
  endfacet
  facet normal 0 1 0
    outer loop
      vertex -52.325 50.2 5
      vertex 52.325 50.2 0
      vertex -52.325 50.2 0
    endloop
  endfacet
  facet normal 1 0 0
    outer loop
      vertex 52.325 50.2 5
      vertex 52.325 45.2 0
      vertex 52.325 50.2 0
    endloop
  endfacet
  facet normal 1 -0 0
    outer loop
      vertex 52.325 45.2 0
      vertex 52.325 50.2 -6
      vertex 52.325 50.2 0
    endloop
  endfacet
  facet normal 1 -0 0
    outer loop
      vertex 52.325 -45.2 0
      vertex 52.325 50.2 -6
      vertex 52.325 45.2 0
    endloop
  endfacet
  facet normal 1 0 0
    outer loop
      vertex 52.325 -50.2 0
      vertex 52.325 -45.2 0
      vertex 52.325 -50.2 5
    endloop
  endfacet
  facet normal 1 0 0
    outer loop
      vertex 52.325 -50.2 -6
      vertex 52.325 -45.2 0
      vertex 52.325 -50.2 0
    endloop
  endfacet
  facet normal 1 0 0
    outer loop
      vertex 52.325 -45.2 0
      vertex 52.325 -50.2 -6
      vertex 52.325 50.2 -6
    endloop
  endfacet
  facet normal 0 -1 0
    outer loop
      vertex -52.325 -50.2 0
      vertex 52.325 -50.2 5
      vertex -52.325 -50.2 5
    endloop
  endfacet
  facet normal 0 -1 -0
    outer loop
      vertex 52.325 -50.2 5
      vertex -52.325 -50.2 0
      vertex 52.325 -50.2 0
    endloop
  endfacet
  facet normal 0 0.707107 0.707107
    outer loop
      vertex 52.325 -45.2 0
      vertex -52.325 -50.2 5
      vertex 52.325 -50.2 5
    endloop
  endfacet
  facet normal 0 0.707107 0.707107
    outer loop
      vertex -52.325 -50.2 5
      vertex 52.325 -45.2 0
      vertex -52.325 -45.2 0
    endloop
  endfacet
  facet normal 0 0 -1
    outer loop
      vertex -39.35 -50.2 -6
      vertex -39.4852 -2.95115 -6
      vertex -39.35 -2.75522 -6
    endloop
  endfacet
  facet normal 0 0 -1
    outer loop
      vertex -39.35 -50.2 -6
      vertex -39.7354 -3.25759 -6
      vertex -39.4852 -2.95115 -6
    endloop
  endfacet
  facet normal 0 0 -1
    outer loop
      vertex -39.35 -50.2 -6
      vertex -40.0095 -3.54291 -6
      vertex -39.7354 -3.25759 -6
    endloop
  endfacet
  facet normal 0 0 -1
    outer loop
      vertex -39.35 -50.2 -6
      vertex -40.3056 -3.80525 -6
      vertex -40.0095 -3.54291 -6
    endloop
  endfacet
  facet normal 0 0 -1
    outer loop
      vertex -39.35 -50.2 -6
      vertex -40.6219 -4.04291 -6
      vertex -40.3056 -3.80525 -6
    endloop
  endfacet
  facet normal 0 0 -1
    outer loop
      vertex -39.35 -50.2 -6
      vertex -40.9562 -4.25435 -6
      vertex -40.6219 -4.04291 -6
    endloop
  endfacet
  facet normal 0 0 -1
    outer loop
      vertex -39.35 -50.2 -6
      vertex -41.3065 -4.4382 -6
      vertex -40.9562 -4.25435 -6
    endloop
  endfacet
  facet normal 0 0 -1
    outer loop
      vertex -39.35 -50.2 -6
      vertex -41.6705 -4.59327 -6
      vertex -41.3065 -4.4382 -6
    endloop
  endfacet
  facet normal 0 0 -1
    outer loop
      vertex -39.35 -50.2 -6
      vertex -42.0458 -4.71854 -6
      vertex -41.6705 -4.59327 -6
    endloop
  endfacet
  facet normal 0 0 -1
    outer loop
      vertex -39.35 -50.2 -6
      vertex -42.4299 -4.81322 -6
      vertex -42.0458 -4.71854 -6
    endloop
  endfacet
  facet normal 0 0 -1
    outer loop
      vertex -39.35 -50.2 -6
      vertex -42.8204 -4.87668 -6
      vertex -42.4299 -4.81322 -6
    endloop
  endfacet
  facet normal 0 0 -1
    outer loop
      vertex -39.35 -50.2 -6
      vertex -43.2147 -4.90852 -6
      vertex -42.8204 -4.87668 -6
    endloop
  endfacet
  facet normal 0 0 -1
    outer loop
      vertex -39.35 -50.2 -6
      vertex -43.6103 -4.90852 -6
      vertex -43.2147 -4.90852 -6
    endloop
  endfacet
  facet normal 0 0 -1
    outer loop
      vertex -39.35 -50.2 -6
      vertex -44.0046 -4.87668 -6
      vertex -43.6103 -4.90852 -6
    endloop
  endfacet
  facet normal 0 0 -1
    outer loop
      vertex -52.325 -50.2 -6
      vertex -44.0046 -4.87668 -6
      vertex -39.35 -50.2 -6
    endloop
  endfacet
  facet normal -0 0 -1
    outer loop
      vertex -44.0046 -4.87668 -6
      vertex -52.325 -50.2 -6
      vertex -44.3951 -4.81322 -6
    endloop
  endfacet
  facet normal -0 0 -1
    outer loop
      vertex -44.3951 -4.81322 -6
      vertex -52.325 -50.2 -6
      vertex -44.7792 -4.71854 -6
    endloop
  endfacet
  facet normal -0 0 -1
    outer loop
      vertex -44.7792 -4.71854 -6
      vertex -52.325 -50.2 -6
      vertex -45.1545 -4.59327 -6
    endloop
  endfacet
  facet normal -0 0 -1
    outer loop
      vertex -45.1545 -4.59327 -6
      vertex -52.325 -50.2 -6
      vertex -45.5185 -4.4382 -6
    endloop
  endfacet
  facet normal -0 0 -1
    outer loop
      vertex -45.5185 -4.4382 -6
      vertex -52.325 -50.2 -6
      vertex -45.8688 -4.25435 -6
    endloop
  endfacet
  facet normal -0 0 -1
    outer loop
      vertex -45.8688 -4.25435 -6
      vertex -52.325 -50.2 -6
      vertex -46.2031 -4.04291 -6
    endloop
  endfacet
  facet normal -0 0 -1
    outer loop
      vertex -46.2031 -4.04291 -6
      vertex -52.325 -50.2 -6
      vertex -46.5194 -3.80525 -6
    endloop
  endfacet
  facet normal -0 0 -1
    outer loop
      vertex -46.5194 -3.80525 -6
      vertex -52.325 -50.2 -6
      vertex -46.8155 -3.54291 -6
    endloop
  endfacet
  facet normal -0 0 -1
    outer loop
      vertex -46.8155 -3.54291 -6
      vertex -52.325 -50.2 -6
      vertex -47.0896 -3.25759 -6
    endloop
  endfacet
  facet normal -0 0 -1
    outer loop
      vertex -47.0896 -3.25759 -6
      vertex -52.325 -50.2 -6
      vertex -47.3398 -2.95115 -6
    endloop
  endfacet
  facet normal -0 0 -1
    outer loop
      vertex -47.3398 -2.95115 -6
      vertex -52.325 -50.2 -6
      vertex -47.5645 -2.62556 -6
    endloop
  endfacet
  facet normal -0 0 -1
    outer loop
      vertex -47.5645 -2.62556 -6
      vertex -52.325 -50.2 -6
      vertex -47.7623 -2.28295 -6
    endloop
  endfacet
  facet normal -0 0 -1
    outer loop
      vertex -47.7623 -2.28295 -6
      vertex -52.325 -50.2 -6
      vertex -47.9319 -1.92554 -6
    endloop
  endfacet
  facet normal -0 0 -1
    outer loop
      vertex -47.9319 -1.92554 -6
      vertex -52.325 -50.2 -6
      vertex -48.0722 -1.55563 -6
    endloop
  endfacet
  facet normal -0 0 -1
    outer loop
      vertex -48.0722 -1.55563 -6
      vertex -52.325 -50.2 -6
      vertex -48.1823 -1.17564 -6
    endloop
  endfacet
  facet normal -0 0 -1
    outer loop
      vertex -48.3091 -0.395291 -6
      vertex -52.325 -50.2 -6
      vertex -48.325 0 -6
    endloop
  endfacet
  facet normal -0 0 -1
    outer loop
      vertex -48.2614 -0.78802 -6
      vertex -52.325 -50.2 -6
      vertex -48.3091 -0.395291 -6
    endloop
  endfacet
  facet normal -0 0 -1
    outer loop
      vertex -48.1823 -1.17564 -6
      vertex -52.325 -50.2 -6
      vertex -48.2614 -0.78802 -6
    endloop
  endfacet
  facet normal 0 0 -1
    outer loop
      vertex -39.4852 2.95115 -6
      vertex -39.35 50.2 -6
      vertex -39.35 2.75522 -6
    endloop
  endfacet
  facet normal 0 0 -1
    outer loop
      vertex -39.7354 3.25759 -6
      vertex -39.35 50.2 -6
      vertex -39.4852 2.95115 -6
    endloop
  endfacet
  facet normal 0 0 -1
    outer loop
      vertex -40.0095 3.54291 -6
      vertex -39.35 50.2 -6
      vertex -39.7354 3.25759 -6
    endloop
  endfacet
  facet normal 0 0 -1
    outer loop
      vertex -40.3056 3.80525 -6
      vertex -39.35 50.2 -6
      vertex -40.0095 3.54291 -6
    endloop
  endfacet
  facet normal 0 0 -1
    outer loop
      vertex -40.6219 4.04291 -6
      vertex -39.35 50.2 -6
      vertex -40.3056 3.80525 -6
    endloop
  endfacet
  facet normal 0 0 -1
    outer loop
      vertex -40.9562 4.25435 -6
      vertex -39.35 50.2 -6
      vertex -40.6219 4.04291 -6
    endloop
  endfacet
  facet normal 0 0 -1
    outer loop
      vertex -41.3065 4.4382 -6
      vertex -39.35 50.2 -6
      vertex -40.9562 4.25435 -6
    endloop
  endfacet
  facet normal 0 0 -1
    outer loop
      vertex -41.6705 4.59327 -6
      vertex -39.35 50.2 -6
      vertex -41.3065 4.4382 -6
    endloop
  endfacet
  facet normal 0 0 -1
    outer loop
      vertex -42.0458 4.71854 -6
      vertex -39.35 50.2 -6
      vertex -41.6705 4.59327 -6
    endloop
  endfacet
  facet normal 0 0 -1
    outer loop
      vertex -42.4299 4.81322 -6
      vertex -39.35 50.2 -6
      vertex -42.0458 4.71854 -6
    endloop
  endfacet
  facet normal 0 0 -1
    outer loop
      vertex -42.8204 4.87668 -6
      vertex -39.35 50.2 -6
      vertex -42.4299 4.81322 -6
    endloop
  endfacet
  facet normal 0 0 -1
    outer loop
      vertex -43.2147 4.90852 -6
      vertex -39.35 50.2 -6
      vertex -42.8204 4.87668 -6
    endloop
  endfacet
  facet normal 0 0 -1
    outer loop
      vertex -43.6103 4.90852 -6
      vertex -39.35 50.2 -6
      vertex -43.2147 4.90852 -6
    endloop
  endfacet
  facet normal 0 0 -1
    outer loop
      vertex -44.0046 4.87668 -6
      vertex -39.35 50.2 -6
      vertex -43.6103 4.90852 -6
    endloop
  endfacet
  facet normal 0 0 -1
    outer loop
      vertex -52.325 50.2 -6
      vertex -44.0046 4.87668 -6
      vertex -44.3951 4.81322 -6
    endloop
  endfacet
  facet normal 0 0 -1
    outer loop
      vertex -52.325 50.2 -6
      vertex -44.3951 4.81322 -6
      vertex -44.7792 4.71854 -6
    endloop
  endfacet
  facet normal 0 0 -1
    outer loop
      vertex -52.325 50.2 -6
      vertex -44.7792 4.71854 -6
      vertex -45.1545 4.59327 -6
    endloop
  endfacet
  facet normal 0 0 -1
    outer loop
      vertex -52.325 50.2 -6
      vertex -45.1545 4.59327 -6
      vertex -45.5185 4.4382 -6
    endloop
  endfacet
  facet normal 0 0 -1
    outer loop
      vertex -52.325 50.2 -6
      vertex -45.5185 4.4382 -6
      vertex -45.8688 4.25435 -6
    endloop
  endfacet
  facet normal 0 0 -1
    outer loop
      vertex -52.325 50.2 -6
      vertex -45.8688 4.25435 -6
      vertex -46.2031 4.04291 -6
    endloop
  endfacet
  facet normal 0 0 -1
    outer loop
      vertex -52.325 50.2 -6
      vertex -46.2031 4.04291 -6
      vertex -46.5194 3.80525 -6
    endloop
  endfacet
  facet normal 0 0 -1
    outer loop
      vertex -52.325 50.2 -6
      vertex -46.5194 3.80525 -6
      vertex -46.8155 3.54291 -6
    endloop
  endfacet
  facet normal 0 0 -1
    outer loop
      vertex -52.325 50.2 -6
      vertex -46.8155 3.54291 -6
      vertex -47.0896 3.25759 -6
    endloop
  endfacet
  facet normal 0 0 -1
    outer loop
      vertex -52.325 50.2 -6
      vertex -47.0896 3.25759 -6
      vertex -47.3398 2.95115 -6
    endloop
  endfacet
  facet normal 0 0 -1
    outer loop
      vertex -52.325 50.2 -6
      vertex -47.3398 2.95115 -6
      vertex -47.5645 2.62556 -6
    endloop
  endfacet
  facet normal 0 0 -1
    outer loop
      vertex -52.325 50.2 -6
      vertex -47.5645 2.62556 -6
      vertex -47.7623 2.28295 -6
    endloop
  endfacet
  facet normal 0 0 -1
    outer loop
      vertex -52.325 50.2 -6
      vertex -47.7623 2.28295 -6
      vertex -47.9319 1.92554 -6
    endloop
  endfacet
  facet normal 0 0 -1
    outer loop
      vertex -52.325 50.2 -6
      vertex -47.9319 1.92554 -6
      vertex -48.0722 1.55563 -6
    endloop
  endfacet
  facet normal 0 0 -1
    outer loop
      vertex -52.325 50.2 -6
      vertex -48.0722 1.55563 -6
      vertex -48.1823 1.17564 -6
    endloop
  endfacet
  facet normal 0 0 -1
    outer loop
      vertex -52.325 50.2 -6
      vertex -48.1823 1.17564 -6
      vertex -48.2614 0.78802 -6
    endloop
  endfacet
  facet normal 0 0 -1
    outer loop
      vertex -52.325 50.2 -6
      vertex -48.325 0 -6
      vertex -52.325 -50.2 -6
    endloop
  endfacet
  facet normal 0 0 -1
    outer loop
      vertex -44.0046 4.87668 -6
      vertex -52.325 50.2 -6
      vertex -39.35 50.2 -6
    endloop
  endfacet
  facet normal 0 0 -1
    outer loop
      vertex -48.3091 0.395291 -6
      vertex -52.325 50.2 -6
      vertex -48.2614 0.78802 -6
    endloop
  endfacet
  facet normal 0 0 -1
    outer loop
      vertex -48.325 0 -6
      vertex -52.325 50.2 -6
      vertex -48.3091 0.395291 -6
    endloop
  endfacet
  facet normal 0 0 -1
    outer loop
      vertex 52.325 -50.2 -6
      vertex 48.325 0 -6
      vertex 52.325 50.2 -6
    endloop
  endfacet
  facet normal 0 0 -1
    outer loop
      vertex 52.325 -50.2 -6
      vertex 48.3091 -0.395291 -6
      vertex 48.325 0 -6
    endloop
  endfacet
  facet normal 0 0 -1
    outer loop
      vertex 52.325 -50.2 -6
      vertex 48.2614 -0.78802 -6
      vertex 48.3091 -0.395291 -6
    endloop
  endfacet
  facet normal 0 0 -1
    outer loop
      vertex 52.325 -50.2 -6
      vertex 48.1823 -1.17564 -6
      vertex 48.2614 -0.78802 -6
    endloop
  endfacet
  facet normal 0 0 -1
    outer loop
      vertex 52.325 -50.2 -6
      vertex 48.0722 -1.55563 -6
      vertex 48.1823 -1.17564 -6
    endloop
  endfacet
  facet normal 0 0 -1
    outer loop
      vertex 52.325 -50.2 -6
      vertex 47.9319 -1.92554 -6
      vertex 48.0722 -1.55563 -6
    endloop
  endfacet
  facet normal 0 0 -1
    outer loop
      vertex 52.325 -50.2 -6
      vertex 47.7623 -2.28295 -6
      vertex 47.9319 -1.92554 -6
    endloop
  endfacet
  facet normal 0 0 -1
    outer loop
      vertex 52.325 -50.2 -6
      vertex 47.5645 -2.62556 -6
      vertex 47.7623 -2.28295 -6
    endloop
  endfacet
  facet normal 0 0 -1
    outer loop
      vertex 52.325 -50.2 -6
      vertex 47.3398 -2.95115 -6
      vertex 47.5645 -2.62556 -6
    endloop
  endfacet
  facet normal 0 0 -1
    outer loop
      vertex 52.325 -50.2 -6
      vertex 47.0896 -3.25759 -6
      vertex 47.3398 -2.95115 -6
    endloop
  endfacet
  facet normal 0 0 -1
    outer loop
      vertex 52.325 -50.2 -6
      vertex 46.8155 -3.54291 -6
      vertex 47.0896 -3.25759 -6
    endloop
  endfacet
  facet normal 0 0 -1
    outer loop
      vertex 52.325 -50.2 -6
      vertex 46.5194 -3.80525 -6
      vertex 46.8155 -3.54291 -6
    endloop
  endfacet
  facet normal 0 0 -1
    outer loop
      vertex 52.325 -50.2 -6
      vertex 46.2031 -4.04291 -6
      vertex 46.5194 -3.80525 -6
    endloop
  endfacet
  facet normal 0 0 -1
    outer loop
      vertex 52.325 -50.2 -6
      vertex 45.8688 -4.25435 -6
      vertex 46.2031 -4.04291 -6
    endloop
  endfacet
  facet normal 0 0 -1
    outer loop
      vertex 52.325 -50.2 -6
      vertex 45.5185 -4.4382 -6
      vertex 45.8688 -4.25435 -6
    endloop
  endfacet
  facet normal 0 0 -1
    outer loop
      vertex 52.325 -50.2 -6
      vertex 45.1545 -4.59327 -6
      vertex 45.5185 -4.4382 -6
    endloop
  endfacet
  facet normal 0 0 -1
    outer loop
      vertex 52.325 -50.2 -6
      vertex 44.7792 -4.71854 -6
      vertex 45.1545 -4.59327 -6
    endloop
  endfacet
  facet normal 0 0 -1
    outer loop
      vertex 52.325 -50.2 -6
      vertex 44.3951 -4.81322 -6
      vertex 44.7792 -4.71854 -6
    endloop
  endfacet
  facet normal 0 0 -1
    outer loop
      vertex 52.325 -50.2 -6
      vertex 44.0046 -4.87668 -6
      vertex 44.3951 -4.81322 -6
    endloop
  endfacet
  facet normal 0 0 -1
    outer loop
      vertex 52.325 -50.2 -6
      vertex 43.6103 -4.90852 -6
      vertex 44.0046 -4.87668 -6
    endloop
  endfacet
  facet normal 0 0 -1
    outer loop
      vertex 39.35 -50.2 -6
      vertex 43.6103 -4.90852 -6
      vertex 52.325 -50.2 -6
    endloop
  endfacet
  facet normal -0 0 -1
    outer loop
      vertex 43.6103 -4.90852 -6
      vertex 39.35 -50.2 -6
      vertex 43.2147 -4.90852 -6
    endloop
  endfacet
  facet normal -0 0 -1
    outer loop
      vertex 43.2147 -4.90852 -6
      vertex 39.35 -50.2 -6
      vertex 42.8204 -4.87668 -6
    endloop
  endfacet
  facet normal -0 0 -1
    outer loop
      vertex 42.8204 -4.87668 -6
      vertex 39.35 -50.2 -6
      vertex 42.4299 -4.81322 -6
    endloop
  endfacet
  facet normal -0 0 -1
    outer loop
      vertex 42.4299 -4.81322 -6
      vertex 39.35 -50.2 -6
      vertex 42.0458 -4.71854 -6
    endloop
  endfacet
  facet normal -0 0 -1
    outer loop
      vertex 42.0458 -4.71854 -6
      vertex 39.35 -50.2 -6
      vertex 41.6705 -4.59327 -6
    endloop
  endfacet
  facet normal -0 0 -1
    outer loop
      vertex 41.6705 -4.59327 -6
      vertex 39.35 -50.2 -6
      vertex 41.3065 -4.4382 -6
    endloop
  endfacet
  facet normal -0 0 -1
    outer loop
      vertex 41.3065 -4.4382 -6
      vertex 39.35 -50.2 -6
      vertex 40.9562 -4.25435 -6
    endloop
  endfacet
  facet normal -0 0 -1
    outer loop
      vertex 40.9562 -4.25435 -6
      vertex 39.35 -50.2 -6
      vertex 40.6219 -4.04291 -6
    endloop
  endfacet
  facet normal -0 0 -1
    outer loop
      vertex 40.6219 -4.04291 -6
      vertex 39.35 -50.2 -6
      vertex 40.3056 -3.80525 -6
    endloop
  endfacet
  facet normal -0 0 -1
    outer loop
      vertex 40.3056 -3.80525 -6
      vertex 39.35 -50.2 -6
      vertex 40.0095 -3.54291 -6
    endloop
  endfacet
  facet normal -0 0 -1
    outer loop
      vertex 40.0095 -3.54291 -6
      vertex 39.35 -50.2 -6
      vertex 39.7354 -3.25759 -6
    endloop
  endfacet
  facet normal -0 0 -1
    outer loop
      vertex 39.7354 -3.25759 -6
      vertex 39.35 -50.2 -6
      vertex 39.4852 -2.95115 -6
    endloop
  endfacet
  facet normal -0 0 -1
    outer loop
      vertex 39.4852 -2.95115 -6
      vertex 39.35 -50.2 -6
      vertex 39.35 -2.75522 -6
    endloop
  endfacet
  facet normal 0 0 -1
    outer loop
      vertex 48.3091 0.395291 -6
      vertex 52.325 50.2 -6
      vertex 48.325 0 -6
    endloop
  endfacet
  facet normal 0 0 -1
    outer loop
      vertex 48.2614 0.78802 -6
      vertex 52.325 50.2 -6
      vertex 48.3091 0.395291 -6
    endloop
  endfacet
  facet normal 0 0 -1
    outer loop
      vertex 48.1823 1.17564 -6
      vertex 52.325 50.2 -6
      vertex 48.2614 0.78802 -6
    endloop
  endfacet
  facet normal 0 0 -1
    outer loop
      vertex 48.0722 1.55563 -6
      vertex 52.325 50.2 -6
      vertex 48.1823 1.17564 -6
    endloop
  endfacet
  facet normal 0 0 -1
    outer loop
      vertex 47.9319 1.92554 -6
      vertex 52.325 50.2 -6
      vertex 48.0722 1.55563 -6
    endloop
  endfacet
  facet normal 0 0 -1
    outer loop
      vertex 47.7623 2.28295 -6
      vertex 52.325 50.2 -6
      vertex 47.9319 1.92554 -6
    endloop
  endfacet
  facet normal 0 0 -1
    outer loop
      vertex 47.5645 2.62556 -6
      vertex 52.325 50.2 -6
      vertex 47.7623 2.28295 -6
    endloop
  endfacet
  facet normal 0 0 -1
    outer loop
      vertex 47.3398 2.95115 -6
      vertex 52.325 50.2 -6
      vertex 47.5645 2.62556 -6
    endloop
  endfacet
  facet normal 0 0 -1
    outer loop
      vertex 47.0896 3.25759 -6
      vertex 52.325 50.2 -6
      vertex 47.3398 2.95115 -6
    endloop
  endfacet
  facet normal 0 0 -1
    outer loop
      vertex 46.8155 3.54291 -6
      vertex 52.325 50.2 -6
      vertex 47.0896 3.25759 -6
    endloop
  endfacet
  facet normal 0 0 -1
    outer loop
      vertex 46.5194 3.80525 -6
      vertex 52.325 50.2 -6
      vertex 46.8155 3.54291 -6
    endloop
  endfacet
  facet normal 0 0 -1
    outer loop
      vertex 46.2031 4.04291 -6
      vertex 52.325 50.2 -6
      vertex 46.5194 3.80525 -6
    endloop
  endfacet
  facet normal 0 0 -1
    outer loop
      vertex 45.8688 4.25435 -6
      vertex 52.325 50.2 -6
      vertex 46.2031 4.04291 -6
    endloop
  endfacet
  facet normal 0 0 -1
    outer loop
      vertex 45.5185 4.4382 -6
      vertex 52.325 50.2 -6
      vertex 45.8688 4.25435 -6
    endloop
  endfacet
  facet normal 0 0 -1
    outer loop
      vertex 45.1545 4.59327 -6
      vertex 52.325 50.2 -6
      vertex 45.5185 4.4382 -6
    endloop
  endfacet
  facet normal 0 0 -1
    outer loop
      vertex 44.7792 4.71854 -6
      vertex 52.325 50.2 -6
      vertex 45.1545 4.59327 -6
    endloop
  endfacet
  facet normal 0 0 -1
    outer loop
      vertex 44.3951 4.81322 -6
      vertex 52.325 50.2 -6
      vertex 44.7792 4.71854 -6
    endloop
  endfacet
  facet normal 0 0 -1
    outer loop
      vertex 44.0046 4.87668 -6
      vertex 52.325 50.2 -6
      vertex 44.3951 4.81322 -6
    endloop
  endfacet
  facet normal 0 0 -1
    outer loop
      vertex 43.6103 4.90852 -6
      vertex 52.325 50.2 -6
      vertex 44.0046 4.87668 -6
    endloop
  endfacet
  facet normal 0 0 -1
    outer loop
      vertex 39.35 50.2 -6
      vertex 43.6103 4.90852 -6
      vertex 43.2147 4.90852 -6
    endloop
  endfacet
  facet normal 0 0 -1
    outer loop
      vertex 39.35 50.2 -6
      vertex 43.2147 4.90852 -6
      vertex 42.8204 4.87668 -6
    endloop
  endfacet
  facet normal 0 0 -1
    outer loop
      vertex 39.35 50.2 -6
      vertex 42.8204 4.87668 -6
      vertex 42.4299 4.81322 -6
    endloop
  endfacet
  facet normal 0 0 -1
    outer loop
      vertex 39.35 50.2 -6
      vertex 42.4299 4.81322 -6
      vertex 42.0458 4.71854 -6
    endloop
  endfacet
  facet normal 0 0 -1
    outer loop
      vertex 39.35 50.2 -6
      vertex 42.0458 4.71854 -6
      vertex 41.6705 4.59327 -6
    endloop
  endfacet
  facet normal 0 0 -1
    outer loop
      vertex 39.35 50.2 -6
      vertex 41.6705 4.59327 -6
      vertex 41.3065 4.4382 -6
    endloop
  endfacet
  facet normal 0 0 -1
    outer loop
      vertex 39.35 50.2 -6
      vertex 41.3065 4.4382 -6
      vertex 40.9562 4.25435 -6
    endloop
  endfacet
  facet normal 0 0 -1
    outer loop
      vertex 39.35 50.2 -6
      vertex 40.9562 4.25435 -6
      vertex 40.6219 4.04291 -6
    endloop
  endfacet
  facet normal 0 0 -1
    outer loop
      vertex 39.35 50.2 -6
      vertex 40.6219 4.04291 -6
      vertex 40.3056 3.80525 -6
    endloop
  endfacet
  facet normal 0 0 -1
    outer loop
      vertex 39.35 50.2 -6
      vertex 40.3056 3.80525 -6
      vertex 40.0095 3.54291 -6
    endloop
  endfacet
  facet normal 0 0 -1
    outer loop
      vertex 39.35 50.2 -6
      vertex 40.0095 3.54291 -6
      vertex 39.7354 3.25759 -6
    endloop
  endfacet
  facet normal 0 0 -1
    outer loop
      vertex 39.35 50.2 -6
      vertex 39.7354 3.25759 -6
      vertex 39.4852 2.95115 -6
    endloop
  endfacet
  facet normal 0 0 -1
    outer loop
      vertex 39.35 50.2 -6
      vertex 39.4852 2.95115 -6
      vertex 39.35 2.75522 -6
    endloop
  endfacet
  facet normal 0 0 -1
    outer loop
      vertex 43.6103 4.90852 -6
      vertex 39.35 50.2 -6
      vertex 52.325 50.2 -6
    endloop
  endfacet
  facet normal 0 -1 -0
    outer loop
      vertex -52.5179 -50.2 -1.41166
      vertex -52.8924 -50.2 -1.50397
      vertex -52.325 -50.2 -1.41166
    endloop
  endfacet
  facet normal 0 -1 0
    outer loop
      vertex -39.35 -50.2 -6
      vertex -52.325 -50.2 0
      vertex -52.325 -50.2 -1.41166
    endloop
  endfacet
  facet normal 0 -1 0
    outer loop
      vertex -53.2339 -50.2 -1.68323
      vertex -52.325 -50.2 -1.41166
      vertex -52.8924 -50.2 -1.50397
    endloop
  endfacet
  facet normal 0 -1 0
    outer loop
      vertex -53.5226 -50.2 -1.939
      vertex -52.325 -50.2 -1.41166
      vertex -53.2339 -50.2 -1.68323
    endloop
  endfacet
  facet normal 0 -1 -0
    outer loop
      vertex -52.325 -50.2 -1.41166
      vertex -53.5226 -50.2 -1.939
      vertex -52.325 -50.2 -4.58833
    endloop
  endfacet
  facet normal 0 -1 0
    outer loop
      vertex -52.325 -50.2 -4.58833
      vertex -53.5226 -50.2 -1.939
      vertex -53.7417 -50.2 -2.25644
    endloop
  endfacet
  facet normal 0 -1 0
    outer loop
      vertex -52.325 -50.2 -4.58833
      vertex -53.7417 -50.2 -2.25644
      vertex -53.8785 -50.2 -2.61709
    endloop
  endfacet
  facet normal 0 -1 0
    outer loop
      vertex -52.325 -50.2 -4.58833
      vertex -53.8785 -50.2 -2.61709
      vertex -53.925 -50.2 -3
    endloop
  endfacet
  facet normal 0 -1 0
    outer loop
      vertex -52.325 -50.2 -4.58833
      vertex -53.925 -50.2 -3
      vertex -53.8785 -50.2 -3.38291
    endloop
  endfacet
  facet normal 0 -1 0
    outer loop
      vertex -52.325 -50.2 -4.58833
      vertex -53.8785 -50.2 -3.38291
      vertex -53.7417 -50.2 -3.74356
    endloop
  endfacet
  facet normal 0 -1 0
    outer loop
      vertex -52.325 -50.2 -4.58833
      vertex -53.7417 -50.2 -3.74356
      vertex -53.5226 -50.2 -4.061
    endloop
  endfacet
  facet normal 0 -1 0
    outer loop
      vertex -52.325 -50.2 -4.58833
      vertex -53.5226 -50.2 -4.061
      vertex -53.2339 -50.2 -4.31677
    endloop
  endfacet
  facet normal 0 -1 0
    outer loop
      vertex -52.325 -50.2 -4.58833
      vertex -53.2339 -50.2 -4.31677
      vertex -52.8924 -50.2 -4.49603
    endloop
  endfacet
  facet normal 0 -1 0
    outer loop
      vertex -52.325 -50.2 -4.58833
      vertex -52.8924 -50.2 -4.49603
      vertex -52.5179 -50.2 -4.58833
    endloop
  endfacet
  facet normal 0 -1 0
    outer loop
      vertex -52.325 -50.2 -1.41166
      vertex -52.325 -50.2 -4.58833
      vertex -39.35 -50.2 -6
    endloop
  endfacet
  facet normal 0 -1 0
    outer loop
      vertex -2.38658 -50.2 -5.59999
      vertex -52.325 -50.2 0
      vertex -3.56499 -50.2 -5.59999
    endloop
  endfacet
  facet normal 0 -1 0
    outer loop
      vertex -52.325 -50.2 0
      vertex -2.38658 -50.2 -5.59999
      vertex 52.325 -50.2 0
    endloop
  endfacet
  facet normal 0 -1 0
    outer loop
      vertex -2.28462 -50.2 -5.61299
      vertex 52.325 -50.2 0
      vertex -2.38658 -50.2 -5.59999
    endloop
  endfacet
  facet normal 0 -1 0
    outer loop
      vertex 10.4038 -50.2 -7.32236
      vertex 52.325 -50.2 0
      vertex -2.28462 -50.2 -5.61299
    endloop
  endfacet
  facet normal 0 -1 -0
    outer loop
      vertex 52.325 -50.2 0
      vertex 39.35 -50.2 -6
      vertex 52.325 -50.2 -6
    endloop
  endfacet
  facet normal 0 -1 0
    outer loop
      vertex 10.4415 -50.2 -7.32857
      vertex 52.325 -50.2 0
      vertex 10.4038 -50.2 -7.32236
    endloop
  endfacet
  facet normal 0 -1 0
    outer loop
      vertex 52.325 -50.2 0
      vertex 10.4415 -50.2 -7.32857
      vertex 39.35 -50.2 -6
    endloop
  endfacet
  facet normal 0 -1 0
    outer loop
      vertex 13.4778 -50.2 -7.89134
      vertex 39.35 -50.2 -6
      vertex 10.4415 -50.2 -7.32857
    endloop
  endfacet
  facet normal 0 -1 0
    outer loop
      vertex 19.1763 -50.2 -8.99754
      vertex 39.35 -50.2 -6
      vertex 13.4778 -50.2 -7.89134
    endloop
  endfacet
  facet normal 0 -1 0
    outer loop
      vertex 21.805 -50.2 -9.51376
      vertex 39.35 -50.2 -6
      vertex 19.1763 -50.2 -8.99754
    endloop
  endfacet
  facet normal 0 -1 0
    outer loop
      vertex 21.8625 -50.2 -9.52689
      vertex 39.35 -50.2 -6
      vertex 21.805 -50.2 -9.51376
    endloop
  endfacet
  facet normal 0 -1 0
    outer loop
      vertex 30.3676 -50.2 -11.6725
      vertex 39.35 -50.2 -6
      vertex 21.8625 -50.2 -9.52689
    endloop
  endfacet
  facet normal 0 -1 0
    outer loop
      vertex 31.946 -50.2 -12.0818
      vertex 39.35 -50.2 -6
      vertex 30.3676 -50.2 -11.6725
    endloop
  endfacet
  facet normal 0 -1 0
    outer loop
      vertex 33.7458 -50.2 -12.549
      vertex 39.35 -50.2 -6
      vertex 31.946 -50.2 -12.0818
    endloop
  endfacet
  facet normal 0 -1 0
    outer loop
      vertex 33.8792 -50.2 -12.5972
      vertex 39.35 -50.2 -6
      vertex 33.7458 -50.2 -12.549
    endloop
  endfacet
  facet normal 0 -1 0
    outer loop
      vertex 34.3922 -50.2 -12.8783
      vertex 39.35 -50.2 -6
      vertex 33.8792 -50.2 -12.5972
    endloop
  endfacet
  facet normal 0 -1 0
    outer loop
      vertex 34.4712 -50.2 -12.932
      vertex 39.35 -50.2 -6
      vertex 34.3922 -50.2 -12.8783
    endloop
  endfacet
  facet normal 0 -1 0
    outer loop
      vertex 34.9051 -50.2 -13.292
      vertex 39.35 -50.2 -6
      vertex 34.4712 -50.2 -12.932
    endloop
  endfacet
  facet normal 0 -1 0
    outer loop
      vertex 34.9933 -50.2 -13.3872
      vertex 39.35 -50.2 -6
      vertex 34.9051 -50.2 -13.292
    endloop
  endfacet
  facet normal 0 -1 0
    outer loop
      vertex 35.8959 -50.2 -14.6455
      vertex 39.35 -50.2 -6
      vertex 34.9933 -50.2 -13.3872
    endloop
  endfacet
  facet normal 0 -1 0
    outer loop
      vertex 36.0101 -50.2 -14.9395
      vertex 39.35 -50.2 -6
      vertex 35.8959 -50.2 -14.6455
    endloop
  endfacet
  facet normal 0 -1 0
    outer loop
      vertex 36.0498 -50.2 -16.0522
      vertex 39.35 -50.2 -6
      vertex 36.0101 -50.2 -14.9395
    endloop
  endfacet
  facet normal 0 -1 0
    outer loop
      vertex 39.35 -50.2 -24.8
      vertex 36.0498 -50.2 -16.0522
      vertex 36.0498 -50.2 -24.8
    endloop
  endfacet
  facet normal 0 -1 0
    outer loop
      vertex 36.0498 -50.2 -16.0522
      vertex 39.35 -50.2 -24.8
      vertex 39.35 -50.2 -6
    endloop
  endfacet
  facet normal 0 -1 0
    outer loop
      vertex -52.325 -50.2 0
      vertex -10.3166 -50.2 -6.03408
      vertex -3.56499 -50.2 -5.59999
    endloop
  endfacet
  facet normal 0 -1 0
    outer loop
      vertex -39.35 -50.2 -6
      vertex -52.325 -50.2 -4.58833
      vertex -52.325 -50.2 -6
    endloop
  endfacet
  facet normal 0 -1 0
    outer loop
      vertex -17.7428 -50.2 -6.72377
      vertex -52.325 -50.2 0
      vertex -39.35 -50.2 -6
    endloop
  endfacet
  facet normal 0 -1 0
    outer loop
      vertex -3.56499 -50.2 -5.59999
      vertex -8.76657 -50.2 -6.00007
      vertex -8.75999 -50.2 -6
    endloop
  endfacet
  facet normal 0 -1 0
    outer loop
      vertex -3.56499 -50.2 -5.59999
      vertex -10.3166 -50.2 -6.03408
      vertex -8.76657 -50.2 -6.00007
    endloop
  endfacet
  facet normal 0 -1 0
    outer loop
      vertex -52.325 -50.2 0
      vertex -10.338 -50.2 -6.03532
      vertex -10.3166 -50.2 -6.03408
    endloop
  endfacet
  facet normal 0 -1 0
    outer loop
      vertex -52.325 -50.2 0
      vertex -13.342 -50.2 -6.177
      vertex -10.338 -50.2 -6.03532
    endloop
  endfacet
  facet normal 0 -1 0
    outer loop
      vertex -52.325 -50.2 0
      vertex -13.3745 -50.2 -6.17877
      vertex -13.342 -50.2 -6.177
    endloop
  endfacet
  facet normal 0 -1 0
    outer loop
      vertex -52.325 -50.2 0
      vertex -14.8505 -50.2 -6.33978
      vertex -13.3745 -50.2 -6.17877
    endloop
  endfacet
  facet normal 0 -1 0
    outer loop
      vertex -52.325 -50.2 0
      vertex -14.8636 -50.2 -6.34149
      vertex -14.8505 -50.2 -6.33978
    endloop
  endfacet
  facet normal 0 -1 0
    outer loop
      vertex -52.325 -50.2 0
      vertex -17.7079 -50.2 -6.71782
      vertex -14.8636 -50.2 -6.34149
    endloop
  endfacet
  facet normal 0 -1 0
    outer loop
      vertex -14.8636 -50.2 -6.34149
      vertex -17.7079 -50.2 -6.71782
      vertex -16.3023 -50.2 -6.56253
    endloop
  endfacet
  facet normal 0 -1 0
    outer loop
      vertex -52.325 -50.2 0
      vertex -17.7428 -50.2 -6.72377
      vertex -17.7079 -50.2 -6.71782
    endloop
  endfacet
  facet normal 0 -1 0
    outer loop
      vertex -20.4254 -50.2 -7.21461
      vertex -17.7428 -50.2 -6.72377
      vertex -39.35 -50.2 -6
    endloop
  endfacet
  facet normal 0 -1 0
    outer loop
      vertex -17.7428 -50.2 -6.72377
      vertex -20.4254 -50.2 -7.21461
      vertex -19.1038 -50.2 -7.03952
    endloop
  endfacet
  facet normal 0 -1 0
    outer loop
      vertex -39.35 -50.2 -6
      vertex -20.4685 -50.2 -7.22358
      vertex -20.4254 -50.2 -7.21461
    endloop
  endfacet
  facet normal 0 -1 0
    outer loop
      vertex -39.35 -50.2 -6
      vertex -21.7579 -50.2 -7.59253
      vertex -20.4685 -50.2 -7.22358
    endloop
  endfacet
  facet normal 0 -1 0
    outer loop
      vertex -39.35 -50.2 -6
      vertex -23.0019 -50.2 -7.91352
      vertex -21.7579 -50.2 -7.59253
    endloop
  endfacet
  facet normal 0 -1 0
    outer loop
      vertex -39.35 -50.2 -6
      vertex -23.0218 -50.2 -7.91938
      vertex -23.0019 -50.2 -7.91352
    endloop
  endfacet
  facet normal 0 -1 0
    outer loop
      vertex -39.35 -50.2 -6
      vertex -24.2171 -50.2 -8.31749
      vertex -23.0218 -50.2 -7.91938
    endloop
  endfacet
  facet normal 0 -1 0
    outer loop
      vertex -39.35 -50.2 -6
      vertex -25.3626 -50.2 -8.64988
      vertex -24.2171 -50.2 -8.31749
    endloop
  endfacet
  facet normal 0 -1 0
    outer loop
      vertex -39.35 -50.2 -6
      vertex -25.4001 -50.2 -8.66354
      vertex -25.3626 -50.2 -8.64988
    endloop
  endfacet
  facet normal 0 -1 0
    outer loop
      vertex -39.35 -50.2 -6
      vertex -26.4991 -50.2 -9.14854
      vertex -25.4001 -50.2 -8.66354
    endloop
  endfacet
  facet normal 0 -1 0
    outer loop
      vertex -39.35 -50.2 -6
      vertex -26.5276 -50.2 -9.16296
      vertex -26.4991 -50.2 -9.14854
    endloop
  endfacet
  facet normal 0 -1 0
    outer loop
      vertex -39.35 -50.2 -6
      vertex -27.5659 -50.2 -9.76028
      vertex -26.5276 -50.2 -9.16296
    endloop
  endfacet
  facet normal 0 -1 0
    outer loop
      vertex -39.35 -50.2 -6
      vertex -28.545 -50.2 -10.2761
      vertex -27.5659 -50.2 -9.76028
    endloop
  endfacet
  facet normal 0 -1 0
    outer loop
      vertex -39.35 -50.2 -6
      vertex -29.4711 -50.2 -10.7431
      vertex -28.545 -50.2 -10.2761
    endloop
  endfacet
  facet normal 0 -1 0
    outer loop
      vertex -39.35 -50.2 -6
      vertex -29.4972 -50.2 -10.758
      vertex -29.4711 -50.2 -10.7431
    endloop
  endfacet
  facet normal 0 -1 0
    outer loop
      vertex -39.35 -50.2 -6
      vertex -30.3652 -50.2 -11.311
      vertex -29.4972 -50.2 -10.758
    endloop
  endfacet
  facet normal 0 -1 0
    outer loop
      vertex -39.35 -50.2 -6
      vertex -30.3967 -50.2 -11.3341
      vertex -30.3652 -50.2 -11.311
    endloop
  endfacet
  facet normal 0 -1 0
    outer loop
      vertex -39.35 -50.2 -6
      vertex -31.2014 -50.2 -12.0087
      vertex -30.3967 -50.2 -11.3341
    endloop
  endfacet
  facet normal 0 -1 0
    outer loop
      vertex -39.35 -50.2 -6
      vertex -31.9424 -50.2 -12.6337
      vertex -31.2014 -50.2 -12.0087
    endloop
  endfacet
  facet normal 0 -1 0
    outer loop
      vertex -39.35 -50.2 -6
      vertex -31.9512 -50.2 -12.6414
      vertex -31.9424 -50.2 -12.6337
    endloop
  endfacet
  facet normal 0 -1 0
    outer loop
      vertex -39.35 -50.2 -6
      vertex -32.6252 -50.2 -13.2564
      vertex -31.9512 -50.2 -12.6414
    endloop
  endfacet
  facet normal 0 -1 0
    outer loop
      vertex -39.35 -50.2 -6
      vertex -32.6527 -50.2 -13.2851
      vertex -32.6252 -50.2 -13.2564
    endloop
  endfacet
  facet normal 0 -1 0
    outer loop
      vertex -39.35 -50.2 -6
      vertex -33.2607 -50.2 -14.0091
      vertex -32.6527 -50.2 -13.2851
    endloop
  endfacet
  facet normal 0 -1 0
    outer loop
      vertex -39.35 -50.2 -6
      vertex -33.2697 -50.2 -14.0203
      vertex -33.2607 -50.2 -14.0091
    endloop
  endfacet
  facet normal 0 -1 0
    outer loop
      vertex -39.35 -50.2 -6
      vertex -33.8077 -50.2 -14.727
      vertex -33.2697 -50.2 -14.0203
    endloop
  endfacet
  facet normal 0 -1 0
    outer loop
      vertex -39.35 -50.2 -6
      vertex -34.2767 -50.2 -15.336
      vertex -33.8077 -50.2 -14.727
    endloop
  endfacet
  facet normal 0 -1 0
    outer loop
      vertex -39.35 -50.2 -6
      vertex -34.3128 -50.2 -15.3964
      vertex -34.2767 -50.2 -15.336
    endloop
  endfacet
  facet normal 0 -1 0
    outer loop
      vertex -39.35 -50.2 -6
      vertex -34.7118 -50.2 -16.2874
      vertex -34.3128 -50.2 -15.3964
    endloop
  endfacet
  facet normal 0 -1 0
    outer loop
      vertex -39.35 -50.2 -6
      vertex -34.7198 -50.2 -16.3072
      vertex -34.7118 -50.2 -16.2874
    endloop
  endfacet
  facet normal 0 -1 0
    outer loop
      vertex -39.35 -50.2 -6
      vertex -35.0455 -50.2 -17.2004
      vertex -34.7198 -50.2 -16.3072
    endloop
  endfacet
  facet normal 0 -1 0
    outer loop
      vertex -35.5793 -50.2 -18.2505
      vertex -35.0455 -50.2 -17.2004
      vertex -39.35 -50.2 -6
    endloop
  endfacet
  facet normal 0 -1 0
    outer loop
      vertex -35.0455 -50.2 -17.2004
      vertex -35.5793 -50.2 -18.2505
      vertex -35.2919 -50.2 -17.8205
    endloop
  endfacet
  facet normal 0 -1 0
    outer loop
      vertex -35.2919 -50.2 -17.8205
      vertex -35.5793 -50.2 -18.2505
      vertex -35.4508 -50.2 -18.0983
    endloop
  endfacet
  facet normal 0 -1 0
    outer loop
      vertex -39.35 -50.2 -6
      vertex -35.6499 -50.2 -18.4489
      vertex -35.5793 -50.2 -18.2505
    endloop
  endfacet
  facet normal 0 -1 0
    outer loop
      vertex -39.35 -50.2 -24.8
      vertex -35.6499 -50.2 -18.4489
      vertex -39.35 -50.2 -6
    endloop
  endfacet
  facet normal 0 -1 -0
    outer loop
      vertex -35.6499 -50.2 -18.4489
      vertex -39.35 -50.2 -24.8
      vertex -35.6129 -50.2 -20.7189
    endloop
  endfacet
  facet normal 0 -1 0
    outer loop
      vertex -39.35 -50.2 -24.8
      vertex -35.486 -50.2 -21.1014
      vertex -35.5932 -50.2 -20.8211
    endloop
  endfacet
  facet normal 0 -1 -0
    outer loop
      vertex -35.486 -50.2 -21.1014
      vertex -39.35 -50.2 -24.8
      vertex -35.3067 -50.2 -21.6227
    endloop
  endfacet
  facet normal 0 -1 -0
    outer loop
      vertex -35.6129 -50.2 -20.7189
      vertex -39.35 -50.2 -24.8
      vertex -35.5932 -50.2 -20.8211
    endloop
  endfacet
  facet normal 0 -1 -0
    outer loop
      vertex -35.3067 -50.2 -21.6227
      vertex -39.35 -50.2 -24.8
      vertex -35.0525 -50.2 -22.4757
    endloop
  endfacet
  facet normal 0 -1 0
    outer loop
      vertex -39.35 -50.2 -24.8
      vertex -35.0452 -50.2 -22.4972
      vertex -35.0525 -50.2 -22.4757
    endloop
  endfacet
  facet normal 0 -1 0
    outer loop
      vertex -39.35 -50.2 -24.8
      vertex -34.7182 -50.2 -23.3522
      vertex -35.0452 -50.2 -22.4972
    endloop
  endfacet
  facet normal 0 -1 0
    outer loop
      vertex -39.35 -50.2 -24.8
      vertex -34.7077 -50.2 -23.3762
      vertex -34.7182 -50.2 -23.3522
    endloop
  endfacet
  facet normal 0 -1 0
    outer loop
      vertex -39.35 -50.2 -24.8
      vertex -34.3087 -50.2 -24.1963
      vertex -34.7077 -50.2 -23.3762
    endloop
  endfacet
  facet normal 0 -1 0
    outer loop
      vertex -39.35 -50.2 -24.8
      vertex -34.2966 -50.2 -24.2187
      vertex -34.3087 -50.2 -24.1963
    endloop
  endfacet
  facet normal 0 -1 -0
    outer loop
      vertex -34.2966 -50.2 -24.2187
      vertex -39.35 -50.2 -24.8
      vertex -33.9498 -50.2 -24.8
    endloop
  endfacet
  facet normal 0 -1 -0
    outer loop
      vertex -3.56499 -50.2 -5.59999
      vertex -8.75999 -50.2 -6
      vertex -3.56499 -50.2 -6
    endloop
  endfacet
  facet normal 0 -1 0
    outer loop
      vertex -10.338 -50.2 -6.03532
      vertex -13.342 -50.2 -6.177
      vertex -11.8519 -50.2 -6.177
    endloop
  endfacet
  facet normal 0 1 0
    outer loop
      vertex -3.56499 50.2 -5.59999
      vertex -10.3166 50.2 -6.03408
      vertex -52.325 50.2 0
    endloop
  endfacet
  facet normal 0 1 -0
    outer loop
      vertex -10.338 50.2 -6.03532
      vertex -52.325 50.2 0
      vertex -10.3166 50.2 -6.03408
    endloop
  endfacet
  facet normal 0 1 -0
    outer loop
      vertex -13.342 50.2 -6.177
      vertex -52.325 50.2 0
      vertex -10.338 50.2 -6.03532
    endloop
  endfacet
  facet normal 0 1 0
    outer loop
      vertex -13.342 50.2 -6.177
      vertex -10.338 50.2 -6.03532
      vertex -11.8519 50.2 -6.177
    endloop
  endfacet
  facet normal 0 1 -0
    outer loop
      vertex -13.3745 50.2 -6.17877
      vertex -52.325 50.2 0
      vertex -13.342 50.2 -6.177
    endloop
  endfacet
  facet normal 0 1 -0
    outer loop
      vertex -14.8505 50.2 -6.33978
      vertex -52.325 50.2 0
      vertex -13.3745 50.2 -6.17877
    endloop
  endfacet
  facet normal 0 1 -0
    outer loop
      vertex -14.8636 50.2 -6.34149
      vertex -52.325 50.2 0
      vertex -14.8505 50.2 -6.33978
    endloop
  endfacet
  facet normal 0 1 -0
    outer loop
      vertex -17.7079 50.2 -6.71782
      vertex -52.325 50.2 0
      vertex -14.8636 50.2 -6.34149
    endloop
  endfacet
  facet normal 0 1 0
    outer loop
      vertex -17.7079 50.2 -6.71782
      vertex -14.8636 50.2 -6.34149
      vertex -16.3023 50.2 -6.56253
    endloop
  endfacet
  facet normal 0 1 -0
    outer loop
      vertex -17.7428 50.2 -6.72377
      vertex -52.325 50.2 0
      vertex -17.7079 50.2 -6.71782
    endloop
  endfacet
  facet normal 0 1 0
    outer loop
      vertex -52.325 50.2 0
      vertex -17.7428 50.2 -6.72377
      vertex -39.35 50.2 -6
    endloop
  endfacet
  facet normal 0 1 0
    outer loop
      vertex -20.4254 50.2 -7.21461
      vertex -17.7428 50.2 -6.72377
      vertex -19.1038 50.2 -7.03952
    endloop
  endfacet
  facet normal 0 1 0
    outer loop
      vertex -17.7428 50.2 -6.72377
      vertex -20.4254 50.2 -7.21461
      vertex -39.35 50.2 -6
    endloop
  endfacet
  facet normal 0 1 -0
    outer loop
      vertex -20.4685 50.2 -7.22358
      vertex -39.35 50.2 -6
      vertex -20.4254 50.2 -7.21461
    endloop
  endfacet
  facet normal 0 1 -0
    outer loop
      vertex -21.7579 50.2 -7.59253
      vertex -39.35 50.2 -6
      vertex -20.4685 50.2 -7.22358
    endloop
  endfacet
  facet normal 0 1 -0
    outer loop
      vertex -23.0019 50.2 -7.91352
      vertex -39.35 50.2 -6
      vertex -21.7579 50.2 -7.59253
    endloop
  endfacet
  facet normal 0 1 -0
    outer loop
      vertex -23.0218 50.2 -7.91938
      vertex -39.35 50.2 -6
      vertex -23.0019 50.2 -7.91352
    endloop
  endfacet
  facet normal 0 1 -0
    outer loop
      vertex -24.2171 50.2 -8.31749
      vertex -39.35 50.2 -6
      vertex -23.0218 50.2 -7.91938
    endloop
  endfacet
  facet normal 0 1 -0
    outer loop
      vertex -25.3626 50.2 -8.64988
      vertex -39.35 50.2 -6
      vertex -24.2171 50.2 -8.31749
    endloop
  endfacet
  facet normal 0 1 -0
    outer loop
      vertex -25.4001 50.2 -8.66354
      vertex -39.35 50.2 -6
      vertex -25.3626 50.2 -8.64988
    endloop
  endfacet
  facet normal 0 1 -0
    outer loop
      vertex -26.4991 50.2 -9.14854
      vertex -39.35 50.2 -6
      vertex -25.4001 50.2 -8.66354
    endloop
  endfacet
  facet normal 0 1 -0
    outer loop
      vertex -26.5276 50.2 -9.16296
      vertex -39.35 50.2 -6
      vertex -26.4991 50.2 -9.14854
    endloop
  endfacet
  facet normal 0 1 -0
    outer loop
      vertex -27.5659 50.2 -9.76028
      vertex -39.35 50.2 -6
      vertex -26.5276 50.2 -9.16296
    endloop
  endfacet
  facet normal 0 1 -0
    outer loop
      vertex -28.545 50.2 -10.2761
      vertex -39.35 50.2 -6
      vertex -27.5659 50.2 -9.76028
    endloop
  endfacet
  facet normal 0 1 -0
    outer loop
      vertex -29.4711 50.2 -10.7431
      vertex -39.35 50.2 -6
      vertex -28.545 50.2 -10.2761
    endloop
  endfacet
  facet normal 0 1 -0
    outer loop
      vertex -29.4972 50.2 -10.758
      vertex -39.35 50.2 -6
      vertex -29.4711 50.2 -10.7431
    endloop
  endfacet
  facet normal 0 1 -0
    outer loop
      vertex -30.3652 50.2 -11.311
      vertex -39.35 50.2 -6
      vertex -29.4972 50.2 -10.758
    endloop
  endfacet
  facet normal 0 1 -0
    outer loop
      vertex -30.3967 50.2 -11.3341
      vertex -39.35 50.2 -6
      vertex -30.3652 50.2 -11.311
    endloop
  endfacet
  facet normal 0 1 -0
    outer loop
      vertex -31.2014 50.2 -12.0087
      vertex -39.35 50.2 -6
      vertex -30.3967 50.2 -11.3341
    endloop
  endfacet
  facet normal 0 1 -0
    outer loop
      vertex -31.9424 50.2 -12.6337
      vertex -39.35 50.2 -6
      vertex -31.2014 50.2 -12.0087
    endloop
  endfacet
  facet normal 0 1 -0
    outer loop
      vertex -31.9512 50.2 -12.6414
      vertex -39.35 50.2 -6
      vertex -31.9424 50.2 -12.6337
    endloop
  endfacet
  facet normal 0 1 -0
    outer loop
      vertex -32.6252 50.2 -13.2564
      vertex -39.35 50.2 -6
      vertex -31.9512 50.2 -12.6414
    endloop
  endfacet
  facet normal 0 1 -0
    outer loop
      vertex -32.6527 50.2 -13.2851
      vertex -39.35 50.2 -6
      vertex -32.6252 50.2 -13.2564
    endloop
  endfacet
  facet normal 0 1 -0
    outer loop
      vertex -33.2607 50.2 -14.0091
      vertex -39.35 50.2 -6
      vertex -32.6527 50.2 -13.2851
    endloop
  endfacet
  facet normal 0 1 -0
    outer loop
      vertex -33.2697 50.2 -14.0203
      vertex -39.35 50.2 -6
      vertex -33.2607 50.2 -14.0091
    endloop
  endfacet
  facet normal 0 1 -0
    outer loop
      vertex -33.8077 50.2 -14.727
      vertex -39.35 50.2 -6
      vertex -33.2697 50.2 -14.0203
    endloop
  endfacet
  facet normal 0 1 -0
    outer loop
      vertex -34.2767 50.2 -15.336
      vertex -39.35 50.2 -6
      vertex -33.8077 50.2 -14.727
    endloop
  endfacet
  facet normal 0 1 -0
    outer loop
      vertex -34.3128 50.2 -15.3964
      vertex -39.35 50.2 -6
      vertex -34.2767 50.2 -15.336
    endloop
  endfacet
  facet normal 0 1 -0
    outer loop
      vertex -34.7118 50.2 -16.2874
      vertex -39.35 50.2 -6
      vertex -34.3128 50.2 -15.3964
    endloop
  endfacet
  facet normal 0 1 -0
    outer loop
      vertex -34.7198 50.2 -16.3072
      vertex -39.35 50.2 -6
      vertex -34.7118 50.2 -16.2874
    endloop
  endfacet
  facet normal 0 1 -0
    outer loop
      vertex -35.0455 50.2 -17.2004
      vertex -39.35 50.2 -6
      vertex -34.7198 50.2 -16.3072
    endloop
  endfacet
  facet normal 0 1 0
    outer loop
      vertex -35.5793 50.2 -18.2505
      vertex -35.0455 50.2 -17.2004
      vertex -35.2919 50.2 -17.8205
    endloop
  endfacet
  facet normal 0 1 0
    outer loop
      vertex -35.5793 50.2 -18.2505
      vertex -35.2919 50.2 -17.8205
      vertex -35.4508 50.2 -18.0983
    endloop
  endfacet
  facet normal 0 1 0
    outer loop
      vertex -35.0455 50.2 -17.2004
      vertex -35.5793 50.2 -18.2505
      vertex -39.35 50.2 -6
    endloop
  endfacet
  facet normal 0 1 -0
    outer loop
      vertex -35.6499 50.2 -18.4489
      vertex -39.35 50.2 -6
      vertex -35.5793 50.2 -18.2505
    endloop
  endfacet
  facet normal 0 1 0
    outer loop
      vertex -39.35 50.2 -24.8
      vertex -35.6499 50.2 -18.4489
      vertex -35.6129 50.2 -20.7189
    endloop
  endfacet
  facet normal 0 1 0
    outer loop
      vertex -39.35 50.2 -24.8
      vertex -35.6129 50.2 -20.7189
      vertex -35.5932 50.2 -20.8211
    endloop
  endfacet
  facet normal 0 1 0
    outer loop
      vertex -39.35 50.2 -24.8
      vertex -35.486 50.2 -21.1014
      vertex -35.3067 50.2 -21.6227
    endloop
  endfacet
  facet normal 0 1 0
    outer loop
      vertex -39.35 50.2 -24.8
      vertex -35.3067 50.2 -21.6227
      vertex -35.0525 50.2 -22.4757
    endloop
  endfacet
  facet normal 0 1 0
    outer loop
      vertex -35.6499 50.2 -18.4489
      vertex -39.35 50.2 -24.8
      vertex -39.35 50.2 -6
    endloop
  endfacet
  facet normal 0 1 0
    outer loop
      vertex -35.486 50.2 -21.1014
      vertex -39.35 50.2 -24.8
      vertex -35.5932 50.2 -20.8211
    endloop
  endfacet
  facet normal 0 1 0
    outer loop
      vertex -35.0452 50.2 -22.4972
      vertex -39.35 50.2 -24.8
      vertex -35.0525 50.2 -22.4757
    endloop
  endfacet
  facet normal 0 1 0
    outer loop
      vertex -34.7182 50.2 -23.3522
      vertex -39.35 50.2 -24.8
      vertex -35.0452 50.2 -22.4972
    endloop
  endfacet
  facet normal 0 1 0
    outer loop
      vertex -34.7077 50.2 -23.3762
      vertex -39.35 50.2 -24.8
      vertex -34.7182 50.2 -23.3522
    endloop
  endfacet
  facet normal 0 1 0
    outer loop
      vertex -34.3087 50.2 -24.1963
      vertex -39.35 50.2 -24.8
      vertex -34.7077 50.2 -23.3762
    endloop
  endfacet
  facet normal 0 1 0
    outer loop
      vertex -34.2966 50.2 -24.2187
      vertex -39.35 50.2 -24.8
      vertex -34.3087 50.2 -24.1963
    endloop
  endfacet
  facet normal 0 1 0
    outer loop
      vertex -39.35 50.2 -24.8
      vertex -34.2966 50.2 -24.2187
      vertex -33.9498 50.2 -24.8
    endloop
  endfacet
  facet normal 0 1 -0
    outer loop
      vertex -2.38658 50.2 -5.59999
      vertex -52.325 50.2 0
      vertex 52.325 50.2 0
    endloop
  endfacet
  facet normal 0 1 0
    outer loop
      vertex -52.325 50.2 -1.41166
      vertex -52.8924 50.2 -1.50397
      vertex -52.5179 50.2 -1.41166
    endloop
  endfacet
  facet normal 0 1 0
    outer loop
      vertex -8.76657 50.2 -6.00007
      vertex -3.56499 50.2 -5.59999
      vertex -8.75999 50.2 -6
    endloop
  endfacet
  facet normal 0 1 0
    outer loop
      vertex -10.3166 50.2 -6.03408
      vertex -3.56499 50.2 -5.59999
      vertex -8.76657 50.2 -6.00007
    endloop
  endfacet
  facet normal 0 1 0
    outer loop
      vertex -52.325 50.2 0
      vertex -39.35 50.2 -6
      vertex -52.325 50.2 -1.41166
    endloop
  endfacet
  facet normal -0 1 0
    outer loop
      vertex -52.325 50.2 -4.58833
      vertex -52.325 50.2 -1.41166
      vertex -39.35 50.2 -6
    endloop
  endfacet
  facet normal -0 1 0
    outer loop
      vertex -53.5226 50.2 -1.939
      vertex -52.325 50.2 -1.41166
      vertex -52.325 50.2 -4.58833
    endloop
  endfacet
  facet normal 0 1 0
    outer loop
      vertex -52.325 50.2 -1.41166
      vertex -53.2339 50.2 -1.68323
      vertex -52.8924 50.2 -1.50397
    endloop
  endfacet
  facet normal 0 1 0
    outer loop
      vertex -52.325 50.2 -1.41166
      vertex -53.5226 50.2 -1.939
      vertex -53.2339 50.2 -1.68323
    endloop
  endfacet
  facet normal 0 1 0
    outer loop
      vertex -53.5226 50.2 -1.939
      vertex -52.325 50.2 -4.58833
      vertex -53.7417 50.2 -2.25644
    endloop
  endfacet
  facet normal 0 1 0
    outer loop
      vertex -53.7417 50.2 -2.25644
      vertex -52.325 50.2 -4.58833
      vertex -53.8785 50.2 -2.61709
    endloop
  endfacet
  facet normal 0 1 0
    outer loop
      vertex -53.8785 50.2 -2.61709
      vertex -52.325 50.2 -4.58833
      vertex -53.925 50.2 -3
    endloop
  endfacet
  facet normal 0 1 0
    outer loop
      vertex -53.925 50.2 -3
      vertex -52.325 50.2 -4.58833
      vertex -53.8785 50.2 -3.38291
    endloop
  endfacet
  facet normal 0 1 0
    outer loop
      vertex -53.8785 50.2 -3.38291
      vertex -52.325 50.2 -4.58833
      vertex -53.7417 50.2 -3.74356
    endloop
  endfacet
  facet normal 0 1 0
    outer loop
      vertex -52.325 50.2 0
      vertex -2.38658 50.2 -5.59999
      vertex -3.56499 50.2 -5.59999
    endloop
  endfacet
  facet normal 0 1 0
    outer loop
      vertex 52.325 50.2 0
      vertex -2.28462 50.2 -5.61299
      vertex -2.38658 50.2 -5.59999
    endloop
  endfacet
  facet normal 0 1 0
    outer loop
      vertex 39.35 50.2 -6
      vertex 52.325 50.2 0
      vertex 52.325 50.2 -6
    endloop
  endfacet
  facet normal 0 1 0
    outer loop
      vertex 10.4415 50.2 -7.32857
      vertex 52.325 50.2 0
      vertex 39.35 50.2 -6
    endloop
  endfacet
  facet normal 0 1 0
    outer loop
      vertex 52.325 50.2 0
      vertex 10.4038 50.2 -7.32236
      vertex -2.28462 50.2 -5.61299
    endloop
  endfacet
  facet normal 0 1 0
    outer loop
      vertex 52.325 50.2 0
      vertex 10.4415 50.2 -7.32857
      vertex 10.4038 50.2 -7.32236
    endloop
  endfacet
  facet normal 0 1 0
    outer loop
      vertex 39.35 50.2 -6
      vertex 13.4778 50.2 -7.89134
      vertex 10.4415 50.2 -7.32857
    endloop
  endfacet
  facet normal 0 1 0
    outer loop
      vertex 39.35 50.2 -6
      vertex 19.1763 50.2 -8.99754
      vertex 13.4778 50.2 -7.89134
    endloop
  endfacet
  facet normal 0 1 0
    outer loop
      vertex 39.35 50.2 -6
      vertex 21.805 50.2 -9.51376
      vertex 19.1763 50.2 -8.99754
    endloop
  endfacet
  facet normal 0 1 0
    outer loop
      vertex 39.35 50.2 -6
      vertex 21.8625 50.2 -9.52689
      vertex 21.805 50.2 -9.51376
    endloop
  endfacet
  facet normal 0 1 0
    outer loop
      vertex 39.35 50.2 -6
      vertex 30.3676 50.2 -11.6725
      vertex 21.8625 50.2 -9.52689
    endloop
  endfacet
  facet normal 0 1 0
    outer loop
      vertex 39.35 50.2 -6
      vertex 31.946 50.2 -12.0818
      vertex 30.3676 50.2 -11.6725
    endloop
  endfacet
  facet normal 0 1 0
    outer loop
      vertex 39.35 50.2 -6
      vertex 33.7458 50.2 -12.549
      vertex 31.946 50.2 -12.0818
    endloop
  endfacet
  facet normal 0 1 0
    outer loop
      vertex 39.35 50.2 -6
      vertex 33.8792 50.2 -12.5972
      vertex 33.7458 50.2 -12.549
    endloop
  endfacet
  facet normal 0 1 0
    outer loop
      vertex 39.35 50.2 -6
      vertex 34.3922 50.2 -12.8783
      vertex 33.8792 50.2 -12.5972
    endloop
  endfacet
  facet normal 0 1 0
    outer loop
      vertex 39.35 50.2 -6
      vertex 34.4712 50.2 -12.932
      vertex 34.3922 50.2 -12.8783
    endloop
  endfacet
  facet normal 0 1 0
    outer loop
      vertex 39.35 50.2 -6
      vertex 34.9051 50.2 -13.292
      vertex 34.4712 50.2 -12.932
    endloop
  endfacet
  facet normal 0 1 0
    outer loop
      vertex 39.35 50.2 -6
      vertex 34.9933 50.2 -13.3872
      vertex 34.9051 50.2 -13.292
    endloop
  endfacet
  facet normal 0 1 0
    outer loop
      vertex 39.35 50.2 -6
      vertex 35.8959 50.2 -14.6455
      vertex 34.9933 50.2 -13.3872
    endloop
  endfacet
  facet normal 0 1 0
    outer loop
      vertex 39.35 50.2 -6
      vertex 36.0101 50.2 -14.9395
      vertex 35.8959 50.2 -14.6455
    endloop
  endfacet
  facet normal 0 1 0
    outer loop
      vertex 39.35 50.2 -6
      vertex 36.0498 50.2 -16.0522
      vertex 36.0101 50.2 -14.9395
    endloop
  endfacet
  facet normal 0 1 -0
    outer loop
      vertex 39.35 50.2 -24.8
      vertex 36.0498 50.2 -16.0522
      vertex 39.35 50.2 -6
    endloop
  endfacet
  facet normal 0 1 0
    outer loop
      vertex 36.0498 50.2 -16.0522
      vertex 39.35 50.2 -24.8
      vertex 36.0498 50.2 -24.8
    endloop
  endfacet
  facet normal 0 1 0
    outer loop
      vertex -52.8924 50.2 -4.49603
      vertex -52.325 50.2 -4.58833
      vertex -52.5179 50.2 -4.58833
    endloop
  endfacet
  facet normal 0 1 0
    outer loop
      vertex -53.7417 50.2 -3.74356
      vertex -52.325 50.2 -4.58833
      vertex -53.5226 50.2 -4.061
    endloop
  endfacet
  facet normal 0 1 0
    outer loop
      vertex -8.75999 50.2 -6
      vertex -3.56499 50.2 -5.59999
      vertex -3.56499 50.2 -6
    endloop
  endfacet
  facet normal 0 1 0
    outer loop
      vertex -53.5226 50.2 -4.061
      vertex -52.325 50.2 -4.58833
      vertex -53.2339 50.2 -4.31677
    endloop
  endfacet
  facet normal 0 1 0
    outer loop
      vertex -53.2339 50.2 -4.31677
      vertex -52.325 50.2 -4.58833
      vertex -52.8924 50.2 -4.49603
    endloop
  endfacet
  facet normal 0 1 0
    outer loop
      vertex -52.325 50.2 -4.58833
      vertex -39.35 50.2 -6
      vertex -52.325 50.2 -6
    endloop
  endfacet
  facet normal -1 0 0
    outer loop
      vertex -39.35 -50.2 -24.8
      vertex -39.35 -2.75522 -6
      vertex -39.35 -2.75522 -24.8
    endloop
  endfacet
  facet normal -1 -0 0
    outer loop
      vertex -39.35 -2.75522 -6
      vertex -39.35 -50.2 -24.8
      vertex -39.35 -50.2 -6
    endloop
  endfacet
  facet normal -1 0 0
    outer loop
      vertex -39.35 2.75522 -24.8
      vertex -39.35 50.2 -6
      vertex -39.35 50.2 -24.8
    endloop
  endfacet
  facet normal -1 -0 0
    outer loop
      vertex -39.35 50.2 -6
      vertex -39.35 2.75522 -24.8
      vertex -39.35 2.75522 -6
    endloop
  endfacet
  facet normal 1 -0 0
    outer loop
      vertex 39.35 2.75522 -6
      vertex 39.35 50.2 -24.8
      vertex 39.35 50.2 -6
    endloop
  endfacet
  facet normal 1 0 0
    outer loop
      vertex 39.35 50.2 -24.8
      vertex 39.35 2.75522 -6
      vertex 39.35 2.75522 -24.8
    endloop
  endfacet
  facet normal 1 -0 0
    outer loop
      vertex 39.35 -50.2 -6
      vertex 39.35 -2.75522 -24.8
      vertex 39.35 -2.75522 -6
    endloop
  endfacet
  facet normal 1 0 0
    outer loop
      vertex 39.35 -2.75522 -24.8
      vertex 39.35 -50.2 -6
      vertex 39.35 -50.2 -24.8
    endloop
  endfacet
  facet normal 0 0 -1
    outer loop
      vertex -33.9498 -50.2 -24.8
      vertex -38.5 0 -24.8
      vertex -33.9498 50.2 -24.8
    endloop
  endfacet
  facet normal 0 0 -1
    outer loop
      vertex -33.9498 -50.2 -24.8
      vertex -38.5159 -0.395291 -24.8
      vertex -38.5 0 -24.8
    endloop
  endfacet
  facet normal 0 0 -1
    outer loop
      vertex -33.9498 -50.2 -24.8
      vertex -38.5636 -0.78802 -24.8
      vertex -38.5159 -0.395291 -24.8
    endloop
  endfacet
  facet normal 0 0 -1
    outer loop
      vertex -33.9498 -50.2 -24.8
      vertex -38.6427 -1.17564 -24.8
      vertex -38.5636 -0.78802 -24.8
    endloop
  endfacet
  facet normal 0 0 -1
    outer loop
      vertex -33.9498 -50.2 -24.8
      vertex -38.7528 -1.55563 -24.8
      vertex -38.6427 -1.17564 -24.8
    endloop
  endfacet
  facet normal 0 0 -1
    outer loop
      vertex -33.9498 -50.2 -24.8
      vertex -38.8931 -1.92554 -24.8
      vertex -38.7528 -1.55563 -24.8
    endloop
  endfacet
  facet normal 0 0 -1
    outer loop
      vertex -33.9498 -50.2 -24.8
      vertex -39.0627 -2.28295 -24.8
      vertex -38.8931 -1.92554 -24.8
    endloop
  endfacet
  facet normal 0 0 -1
    outer loop
      vertex -33.9498 -50.2 -24.8
      vertex -39.2605 -2.62556 -24.8
      vertex -39.0627 -2.28295 -24.8
    endloop
  endfacet
  facet normal 0 0 -1
    outer loop
      vertex -39.35 -2.75522 -24.8
      vertex -33.9498 -50.2 -24.8
      vertex -39.35 -50.2 -24.8
    endloop
  endfacet
  facet normal 0 0 -1
    outer loop
      vertex -33.9498 -50.2 -24.8
      vertex -39.35 -2.75522 -24.8
      vertex -39.2605 -2.62556 -24.8
    endloop
  endfacet
  facet normal 0 0 -1
    outer loop
      vertex -38.5159 0.395291 -24.8
      vertex -33.9498 50.2 -24.8
      vertex -38.5 0 -24.8
    endloop
  endfacet
  facet normal 0 0 -1
    outer loop
      vertex -38.5636 0.78802 -24.8
      vertex -33.9498 50.2 -24.8
      vertex -38.5159 0.395291 -24.8
    endloop
  endfacet
  facet normal 0 0 -1
    outer loop
      vertex -38.6427 1.17564 -24.8
      vertex -33.9498 50.2 -24.8
      vertex -38.5636 0.78802 -24.8
    endloop
  endfacet
  facet normal 0 0 -1
    outer loop
      vertex -38.7528 1.55563 -24.8
      vertex -33.9498 50.2 -24.8
      vertex -38.6427 1.17564 -24.8
    endloop
  endfacet
  facet normal 0 0 -1
    outer loop
      vertex -38.8931 1.92554 -24.8
      vertex -33.9498 50.2 -24.8
      vertex -38.7528 1.55563 -24.8
    endloop
  endfacet
  facet normal 0 0 -1
    outer loop
      vertex -39.0627 2.28295 -24.8
      vertex -33.9498 50.2 -24.8
      vertex -38.8931 1.92554 -24.8
    endloop
  endfacet
  facet normal 0 0 -1
    outer loop
      vertex -39.2605 2.62556 -24.8
      vertex -33.9498 50.2 -24.8
      vertex -39.0627 2.28295 -24.8
    endloop
  endfacet
  facet normal 0 0 -1
    outer loop
      vertex -39.35 2.75522 -24.8
      vertex -33.9498 50.2 -24.8
      vertex -39.2605 2.62556 -24.8
    endloop
  endfacet
  facet normal -0 0 -1
    outer loop
      vertex -33.9498 50.2 -24.8
      vertex -39.35 2.75522 -24.8
      vertex -39.35 50.2 -24.8
    endloop
  endfacet
  facet normal 0 0 -1
    outer loop
      vertex 36.0498 -50.2 -24.8
      vertex 39.35 -2.75522 -24.8
      vertex 39.35 -50.2 -24.8
    endloop
  endfacet
  facet normal -0 0 -1
    outer loop
      vertex 39.35 -2.75522 -24.8
      vertex 36.0498 -50.2 -24.8
      vertex 39.2605 -2.62556 -24.8
    endloop
  endfacet
  facet normal -0 0 -1
    outer loop
      vertex 39.2605 -2.62556 -24.8
      vertex 36.0498 -50.2 -24.8
      vertex 39.0627 -2.28295 -24.8
    endloop
  endfacet
  facet normal -0 0 -1
    outer loop
      vertex 39.0627 -2.28295 -24.8
      vertex 36.0498 -50.2 -24.8
      vertex 38.8931 -1.92554 -24.8
    endloop
  endfacet
  facet normal -0 0 -1
    outer loop
      vertex 38.8931 -1.92554 -24.8
      vertex 36.0498 -50.2 -24.8
      vertex 38.7528 -1.55563 -24.8
    endloop
  endfacet
  facet normal -0 0 -1
    outer loop
      vertex 38.7528 -1.55563 -24.8
      vertex 36.0498 -50.2 -24.8
      vertex 38.6427 -1.17564 -24.8
    endloop
  endfacet
  facet normal -0 0 -1
    outer loop
      vertex 38.6427 -1.17564 -24.8
      vertex 36.0498 -50.2 -24.8
      vertex 38.5636 -0.78802 -24.8
    endloop
  endfacet
  facet normal -0 0 -1
    outer loop
      vertex 38.5636 -0.78802 -24.8
      vertex 36.0498 -50.2 -24.8
      vertex 38.5159 -0.395291 -24.8
    endloop
  endfacet
  facet normal -0 0 -1
    outer loop
      vertex 38.5159 -0.395291 -24.8
      vertex 36.0498 -50.2 -24.8
      vertex 38.5 0 -24.8
    endloop
  endfacet
  facet normal 0 0 -1
    outer loop
      vertex 36.0498 50.2 -24.8
      vertex 39.35 2.75522 -24.8
      vertex 39.2605 2.62556 -24.8
    endloop
  endfacet
  facet normal 0 0 -1
    outer loop
      vertex 36.0498 50.2 -24.8
      vertex 39.2605 2.62556 -24.8
      vertex 39.0627 2.28295 -24.8
    endloop
  endfacet
  facet normal 0 0 -1
    outer loop
      vertex 36.0498 50.2 -24.8
      vertex 39.0627 2.28295 -24.8
      vertex 38.8931 1.92554 -24.8
    endloop
  endfacet
  facet normal 0 0 -1
    outer loop
      vertex 36.0498 50.2 -24.8
      vertex 38.8931 1.92554 -24.8
      vertex 38.7528 1.55563 -24.8
    endloop
  endfacet
  facet normal 0 0 -1
    outer loop
      vertex 36.0498 50.2 -24.8
      vertex 38.7528 1.55563 -24.8
      vertex 38.6427 1.17564 -24.8
    endloop
  endfacet
  facet normal 0 0 -1
    outer loop
      vertex 36.0498 50.2 -24.8
      vertex 38.6427 1.17564 -24.8
      vertex 38.5636 0.78802 -24.8
    endloop
  endfacet
  facet normal 0 0 -1
    outer loop
      vertex 36.0498 50.2 -24.8
      vertex 38.5636 0.78802 -24.8
      vertex 38.5159 0.395291 -24.8
    endloop
  endfacet
  facet normal 0 0 -1
    outer loop
      vertex 36.0498 50.2 -24.8
      vertex 38.5159 0.395291 -24.8
      vertex 38.5 0 -24.8
    endloop
  endfacet
  facet normal 0 0 -1
    outer loop
      vertex 36.0498 50.2 -24.8
      vertex 38.5 0 -24.8
      vertex 36.0498 -50.2 -24.8
    endloop
  endfacet
  facet normal 0 0 -1
    outer loop
      vertex 39.35 2.75522 -24.8
      vertex 36.0498 50.2 -24.8
      vertex 39.35 50.2 -24.8
    endloop
  endfacet
  facet normal -0 0 1
    outer loop
      vertex -52.5179 50.2 -1.41166
      vertex -52.325 -50.2 -1.41166
      vertex -52.325 50.2 -1.41166
    endloop
  endfacet
  facet normal 0 0 1
    outer loop
      vertex -52.325 -50.2 -1.41166
      vertex -52.5179 50.2 -1.41166
      vertex -52.5179 -50.2 -1.41166
    endloop
  endfacet
  facet normal -0.823 0 0.568042
    outer loop
      vertex -53.7417 -50.2 -2.25644
      vertex -53.5226 50.2 -1.939
      vertex -53.7417 50.2 -2.25644
    endloop
  endfacet
  facet normal -0.823 0 0.568042
    outer loop
      vertex -53.5226 50.2 -1.939
      vertex -53.7417 -50.2 -2.25644
      vertex -53.5226 -50.2 -1.939
    endloop
  endfacet
  facet normal -0.464778 0 0.885427
    outer loop
      vertex -53.2339 50.2 -1.68323
      vertex -52.8924 -50.2 -1.50397
      vertex -52.8924 50.2 -1.50397
    endloop
  endfacet
  facet normal -0.464778 0 0.885427
    outer loop
      vertex -52.8924 -50.2 -1.50397
      vertex -53.2339 50.2 -1.68323
      vertex -53.2339 -50.2 -1.68323
    endloop
  endfacet
  facet normal -0.934996 0 0.354658
    outer loop
      vertex -53.8785 -50.2 -2.61709
      vertex -53.7417 50.2 -2.25644
      vertex -53.8785 50.2 -2.61709
    endloop
  endfacet
  facet normal -0.934996 0 0.354658
    outer loop
      vertex -53.7417 50.2 -2.25644
      vertex -53.8785 -50.2 -2.61709
      vertex -53.7417 -50.2 -2.25644
    endloop
  endfacet
  facet normal -0.239326 0 0.970939
    outer loop
      vertex -52.8924 50.2 -1.50397
      vertex -52.5179 -50.2 -1.41166
      vertex -52.5179 50.2 -1.41166
    endloop
  endfacet
  facet normal -0.239326 0 0.970939
    outer loop
      vertex -52.5179 -50.2 -1.41166
      vertex -52.8924 50.2 -1.50397
      vertex -52.8924 -50.2 -1.50397
    endloop
  endfacet
  facet normal -0.464778 0 -0.885427
    outer loop
      vertex -53.2339 -50.2 -4.31677
      vertex -52.8924 50.2 -4.49603
      vertex -52.8924 -50.2 -4.49603
    endloop
  endfacet
  facet normal -0.464778 0 -0.885427
    outer loop
      vertex -52.8924 50.2 -4.49603
      vertex -53.2339 -50.2 -4.31677
      vertex -53.2339 50.2 -4.31677
    endloop
  endfacet
  facet normal 0 0 -1
    outer loop
      vertex -52.5179 -50.2 -4.58833
      vertex -52.325 50.2 -4.58833
      vertex -52.325 -50.2 -4.58833
    endloop
  endfacet
  facet normal -0 0 -1
    outer loop
      vertex -52.325 50.2 -4.58833
      vertex -52.5179 -50.2 -4.58833
      vertex -52.5179 50.2 -4.58833
    endloop
  endfacet
  facet normal -0.663129 0 -0.748505
    outer loop
      vertex -53.5226 -50.2 -4.061
      vertex -53.2339 50.2 -4.31677
      vertex -53.2339 -50.2 -4.31677
    endloop
  endfacet
  facet normal -0.663129 0 -0.748505
    outer loop
      vertex -53.2339 50.2 -4.31677
      vertex -53.5226 -50.2 -4.061
      vertex -53.5226 50.2 -4.061
    endloop
  endfacet
  facet normal -0.934996 0 -0.354658
    outer loop
      vertex -53.7417 -50.2 -3.74356
      vertex -53.8785 50.2 -3.38291
      vertex -53.7417 50.2 -3.74356
    endloop
  endfacet
  facet normal -0.934996 -0 -0.354658
    outer loop
      vertex -53.8785 50.2 -3.38291
      vertex -53.7417 -50.2 -3.74356
      vertex -53.8785 -50.2 -3.38291
    endloop
  endfacet
  facet normal -0.992707 0 0.120553
    outer loop
      vertex -53.925 -50.2 -3
      vertex -53.8785 50.2 -2.61709
      vertex -53.925 50.2 -3
    endloop
  endfacet
  facet normal -0.992707 0 0.120553
    outer loop
      vertex -53.8785 50.2 -2.61709
      vertex -53.925 -50.2 -3
      vertex -53.8785 -50.2 -2.61709
    endloop
  endfacet
  facet normal -0.992707 0 -0.120553
    outer loop
      vertex -53.8785 -50.2 -3.38291
      vertex -53.925 50.2 -3
      vertex -53.8785 50.2 -3.38291
    endloop
  endfacet
  facet normal -0.992707 -0 -0.120553
    outer loop
      vertex -53.925 50.2 -3
      vertex -53.8785 -50.2 -3.38291
      vertex -53.925 -50.2 -3
    endloop
  endfacet
  facet normal -0.663129 0 0.748505
    outer loop
      vertex -53.5226 50.2 -1.939
      vertex -53.2339 -50.2 -1.68323
      vertex -53.2339 50.2 -1.68323
    endloop
  endfacet
  facet normal -0.663129 0 0.748505
    outer loop
      vertex -53.2339 -50.2 -1.68323
      vertex -53.5226 50.2 -1.939
      vertex -53.5226 -50.2 -1.939
    endloop
  endfacet
  facet normal -0.239301 0 -0.970945
    outer loop
      vertex -52.8924 -50.2 -4.49603
      vertex -52.5179 50.2 -4.58833
      vertex -52.5179 -50.2 -4.58833
    endloop
  endfacet
  facet normal -0.239301 0 -0.970945
    outer loop
      vertex -52.5179 50.2 -4.58833
      vertex -52.8924 -50.2 -4.49603
      vertex -52.8924 50.2 -4.49603
    endloop
  endfacet
  facet normal -0.823 0 -0.568042
    outer loop
      vertex -53.5226 -50.2 -4.061
      vertex -53.7417 50.2 -3.74356
      vertex -53.5226 50.2 -4.061
    endloop
  endfacet
  facet normal -0.823 -0 -0.568042
    outer loop
      vertex -53.7417 50.2 -3.74356
      vertex -53.5226 -50.2 -4.061
      vertex -53.7417 -50.2 -3.74356
    endloop
  endfacet
  facet normal -0.999192 -0.040191 0
    outer loop
      vertex 48.325 0 -6
      vertex 48.3091 0.395291 0
      vertex 48.3091 0.395291 -6
    endloop
  endfacet
  facet normal -0.999192 -0.040191 0
    outer loop
      vertex 48.3091 0.395291 0
      vertex 48.325 0 -6
      vertex 48.325 0 0
    endloop
  endfacet
  facet normal 0 -1 0
    outer loop
      vertex 43.2147 4.90852 -6
      vertex 43.6103 4.90852 0
      vertex 43.2147 4.90852 0
    endloop
  endfacet
  facet normal 0 -1 -0
    outer loop
      vertex 43.6103 4.90852 0
      vertex 43.2147 4.90852 -6
      vertex 43.6103 4.90852 -6
    endloop
  endfacet
  facet normal -0.721144 -0.692785 0
    outer loop
      vertex 47.0896 3.25759 -6
      vertex 46.8155 3.54291 0
      vertex 46.8155 3.54291 -6
    endloop
  endfacet
  facet normal -0.721144 -0.692785 0
    outer loop
      vertex 46.8155 3.54291 0
      vertex 47.0896 3.25759 -6
      vertex 47.0896 3.25759 0
    endloop
  endfacet
  facet normal 0.721144 -0.692785 0
    outer loop
      vertex 39.7354 3.25759 0
      vertex 40.0095 3.54291 -6
      vertex 40.0095 3.54291 0
    endloop
  endfacet
  facet normal 0.721144 -0.692785 0
    outer loop
      vertex 40.0095 3.54291 -6
      vertex 39.7354 3.25759 0
      vertex 39.7354 3.25759 -6
    endloop
  endfacet
  facet normal 0.391933 -0.919994 0
    outer loop
      vertex 41.3065 4.4382 -6
      vertex 41.6705 4.59327 0
      vertex 41.3065 4.4382 0
    endloop
  endfacet
  facet normal 0.391933 -0.919994 0
    outer loop
      vertex 41.6705 4.59327 0
      vertex 41.3065 4.4382 -6
      vertex 41.6705 4.59327 -6
    endloop
  endfacet
  facet normal -0.903444 -0.428707 0
    outer loop
      vertex 47.9319 1.92554 -6
      vertex 47.7623 2.28295 0
      vertex 47.7623 2.28295 -6
    endloop
  endfacet
  facet normal -0.903444 -0.428707 0
    outer loop
      vertex 47.7623 2.28295 0
      vertex 47.9319 1.92554 -6
      vertex 47.9319 1.92554 0
    endloop
  endfacet
  facet normal -0.391933 -0.919994 0
    outer loop
      vertex 45.1545 4.59327 -6
      vertex 45.5185 4.4382 0
      vertex 45.1545 4.59327 0
    endloop
  endfacet
  facet normal -0.391933 -0.919994 -0
    outer loop
      vertex 45.5185 4.4382 0
      vertex 45.1545 4.59327 -6
      vertex 45.5185 4.4382 -6
    endloop
  endfacet
  facet normal -0.534541 -0.845143 0
    outer loop
      vertex 45.8688 4.25435 -6
      vertex 46.2031 4.04291 0
      vertex 45.8688 4.25435 0
    endloop
  endfacet
  facet normal -0.534541 -0.845143 -0
    outer loop
      vertex 46.2031 4.04291 0
      vertex 45.8688 4.25435 -6
      vertex 46.2031 4.04291 -6
    endloop
  endfacet
  facet normal 0.935006 -0.354631 0
    outer loop
      vertex 38.7528 1.55563 0
      vertex 38.8931 1.92554 -24.8
      vertex 38.8931 1.92554 0
    endloop
  endfacet
  facet normal 0.935006 -0.354631 0
    outer loop
      vertex 38.8931 1.92554 -24.8
      vertex 38.7528 1.55563 0
      vertex 38.7528 1.55563 -24.8
    endloop
  endfacet
  facet normal 0.823064 -0.567949 0
    outer loop
      vertex 39.4852 2.95115 0
      vertex 39.35 2.75522 -6
      vertex 39.4852 2.95115 -6
    endloop
  endfacet
  facet normal 0.823029 -0.567999 2.40268e-06
    outer loop
      vertex 39.2605 2.62556 0
      vertex 39.35 2.75522 -6
      vertex 39.4852 2.95115 0
    endloop
  endfacet
  facet normal 0.822977 -0.568074 0
    outer loop
      vertex 39.2605 2.62556 -24.8
      vertex 39.35 2.75522 -6
      vertex 39.2605 2.62556 0
    endloop
  endfacet
  facet normal 0.822977 -0.568074 0
    outer loop
      vertex 39.35 2.75522 -6
      vertex 39.2605 2.62556 -24.8
      vertex 39.35 2.75522 -24.8
    endloop
  endfacet
  facet normal 0.239334 -0.970937 0
    outer loop
      vertex 42.0458 4.71854 -6
      vertex 42.4299 4.81322 0
      vertex 42.0458 4.71854 0
    endloop
  endfacet
  facet normal 0.239334 -0.970937 0
    outer loop
      vertex 42.4299 4.81322 0
      vertex 42.0458 4.71854 -6
      vertex 42.4299 4.81322 -6
    endloop
  endfacet
  facet normal -0.960495 0.278298 0
    outer loop
      vertex 48.0722 -1.55563 -6
      vertex 48.1823 -1.17564 0
      vertex 48.1823 -1.17564 -6
    endloop
  endfacet
  facet normal -0.960495 0.278298 0
    outer loop
      vertex 48.1823 -1.17564 0
      vertex 48.0722 -1.55563 -6
      vertex 48.0722 -1.55563 0
    endloop
  endfacet
  facet normal 0.721144 0.692785 0
    outer loop
      vertex 40.0095 -3.54291 0
      vertex 39.7354 -3.25759 -6
      vertex 39.7354 -3.25759 0
    endloop
  endfacet
  facet normal 0.721144 0.692785 0
    outer loop
      vertex 39.7354 -3.25759 -6
      vertex 40.0095 -3.54291 0
      vertex 40.0095 -3.54291 -6
    endloop
  endfacet
  facet normal -0.979807 -0.199945 0
    outer loop
      vertex 48.2614 0.78802 -6
      vertex 48.1823 1.17564 0
      vertex 48.1823 1.17564 -6
    endloop
  endfacet
  facet normal -0.979807 -0.199945 0
    outer loop
      vertex 48.1823 1.17564 0
      vertex 48.2614 0.78802 -6
      vertex 48.2614 0.78802 0
    endloop
  endfacet
  facet normal -0.992705 -0.120572 0
    outer loop
      vertex 48.3091 0.395291 -6
      vertex 48.2614 0.78802 0
      vertex 48.2614 0.78802 -6
    endloop
  endfacet
  facet normal -0.992705 -0.120572 0
    outer loop
      vertex 48.2614 0.78802 0
      vertex 48.3091 0.395291 -6
      vertex 48.3091 0.395291 0
    endloop
  endfacet
  facet normal -0.960495 -0.278298 0
    outer loop
      vertex 48.1823 1.17564 -6
      vertex 48.0722 1.55563 0
      vertex 48.0722 1.55563 -6
    endloop
  endfacet
  facet normal -0.960495 -0.278298 0
    outer loop
      vertex 48.0722 1.55563 0
      vertex 48.1823 1.17564 -6
      vertex 48.1823 1.17564 0
    endloop
  endfacet
  facet normal -0.823029 -0.567999 0
    outer loop
      vertex 47.5645 2.62556 -6
      vertex 47.3398 2.95115 0
      vertex 47.3398 2.95115 -6
    endloop
  endfacet
  facet normal -0.823029 -0.567999 0
    outer loop
      vertex 47.3398 2.95115 0
      vertex 47.5645 2.62556 -6
      vertex 47.5645 2.62556 0
    endloop
  endfacet
  facet normal -0.774606 -0.632445 0
    outer loop
      vertex 47.3398 2.95115 -6
      vertex 47.0896 3.25759 0
      vertex 47.0896 3.25759 -6
    endloop
  endfacet
  facet normal -0.774606 -0.632445 0
    outer loop
      vertex 47.0896 3.25759 0
      vertex 47.3398 2.95115 -6
      vertex 47.3398 2.95115 0
    endloop
  endfacet
  facet normal -0.866032 -0.499989 0
    outer loop
      vertex 47.7623 2.28295 -6
      vertex 47.5645 2.62556 0
      vertex 47.5645 2.62556 -6
    endloop
  endfacet
  facet normal -0.866032 -0.499989 0
    outer loop
      vertex 47.5645 2.62556 0
      vertex 47.7623 2.28295 -6
      vertex 47.7623 2.28295 0
    endloop
  endfacet
  facet normal -0.239334 -0.970937 0
    outer loop
      vertex 44.3951 4.81322 -6
      vertex 44.7792 4.71854 0
      vertex 44.3951 4.81322 0
    endloop
  endfacet
  facet normal -0.239334 -0.970937 -0
    outer loop
      vertex 44.7792 4.71854 0
      vertex 44.3951 4.81322 -6
      vertex 44.7792 4.71854 -6
    endloop
  endfacet
  facet normal -0.316614 -0.948554 0
    outer loop
      vertex 44.7792 4.71854 -6
      vertex 45.1545 4.59327 0
      vertex 44.7792 4.71854 0
    endloop
  endfacet
  facet normal -0.316614 -0.948554 -0
    outer loop
      vertex 45.1545 4.59327 0
      vertex 44.7792 4.71854 -6
      vertex 45.1545 4.59327 -6
    endloop
  endfacet
  facet normal -0.0804887 -0.996756 0
    outer loop
      vertex 43.6103 4.90852 -6
      vertex 44.0046 4.87668 0
      vertex 43.6103 4.90852 0
    endloop
  endfacet
  facet normal -0.0804887 -0.996756 -0
    outer loop
      vertex 44.0046 4.87668 0
      vertex 43.6103 4.90852 -6
      vertex 44.0046 4.87668 -6
    endloop
  endfacet
  facet normal -0.46472 -0.885458 0
    outer loop
      vertex 45.5185 4.4382 -6
      vertex 45.8688 4.25435 0
      vertex 45.5185 4.4382 0
    endloop
  endfacet
  facet normal -0.46472 -0.885458 -0
    outer loop
      vertex 45.8688 4.25435 0
      vertex 45.5185 4.4382 -6
      vertex 45.8688 4.25435 -6
    endloop
  endfacet
  facet normal -0.663149 -0.748488 0
    outer loop
      vertex 46.5194 3.80525 -6
      vertex 46.8155 3.54291 0
      vertex 46.5194 3.80525 0
    endloop
  endfacet
  facet normal -0.663149 -0.748488 -0
    outer loop
      vertex 46.8155 3.54291 0
      vertex 46.5194 3.80525 -6
      vertex 46.8155 3.54291 -6
    endloop
  endfacet
  facet normal 0.979807 -0.199945 0
    outer loop
      vertex 38.5636 0.78802 0
      vertex 38.6427 1.17564 -24.8
      vertex 38.6427 1.17564 0
    endloop
  endfacet
  facet normal 0.979807 -0.199945 0
    outer loop
      vertex 38.6427 1.17564 -24.8
      vertex 38.5636 0.78802 0
      vertex 38.5636 0.78802 -24.8
    endloop
  endfacet
  facet normal 0.866032 -0.499989 0
    outer loop
      vertex 39.0627 2.28295 0
      vertex 39.2605 2.62556 -24.8
      vertex 39.2605 2.62556 0
    endloop
  endfacet
  facet normal 0.866032 -0.499989 0
    outer loop
      vertex 39.2605 2.62556 -24.8
      vertex 39.0627 2.28295 0
      vertex 39.0627 2.28295 -24.8
    endloop
  endfacet
  facet normal 0.903444 -0.428707 0
    outer loop
      vertex 38.8931 1.92554 0
      vertex 39.0627 2.28295 -24.8
      vertex 39.0627 2.28295 0
    endloop
  endfacet
  facet normal 0.903444 -0.428707 0
    outer loop
      vertex 39.0627 2.28295 -24.8
      vertex 38.8931 1.92554 0
      vertex 38.8931 1.92554 -24.8
    endloop
  endfacet
  facet normal 0.960495 -0.278298 0
    outer loop
      vertex 38.6427 1.17564 0
      vertex 38.7528 1.55563 -24.8
      vertex 38.7528 1.55563 0
    endloop
  endfacet
  facet normal 0.960495 -0.278298 0
    outer loop
      vertex 38.7528 1.55563 -24.8
      vertex 38.6427 1.17564 0
      vertex 38.6427 1.17564 -24.8
    endloop
  endfacet
  facet normal 0.992705 -0.120572 0
    outer loop
      vertex 38.5159 0.395291 0
      vertex 38.5636 0.78802 -24.8
      vertex 38.5636 0.78802 0
    endloop
  endfacet
  facet normal 0.992705 -0.120572 0
    outer loop
      vertex 38.5636 0.78802 -24.8
      vertex 38.5159 0.395291 0
      vertex 38.5159 0.395291 -24.8
    endloop
  endfacet
  facet normal 0.534541 -0.845143 0
    outer loop
      vertex 40.6219 4.04291 -6
      vertex 40.9562 4.25435 0
      vertex 40.6219 4.04291 0
    endloop
  endfacet
  facet normal 0.534541 -0.845143 0
    outer loop
      vertex 40.9562 4.25435 0
      vertex 40.6219 4.04291 -6
      vertex 40.9562 4.25435 -6
    endloop
  endfacet
  facet normal 0.46472 -0.885458 0
    outer loop
      vertex 40.9562 4.25435 -6
      vertex 41.3065 4.4382 0
      vertex 40.9562 4.25435 0
    endloop
  endfacet
  facet normal 0.46472 -0.885458 0
    outer loop
      vertex 41.3065 4.4382 0
      vertex 40.9562 4.25435 -6
      vertex 41.3065 4.4382 -6
    endloop
  endfacet
  facet normal 0.663149 -0.748488 0
    outer loop
      vertex 40.0095 3.54291 -6
      vertex 40.3056 3.80525 0
      vertex 40.0095 3.54291 0
    endloop
  endfacet
  facet normal 0.663149 -0.748488 0
    outer loop
      vertex 40.3056 3.80525 0
      vertex 40.0095 3.54291 -6
      vertex 40.3056 3.80525 -6
    endloop
  endfacet
  facet normal 0.316614 -0.948554 0
    outer loop
      vertex 41.6705 4.59327 -6
      vertex 42.0458 4.71854 0
      vertex 41.6705 4.59327 0
    endloop
  endfacet
  facet normal 0.316614 -0.948554 0
    outer loop
      vertex 42.0458 4.71854 0
      vertex 41.6705 4.59327 -6
      vertex 42.0458 4.71854 -6
    endloop
  endfacet
  facet normal 0.0804887 -0.996756 0
    outer loop
      vertex 42.8204 4.87668 -6
      vertex 43.2147 4.90852 0
      vertex 42.8204 4.87668 0
    endloop
  endfacet
  facet normal 0.0804887 -0.996756 0
    outer loop
      vertex 43.2147 4.90852 0
      vertex 42.8204 4.87668 -6
      vertex 43.2147 4.90852 -6
    endloop
  endfacet
  facet normal -0.160405 0.987051 0
    outer loop
      vertex 44.3951 -4.81322 -6
      vertex 44.0046 -4.87668 0
      vertex 44.3951 -4.81322 0
    endloop
  endfacet
  facet normal -0.160405 0.987051 0
    outer loop
      vertex 44.0046 -4.87668 0
      vertex 44.3951 -4.81322 -6
      vertex 44.0046 -4.87668 -6
    endloop
  endfacet
  facet normal -0.0804887 0.996756 0
    outer loop
      vertex 44.0046 -4.87668 -6
      vertex 43.6103 -4.90852 0
      vertex 44.0046 -4.87668 0
    endloop
  endfacet
  facet normal -0.0804887 0.996756 0
    outer loop
      vertex 43.6103 -4.90852 0
      vertex 44.0046 -4.87668 -6
      vertex 43.6103 -4.90852 -6
    endloop
  endfacet
  facet normal -0.316614 0.948554 0
    outer loop
      vertex 45.1545 -4.59327 -6
      vertex 44.7792 -4.71854 0
      vertex 45.1545 -4.59327 0
    endloop
  endfacet
  facet normal -0.316614 0.948554 0
    outer loop
      vertex 44.7792 -4.71854 0
      vertex 45.1545 -4.59327 -6
      vertex 44.7792 -4.71854 -6
    endloop
  endfacet
  facet normal -0.663149 0.748488 0
    outer loop
      vertex 46.8155 -3.54291 -6
      vertex 46.5194 -3.80525 0
      vertex 46.8155 -3.54291 0
    endloop
  endfacet
  facet normal -0.663149 0.748488 0
    outer loop
      vertex 46.5194 -3.80525 0
      vertex 46.8155 -3.54291 -6
      vertex 46.5194 -3.80525 -6
    endloop
  endfacet
  facet normal -0.600703 0.799472 0
    outer loop
      vertex 46.5194 -3.80525 -6
      vertex 46.2031 -4.04291 0
      vertex 46.5194 -3.80525 0
    endloop
  endfacet
  facet normal -0.600703 0.799472 0
    outer loop
      vertex 46.2031 -4.04291 0
      vertex 46.5194 -3.80525 -6
      vertex 46.2031 -4.04291 -6
    endloop
  endfacet
  facet normal -0.46472 0.885458 0
    outer loop
      vertex 45.8688 -4.25435 -6
      vertex 45.5185 -4.4382 0
      vertex 45.8688 -4.25435 0
    endloop
  endfacet
  facet normal -0.46472 0.885458 0
    outer loop
      vertex 45.5185 -4.4382 0
      vertex 45.8688 -4.25435 -6
      vertex 45.5185 -4.4382 -6
    endloop
  endfacet
  facet normal -0.903444 0.428707 0
    outer loop
      vertex 47.7623 -2.28295 -6
      vertex 47.9319 -1.92554 0
      vertex 47.9319 -1.92554 -6
    endloop
  endfacet
  facet normal -0.903444 0.428707 0
    outer loop
      vertex 47.9319 -1.92554 0
      vertex 47.7623 -2.28295 -6
      vertex 47.7623 -2.28295 0
    endloop
  endfacet
  facet normal 0.239334 0.970937 -0
    outer loop
      vertex 42.4299 -4.81322 -6
      vertex 42.0458 -4.71854 0
      vertex 42.4299 -4.81322 0
    endloop
  endfacet
  facet normal 0.239334 0.970937 0
    outer loop
      vertex 42.0458 -4.71854 0
      vertex 42.4299 -4.81322 -6
      vertex 42.0458 -4.71854 -6
    endloop
  endfacet
  facet normal 0.600703 0.799472 -0
    outer loop
      vertex 40.6219 -4.04291 -6
      vertex 40.3056 -3.80525 0
      vertex 40.6219 -4.04291 0
    endloop
  endfacet
  facet normal 0.600703 0.799472 0
    outer loop
      vertex 40.3056 -3.80525 0
      vertex 40.6219 -4.04291 -6
      vertex 40.3056 -3.80525 -6
    endloop
  endfacet
  facet normal 0.663149 0.748488 -0
    outer loop
      vertex 40.3056 -3.80525 -6
      vertex 40.0095 -3.54291 0
      vertex 40.3056 -3.80525 0
    endloop
  endfacet
  facet normal 0.663149 0.748488 0
    outer loop
      vertex 40.0095 -3.54291 0
      vertex 40.3056 -3.80525 -6
      vertex 40.0095 -3.54291 -6
    endloop
  endfacet
  facet normal 0.46472 0.885458 -0
    outer loop
      vertex 41.3065 -4.4382 -6
      vertex 40.9562 -4.25435 0
      vertex 41.3065 -4.4382 0
    endloop
  endfacet
  facet normal 0.46472 0.885458 0
    outer loop
      vertex 40.9562 -4.25435 0
      vertex 41.3065 -4.4382 -6
      vertex 40.9562 -4.25435 -6
    endloop
  endfacet
  facet normal 0.316614 0.948554 -0
    outer loop
      vertex 42.0458 -4.71854 -6
      vertex 41.6705 -4.59327 0
      vertex 42.0458 -4.71854 0
    endloop
  endfacet
  facet normal 0.316614 0.948554 0
    outer loop
      vertex 41.6705 -4.59327 0
      vertex 42.0458 -4.71854 -6
      vertex 41.6705 -4.59327 -6
    endloop
  endfacet
  facet normal 0.0804887 0.996756 -0
    outer loop
      vertex 43.2147 -4.90852 -6
      vertex 42.8204 -4.87668 0
      vertex 43.2147 -4.90852 0
    endloop
  endfacet
  facet normal 0.0804887 0.996756 0
    outer loop
      vertex 42.8204 -4.87668 0
      vertex 43.2147 -4.90852 -6
      vertex 42.8204 -4.87668 -6
    endloop
  endfacet
  facet normal 0.822977 0.568074 0
    outer loop
      vertex 39.2605 -2.62556 0
      vertex 39.35 -2.75522 -6
      vertex 39.2605 -2.62556 -24.8
    endloop
  endfacet
  facet normal 0.823029 0.567999 2.40268e-06
    outer loop
      vertex 39.4852 -2.95115 0
      vertex 39.35 -2.75522 -6
      vertex 39.2605 -2.62556 0
    endloop
  endfacet
  facet normal 0.823064 0.567949 0
    outer loop
      vertex 39.35 -2.75522 -6
      vertex 39.4852 -2.95115 0
      vertex 39.4852 -2.95115 -6
    endloop
  endfacet
  facet normal 0.822977 0.568074 0
    outer loop
      vertex 39.2605 -2.62556 -24.8
      vertex 39.35 -2.75522 -6
      vertex 39.35 -2.75522 -24.8
    endloop
  endfacet
  facet normal 0.866032 0.499989 0
    outer loop
      vertex 39.2605 -2.62556 0
      vertex 39.0627 -2.28295 -24.8
      vertex 39.0627 -2.28295 0
    endloop
  endfacet
  facet normal 0.866032 0.499989 0
    outer loop
      vertex 39.0627 -2.28295 -24.8
      vertex 39.2605 -2.62556 0
      vertex 39.2605 -2.62556 -24.8
    endloop
  endfacet
  facet normal 0.774606 0.632445 0
    outer loop
      vertex 39.7354 -3.25759 0
      vertex 39.4852 -2.95115 -6
      vertex 39.4852 -2.95115 0
    endloop
  endfacet
  facet normal 0.774606 0.632445 0
    outer loop
      vertex 39.4852 -2.95115 -6
      vertex 39.7354 -3.25759 0
      vertex 39.7354 -3.25759 -6
    endloop
  endfacet
  facet normal 0.960495 0.278298 0
    outer loop
      vertex 38.7528 -1.55563 0
      vertex 38.6427 -1.17564 -24.8
      vertex 38.6427 -1.17564 0
    endloop
  endfacet
  facet normal 0.960495 0.278298 0
    outer loop
      vertex 38.6427 -1.17564 -24.8
      vertex 38.7528 -1.55563 0
      vertex 38.7528 -1.55563 -24.8
    endloop
  endfacet
  facet normal 0.935006 0.354631 0
    outer loop
      vertex 38.8931 -1.92554 0
      vertex 38.7528 -1.55563 -24.8
      vertex 38.7528 -1.55563 0
    endloop
  endfacet
  facet normal 0.935006 0.354631 0
    outer loop
      vertex 38.7528 -1.55563 -24.8
      vertex 38.8931 -1.92554 0
      vertex 38.8931 -1.92554 -24.8
    endloop
  endfacet
  facet normal 0.992705 0.120572 0
    outer loop
      vertex 38.5636 -0.78802 0
      vertex 38.5159 -0.395291 -24.8
      vertex 38.5159 -0.395291 0
    endloop
  endfacet
  facet normal 0.992705 0.120572 0
    outer loop
      vertex 38.5159 -0.395291 -24.8
      vertex 38.5636 -0.78802 0
      vertex 38.5636 -0.78802 -24.8
    endloop
  endfacet
  facet normal -0.935006 -0.354631 0
    outer loop
      vertex 48.0722 1.55563 -6
      vertex 47.9319 1.92554 0
      vertex 47.9319 1.92554 -6
    endloop
  endfacet
  facet normal -0.935006 -0.354631 0
    outer loop
      vertex 47.9319 1.92554 0
      vertex 48.0722 1.55563 -6
      vertex 48.0722 1.55563 0
    endloop
  endfacet
  facet normal -0.160405 -0.987051 0
    outer loop
      vertex 44.0046 4.87668 -6
      vertex 44.3951 4.81322 0
      vertex 44.0046 4.87668 0
    endloop
  endfacet
  facet normal -0.160405 -0.987051 -0
    outer loop
      vertex 44.3951 4.81322 0
      vertex 44.0046 4.87668 -6
      vertex 44.3951 4.81322 -6
    endloop
  endfacet
  facet normal -0.600703 -0.799472 0
    outer loop
      vertex 46.2031 4.04291 -6
      vertex 46.5194 3.80525 0
      vertex 46.2031 4.04291 0
    endloop
  endfacet
  facet normal -0.600703 -0.799472 -0
    outer loop
      vertex 46.5194 3.80525 0
      vertex 46.2031 4.04291 -6
      vertex 46.5194 3.80525 -6
    endloop
  endfacet
  facet normal 0.774606 -0.632445 0
    outer loop
      vertex 39.4852 2.95115 0
      vertex 39.7354 3.25759 -6
      vertex 39.7354 3.25759 0
    endloop
  endfacet
  facet normal 0.774606 -0.632445 0
    outer loop
      vertex 39.7354 3.25759 -6
      vertex 39.4852 2.95115 0
      vertex 39.4852 2.95115 -6
    endloop
  endfacet
  facet normal 0.999192 -0.040191 0
    outer loop
      vertex 38.5 0 0
      vertex 38.5159 0.395291 -24.8
      vertex 38.5159 0.395291 0
    endloop
  endfacet
  facet normal 0.999192 -0.040191 0
    outer loop
      vertex 38.5159 0.395291 -24.8
      vertex 38.5 0 0
      vertex 38.5 0 -24.8
    endloop
  endfacet
  facet normal 0.600703 -0.799472 0
    outer loop
      vertex 40.3056 3.80525 -6
      vertex 40.6219 4.04291 0
      vertex 40.3056 3.80525 0
    endloop
  endfacet
  facet normal 0.600703 -0.799472 0
    outer loop
      vertex 40.6219 4.04291 0
      vertex 40.3056 3.80525 -6
      vertex 40.6219 4.04291 -6
    endloop
  endfacet
  facet normal 0.160405 -0.987051 0
    outer loop
      vertex 42.4299 4.81322 -6
      vertex 42.8204 4.87668 0
      vertex 42.4299 4.81322 0
    endloop
  endfacet
  facet normal 0.160405 -0.987051 0
    outer loop
      vertex 42.8204 4.87668 0
      vertex 42.4299 4.81322 -6
      vertex 42.8204 4.87668 -6
    endloop
  endfacet
  facet normal -0.999192 0.040191 0
    outer loop
      vertex 48.3091 -0.395291 -6
      vertex 48.325 0 0
      vertex 48.325 0 -6
    endloop
  endfacet
  facet normal -0.999192 0.040191 0
    outer loop
      vertex 48.325 0 0
      vertex 48.3091 -0.395291 -6
      vertex 48.3091 -0.395291 0
    endloop
  endfacet
  facet normal -0.391933 0.919994 0
    outer loop
      vertex 45.5185 -4.4382 -6
      vertex 45.1545 -4.59327 0
      vertex 45.5185 -4.4382 0
    endloop
  endfacet
  facet normal -0.391933 0.919994 0
    outer loop
      vertex 45.1545 -4.59327 0
      vertex 45.5185 -4.4382 -6
      vertex 45.1545 -4.59327 -6
    endloop
  endfacet
  facet normal -0.721144 0.692785 0
    outer loop
      vertex 46.8155 -3.54291 -6
      vertex 47.0896 -3.25759 0
      vertex 47.0896 -3.25759 -6
    endloop
  endfacet
  facet normal -0.721144 0.692785 0
    outer loop
      vertex 47.0896 -3.25759 0
      vertex 46.8155 -3.54291 -6
      vertex 46.8155 -3.54291 0
    endloop
  endfacet
  facet normal -0.534541 0.845143 0
    outer loop
      vertex 46.2031 -4.04291 -6
      vertex 45.8688 -4.25435 0
      vertex 46.2031 -4.04291 0
    endloop
  endfacet
  facet normal -0.534541 0.845143 0
    outer loop
      vertex 45.8688 -4.25435 0
      vertex 46.2031 -4.04291 -6
      vertex 45.8688 -4.25435 -6
    endloop
  endfacet
  facet normal -0.866032 0.499989 0
    outer loop
      vertex 47.5645 -2.62556 -6
      vertex 47.7623 -2.28295 0
      vertex 47.7623 -2.28295 -6
    endloop
  endfacet
  facet normal -0.866032 0.499989 0
    outer loop
      vertex 47.7623 -2.28295 0
      vertex 47.5645 -2.62556 -6
      vertex 47.5645 -2.62556 0
    endloop
  endfacet
  facet normal -0.774606 0.632445 0
    outer loop
      vertex 47.0896 -3.25759 -6
      vertex 47.3398 -2.95115 0
      vertex 47.3398 -2.95115 -6
    endloop
  endfacet
  facet normal -0.774606 0.632445 0
    outer loop
      vertex 47.3398 -2.95115 0
      vertex 47.0896 -3.25759 -6
      vertex 47.0896 -3.25759 0
    endloop
  endfacet
  facet normal -0.823029 0.567999 0
    outer loop
      vertex 47.3398 -2.95115 -6
      vertex 47.5645 -2.62556 0
      vertex 47.5645 -2.62556 -6
    endloop
  endfacet
  facet normal -0.823029 0.567999 0
    outer loop
      vertex 47.5645 -2.62556 0
      vertex 47.3398 -2.95115 -6
      vertex 47.3398 -2.95115 0
    endloop
  endfacet
  facet normal -0.935006 0.354631 0
    outer loop
      vertex 47.9319 -1.92554 -6
      vertex 48.0722 -1.55563 0
      vertex 48.0722 -1.55563 -6
    endloop
  endfacet
  facet normal -0.935006 0.354631 0
    outer loop
      vertex 48.0722 -1.55563 0
      vertex 47.9319 -1.92554 -6
      vertex 47.9319 -1.92554 0
    endloop
  endfacet
  facet normal -0.979807 0.199945 0
    outer loop
      vertex 48.1823 -1.17564 -6
      vertex 48.2614 -0.78802 0
      vertex 48.2614 -0.78802 -6
    endloop
  endfacet
  facet normal -0.979807 0.199945 0
    outer loop
      vertex 48.2614 -0.78802 0
      vertex 48.1823 -1.17564 -6
      vertex 48.1823 -1.17564 0
    endloop
  endfacet
  facet normal -0.992705 0.120572 0
    outer loop
      vertex 48.2614 -0.78802 -6
      vertex 48.3091 -0.395291 0
      vertex 48.3091 -0.395291 -6
    endloop
  endfacet
  facet normal -0.992705 0.120572 0
    outer loop
      vertex 48.3091 -0.395291 0
      vertex 48.2614 -0.78802 -6
      vertex 48.2614 -0.78802 0
    endloop
  endfacet
  facet normal 0.391933 0.919994 -0
    outer loop
      vertex 41.6705 -4.59327 -6
      vertex 41.3065 -4.4382 0
      vertex 41.6705 -4.59327 0
    endloop
  endfacet
  facet normal 0.391933 0.919994 0
    outer loop
      vertex 41.3065 -4.4382 0
      vertex 41.6705 -4.59327 -6
      vertex 41.3065 -4.4382 -6
    endloop
  endfacet
  facet normal 0 1 -0
    outer loop
      vertex 43.6103 -4.90852 -6
      vertex 43.2147 -4.90852 0
      vertex 43.6103 -4.90852 0
    endloop
  endfacet
  facet normal 0 1 0
    outer loop
      vertex 43.2147 -4.90852 0
      vertex 43.6103 -4.90852 -6
      vertex 43.2147 -4.90852 -6
    endloop
  endfacet
  facet normal 0.903444 0.428707 0
    outer loop
      vertex 39.0627 -2.28295 0
      vertex 38.8931 -1.92554 -24.8
      vertex 38.8931 -1.92554 0
    endloop
  endfacet
  facet normal 0.903444 0.428707 0
    outer loop
      vertex 38.8931 -1.92554 -24.8
      vertex 39.0627 -2.28295 0
      vertex 39.0627 -2.28295 -24.8
    endloop
  endfacet
  facet normal 0.979807 0.199945 0
    outer loop
      vertex 38.6427 -1.17564 0
      vertex 38.5636 -0.78802 -24.8
      vertex 38.5636 -0.78802 0
    endloop
  endfacet
  facet normal 0.979807 0.199945 0
    outer loop
      vertex 38.5636 -0.78802 -24.8
      vertex 38.6427 -1.17564 0
      vertex 38.6427 -1.17564 -24.8
    endloop
  endfacet
  facet normal 0.999192 0.040191 0
    outer loop
      vertex 38.5159 -0.395291 0
      vertex 38.5 0 -24.8
      vertex 38.5 0 0
    endloop
  endfacet
  facet normal 0.999192 0.040191 0
    outer loop
      vertex 38.5 0 -24.8
      vertex 38.5159 -0.395291 0
      vertex 38.5159 -0.395291 -24.8
    endloop
  endfacet
  facet normal -0.239334 0.970937 0
    outer loop
      vertex 44.7792 -4.71854 -6
      vertex 44.3951 -4.81322 0
      vertex 44.7792 -4.71854 0
    endloop
  endfacet
  facet normal -0.239334 0.970937 0
    outer loop
      vertex 44.3951 -4.81322 0
      vertex 44.7792 -4.71854 -6
      vertex 44.3951 -4.81322 -6
    endloop
  endfacet
  facet normal 0.534541 0.845143 -0
    outer loop
      vertex 40.9562 -4.25435 -6
      vertex 40.6219 -4.04291 0
      vertex 40.9562 -4.25435 0
    endloop
  endfacet
  facet normal 0.534541 0.845143 0
    outer loop
      vertex 40.6219 -4.04291 0
      vertex 40.9562 -4.25435 -6
      vertex 40.6219 -4.04291 -6
    endloop
  endfacet
  facet normal 0.160405 0.987051 -0
    outer loop
      vertex 42.8204 -4.87668 -6
      vertex 42.4299 -4.81322 0
      vertex 42.8204 -4.87668 0
    endloop
  endfacet
  facet normal 0.160405 0.987051 0
    outer loop
      vertex 42.4299 -4.81322 0
      vertex 42.8204 -4.87668 -6
      vertex 42.4299 -4.81322 -6
    endloop
  endfacet
  facet normal -0.999192 -0.040191 0
    outer loop
      vertex -38.5 0 -24.8
      vertex -38.5159 0.395291 0
      vertex -38.5159 0.395291 -24.8
    endloop
  endfacet
  facet normal -0.999192 -0.040191 0
    outer loop
      vertex -38.5159 0.395291 0
      vertex -38.5 0 -24.8
      vertex -38.5 0 0
    endloop
  endfacet
  facet normal 0.999192 -0.040191 0
    outer loop
      vertex -48.325 0 0
      vertex -48.3091 0.395291 -6
      vertex -48.3091 0.395291 0
    endloop
  endfacet
  facet normal 0.999192 -0.040191 0
    outer loop
      vertex -48.3091 0.395291 -6
      vertex -48.325 0 0
      vertex -48.325 0 -6
    endloop
  endfacet
  facet normal 0 -1 0
    outer loop
      vertex -43.6103 4.90852 -6
      vertex -43.2147 4.90852 0
      vertex -43.6103 4.90852 0
    endloop
  endfacet
  facet normal 0 -1 -0
    outer loop
      vertex -43.2147 4.90852 0
      vertex -43.6103 4.90852 -6
      vertex -43.2147 4.90852 -6
    endloop
  endfacet
  facet normal 0 1 -0
    outer loop
      vertex -43.2147 -4.90852 -6
      vertex -43.6103 -4.90852 0
      vertex -43.2147 -4.90852 0
    endloop
  endfacet
  facet normal 0 1 0
    outer loop
      vertex -43.6103 -4.90852 0
      vertex -43.2147 -4.90852 -6
      vertex -43.6103 -4.90852 -6
    endloop
  endfacet
  facet normal -0.721144 -0.692785 0
    outer loop
      vertex -39.7354 3.25759 -6
      vertex -40.0095 3.54291 0
      vertex -40.0095 3.54291 -6
    endloop
  endfacet
  facet normal -0.721144 -0.692785 0
    outer loop
      vertex -40.0095 3.54291 0
      vertex -39.7354 3.25759 -6
      vertex -39.7354 3.25759 0
    endloop
  endfacet
  facet normal 0.663149 -0.748488 0
    outer loop
      vertex -46.8155 3.54291 -6
      vertex -46.5194 3.80525 0
      vertex -46.8155 3.54291 0
    endloop
  endfacet
  facet normal 0.663149 -0.748488 0
    outer loop
      vertex -46.5194 3.80525 0
      vertex -46.8155 3.54291 -6
      vertex -46.5194 3.80525 -6
    endloop
  endfacet
  facet normal 0.391933 -0.919994 0
    outer loop
      vertex -45.5185 4.4382 -6
      vertex -45.1545 4.59327 0
      vertex -45.5185 4.4382 0
    endloop
  endfacet
  facet normal 0.391933 -0.919994 0
    outer loop
      vertex -45.1545 4.59327 0
      vertex -45.5185 4.4382 -6
      vertex -45.1545 4.59327 -6
    endloop
  endfacet
  facet normal -0.903444 -0.428707 0
    outer loop
      vertex -38.8931 1.92554 -24.8
      vertex -39.0627 2.28295 0
      vertex -39.0627 2.28295 -24.8
    endloop
  endfacet
  facet normal -0.903444 -0.428707 0
    outer loop
      vertex -39.0627 2.28295 0
      vertex -38.8931 1.92554 -24.8
      vertex -38.8931 1.92554 0
    endloop
  endfacet
  facet normal -0.391933 -0.919994 0
    outer loop
      vertex -41.6705 4.59327 -6
      vertex -41.3065 4.4382 0
      vertex -41.6705 4.59327 0
    endloop
  endfacet
  facet normal -0.391933 -0.919994 -0
    outer loop
      vertex -41.3065 4.4382 0
      vertex -41.6705 4.59327 -6
      vertex -41.3065 4.4382 -6
    endloop
  endfacet
  facet normal -0.534541 -0.845143 0
    outer loop
      vertex -40.9562 4.25435 -6
      vertex -40.6219 4.04291 0
      vertex -40.9562 4.25435 0
    endloop
  endfacet
  facet normal -0.534541 -0.845143 -0
    outer loop
      vertex -40.6219 4.04291 0
      vertex -40.9562 4.25435 -6
      vertex -40.6219 4.04291 -6
    endloop
  endfacet
  facet normal 0.903444 -0.428707 0
    outer loop
      vertex -47.9319 1.92554 0
      vertex -47.7623 2.28295 -6
      vertex -47.7623 2.28295 0
    endloop
  endfacet
  facet normal 0.903444 -0.428707 0
    outer loop
      vertex -47.7623 2.28295 -6
      vertex -47.9319 1.92554 0
      vertex -47.9319 1.92554 -6
    endloop
  endfacet
  facet normal 0.239334 -0.970937 0
    outer loop
      vertex -44.7792 4.71854 -6
      vertex -44.3951 4.81322 0
      vertex -44.7792 4.71854 0
    endloop
  endfacet
  facet normal 0.239334 -0.970937 0
    outer loop
      vertex -44.3951 4.81322 0
      vertex -44.7792 4.71854 -6
      vertex -44.3951 4.81322 -6
    endloop
  endfacet
  facet normal -0.960495 0.278298 0
    outer loop
      vertex -38.7528 -1.55563 -24.8
      vertex -38.6427 -1.17564 0
      vertex -38.6427 -1.17564 -24.8
    endloop
  endfacet
  facet normal -0.960495 0.278298 0
    outer loop
      vertex -38.6427 -1.17564 0
      vertex -38.7528 -1.55563 -24.8
      vertex -38.7528 -1.55563 0
    endloop
  endfacet
  facet normal -0.979807 -0.199945 0
    outer loop
      vertex -38.5636 0.78802 -24.8
      vertex -38.6427 1.17564 0
      vertex -38.6427 1.17564 -24.8
    endloop
  endfacet
  facet normal -0.979807 -0.199945 0
    outer loop
      vertex -38.6427 1.17564 0
      vertex -38.5636 0.78802 -24.8
      vertex -38.5636 0.78802 0
    endloop
  endfacet
  facet normal -0.992705 -0.120572 0
    outer loop
      vertex -38.5159 0.395291 -24.8
      vertex -38.5636 0.78802 0
      vertex -38.5636 0.78802 -24.8
    endloop
  endfacet
  facet normal -0.992705 -0.120572 0
    outer loop
      vertex -38.5636 0.78802 0
      vertex -38.5159 0.395291 -24.8
      vertex -38.5159 0.395291 0
    endloop
  endfacet
  facet normal -0.960495 -0.278298 0
    outer loop
      vertex -38.6427 1.17564 -24.8
      vertex -38.7528 1.55563 0
      vertex -38.7528 1.55563 -24.8
    endloop
  endfacet
  facet normal -0.960495 -0.278298 0
    outer loop
      vertex -38.7528 1.55563 0
      vertex -38.6427 1.17564 -24.8
      vertex -38.6427 1.17564 0
    endloop
  endfacet
  facet normal -0.823064 -0.567949 0
    outer loop
      vertex -39.35 2.75522 -6
      vertex -39.4852 2.95115 0
      vertex -39.4852 2.95115 -6
    endloop
  endfacet
  facet normal -0.823029 -0.567999 2.40268e-06
    outer loop
      vertex -39.35 2.75522 -6
      vertex -39.2605 2.62556 0
      vertex -39.4852 2.95115 0
    endloop
  endfacet
  facet normal -0.822977 -0.568074 -0
    outer loop
      vertex -39.2605 2.62556 0
      vertex -39.35 2.75522 -6
      vertex -39.2605 2.62556 -24.8
    endloop
  endfacet
  facet normal -0.822977 -0.568074 0
    outer loop
      vertex -39.35 2.75522 -24.8
      vertex -39.2605 2.62556 -24.8
      vertex -39.35 2.75522 -6
    endloop
  endfacet
  facet normal -0.774606 -0.632445 0
    outer loop
      vertex -39.4852 2.95115 -6
      vertex -39.7354 3.25759 0
      vertex -39.7354 3.25759 -6
    endloop
  endfacet
  facet normal -0.774606 -0.632445 0
    outer loop
      vertex -39.7354 3.25759 0
      vertex -39.4852 2.95115 -6
      vertex -39.4852 2.95115 0
    endloop
  endfacet
  facet normal -0.866032 -0.499989 0
    outer loop
      vertex -39.0627 2.28295 -24.8
      vertex -39.2605 2.62556 0
      vertex -39.2605 2.62556 -24.8
    endloop
  endfacet
  facet normal -0.866032 -0.499989 0
    outer loop
      vertex -39.2605 2.62556 0
      vertex -39.0627 2.28295 -24.8
      vertex -39.0627 2.28295 0
    endloop
  endfacet
  facet normal -0.160405 -0.987051 0
    outer loop
      vertex -42.8204 4.87668 -6
      vertex -42.4299 4.81322 0
      vertex -42.8204 4.87668 0
    endloop
  endfacet
  facet normal -0.160405 -0.987051 -0
    outer loop
      vertex -42.4299 4.81322 0
      vertex -42.8204 4.87668 -6
      vertex -42.4299 4.81322 -6
    endloop
  endfacet
  facet normal -0.316614 -0.948554 0
    outer loop
      vertex -42.0458 4.71854 -6
      vertex -41.6705 4.59327 0
      vertex -42.0458 4.71854 0
    endloop
  endfacet
  facet normal -0.316614 -0.948554 -0
    outer loop
      vertex -41.6705 4.59327 0
      vertex -42.0458 4.71854 -6
      vertex -41.6705 4.59327 -6
    endloop
  endfacet
  facet normal -0.0804887 -0.996756 0
    outer loop
      vertex -43.2147 4.90852 -6
      vertex -42.8204 4.87668 0
      vertex -43.2147 4.90852 0
    endloop
  endfacet
  facet normal -0.0804887 -0.996756 -0
    outer loop
      vertex -42.8204 4.87668 0
      vertex -43.2147 4.90852 -6
      vertex -42.8204 4.87668 -6
    endloop
  endfacet
  facet normal -0.46472 -0.885458 0
    outer loop
      vertex -41.3065 4.4382 -6
      vertex -40.9562 4.25435 0
      vertex -41.3065 4.4382 0
    endloop
  endfacet
  facet normal -0.46472 -0.885458 -0
    outer loop
      vertex -40.9562 4.25435 0
      vertex -41.3065 4.4382 -6
      vertex -40.9562 4.25435 -6
    endloop
  endfacet
  facet normal -0.663149 -0.748488 0
    outer loop
      vertex -40.3056 3.80525 -6
      vertex -40.0095 3.54291 0
      vertex -40.3056 3.80525 0
    endloop
  endfacet
  facet normal -0.663149 -0.748488 -0
    outer loop
      vertex -40.0095 3.54291 0
      vertex -40.3056 3.80525 -6
      vertex -40.0095 3.54291 -6
    endloop
  endfacet
  facet normal 0.979807 -0.199945 0
    outer loop
      vertex -48.2614 0.78802 0
      vertex -48.1823 1.17564 -6
      vertex -48.1823 1.17564 0
    endloop
  endfacet
  facet normal 0.979807 -0.199945 0
    outer loop
      vertex -48.1823 1.17564 -6
      vertex -48.2614 0.78802 0
      vertex -48.2614 0.78802 -6
    endloop
  endfacet
  facet normal 0.823029 -0.567999 0
    outer loop
      vertex -47.5645 2.62556 0
      vertex -47.3398 2.95115 -6
      vertex -47.3398 2.95115 0
    endloop
  endfacet
  facet normal 0.823029 -0.567999 0
    outer loop
      vertex -47.3398 2.95115 -6
      vertex -47.5645 2.62556 0
      vertex -47.5645 2.62556 -6
    endloop
  endfacet
  facet normal 0.866032 -0.499989 0
    outer loop
      vertex -47.7623 2.28295 0
      vertex -47.5645 2.62556 -6
      vertex -47.5645 2.62556 0
    endloop
  endfacet
  facet normal 0.866032 -0.499989 0
    outer loop
      vertex -47.5645 2.62556 -6
      vertex -47.7623 2.28295 0
      vertex -47.7623 2.28295 -6
    endloop
  endfacet
  facet normal 0.992705 -0.120572 0
    outer loop
      vertex -48.3091 0.395291 0
      vertex -48.2614 0.78802 -6
      vertex -48.2614 0.78802 0
    endloop
  endfacet
  facet normal 0.992705 -0.120572 0
    outer loop
      vertex -48.2614 0.78802 -6
      vertex -48.3091 0.395291 0
      vertex -48.3091 0.395291 -6
    endloop
  endfacet
  facet normal 0.534541 -0.845143 0
    outer loop
      vertex -46.2031 4.04291 -6
      vertex -45.8688 4.25435 0
      vertex -46.2031 4.04291 0
    endloop
  endfacet
  facet normal 0.534541 -0.845143 0
    outer loop
      vertex -45.8688 4.25435 0
      vertex -46.2031 4.04291 -6
      vertex -45.8688 4.25435 -6
    endloop
  endfacet
  facet normal 0.46472 -0.885458 0
    outer loop
      vertex -45.8688 4.25435 -6
      vertex -45.5185 4.4382 0
      vertex -45.8688 4.25435 0
    endloop
  endfacet
  facet normal 0.46472 -0.885458 0
    outer loop
      vertex -45.5185 4.4382 0
      vertex -45.8688 4.25435 -6
      vertex -45.5185 4.4382 -6
    endloop
  endfacet
  facet normal 0.600703 -0.799472 0
    outer loop
      vertex -46.5194 3.80525 -6
      vertex -46.2031 4.04291 0
      vertex -46.5194 3.80525 0
    endloop
  endfacet
  facet normal 0.600703 -0.799472 0
    outer loop
      vertex -46.2031 4.04291 0
      vertex -46.5194 3.80525 -6
      vertex -46.2031 4.04291 -6
    endloop
  endfacet
  facet normal 0.316614 -0.948554 0
    outer loop
      vertex -45.1545 4.59327 -6
      vertex -44.7792 4.71854 0
      vertex -45.1545 4.59327 0
    endloop
  endfacet
  facet normal 0.316614 -0.948554 0
    outer loop
      vertex -44.7792 4.71854 0
      vertex -45.1545 4.59327 -6
      vertex -44.7792 4.71854 -6
    endloop
  endfacet
  facet normal 0.0804887 -0.996756 0
    outer loop
      vertex -44.0046 4.87668 -6
      vertex -43.6103 4.90852 0
      vertex -44.0046 4.87668 0
    endloop
  endfacet
  facet normal 0.0804887 -0.996756 0
    outer loop
      vertex -43.6103 4.90852 0
      vertex -44.0046 4.87668 -6
      vertex -43.6103 4.90852 -6
    endloop
  endfacet
  facet normal -0.721144 0.692785 0
    outer loop
      vertex -40.0095 -3.54291 -6
      vertex -39.7354 -3.25759 0
      vertex -39.7354 -3.25759 -6
    endloop
  endfacet
  facet normal -0.721144 0.692785 0
    outer loop
      vertex -39.7354 -3.25759 0
      vertex -40.0095 -3.54291 -6
      vertex -40.0095 -3.54291 0
    endloop
  endfacet
  facet normal -0.866032 0.499989 0
    outer loop
      vertex -39.2605 -2.62556 -24.8
      vertex -39.0627 -2.28295 0
      vertex -39.0627 -2.28295 -24.8
    endloop
  endfacet
  facet normal -0.866032 0.499989 0
    outer loop
      vertex -39.0627 -2.28295 0
      vertex -39.2605 -2.62556 -24.8
      vertex -39.2605 -2.62556 0
    endloop
  endfacet
  facet normal -0.992705 0.120572 0
    outer loop
      vertex -38.5636 -0.78802 -24.8
      vertex -38.5159 -0.395291 0
      vertex -38.5159 -0.395291 -24.8
    endloop
  endfacet
  facet normal -0.992705 0.120572 0
    outer loop
      vertex -38.5159 -0.395291 0
      vertex -38.5636 -0.78802 -24.8
      vertex -38.5636 -0.78802 0
    endloop
  endfacet
  facet normal 0.903444 0.428707 0
    outer loop
      vertex -47.7623 -2.28295 0
      vertex -47.9319 -1.92554 -6
      vertex -47.9319 -1.92554 0
    endloop
  endfacet
  facet normal 0.903444 0.428707 0
    outer loop
      vertex -47.9319 -1.92554 -6
      vertex -47.7623 -2.28295 0
      vertex -47.7623 -2.28295 -6
    endloop
  endfacet
  facet normal 0.823029 0.567999 0
    outer loop
      vertex -47.3398 -2.95115 0
      vertex -47.5645 -2.62556 -6
      vertex -47.5645 -2.62556 0
    endloop
  endfacet
  facet normal 0.823029 0.567999 0
    outer loop
      vertex -47.5645 -2.62556 -6
      vertex -47.3398 -2.95115 0
      vertex -47.3398 -2.95115 -6
    endloop
  endfacet
  facet normal -0.0804887 0.996756 0
    outer loop
      vertex -42.8204 -4.87668 -6
      vertex -43.2147 -4.90852 0
      vertex -42.8204 -4.87668 0
    endloop
  endfacet
  facet normal -0.0804887 0.996756 0
    outer loop
      vertex -43.2147 -4.90852 0
      vertex -42.8204 -4.87668 -6
      vertex -43.2147 -4.90852 -6
    endloop
  endfacet
  facet normal -0.935006 -0.354631 0
    outer loop
      vertex -38.7528 1.55563 -24.8
      vertex -38.8931 1.92554 0
      vertex -38.8931 1.92554 -24.8
    endloop
  endfacet
  facet normal -0.935006 -0.354631 0
    outer loop
      vertex -38.8931 1.92554 0
      vertex -38.7528 1.55563 -24.8
      vertex -38.7528 1.55563 0
    endloop
  endfacet
  facet normal -0.239334 -0.970937 0
    outer loop
      vertex -42.4299 4.81322 -6
      vertex -42.0458 4.71854 0
      vertex -42.4299 4.81322 0
    endloop
  endfacet
  facet normal -0.239334 -0.970937 -0
    outer loop
      vertex -42.0458 4.71854 0
      vertex -42.4299 4.81322 -6
      vertex -42.0458 4.71854 -6
    endloop
  endfacet
  facet normal -0.600703 -0.799472 0
    outer loop
      vertex -40.6219 4.04291 -6
      vertex -40.3056 3.80525 0
      vertex -40.6219 4.04291 0
    endloop
  endfacet
  facet normal -0.600703 -0.799472 -0
    outer loop
      vertex -40.3056 3.80525 0
      vertex -40.6219 4.04291 -6
      vertex -40.3056 3.80525 -6
    endloop
  endfacet
  facet normal 0.774606 -0.632445 0
    outer loop
      vertex -47.3398 2.95115 0
      vertex -47.0896 3.25759 -6
      vertex -47.0896 3.25759 0
    endloop
  endfacet
  facet normal 0.774606 -0.632445 0
    outer loop
      vertex -47.0896 3.25759 -6
      vertex -47.3398 2.95115 0
      vertex -47.3398 2.95115 -6
    endloop
  endfacet
  facet normal 0.721144 -0.692785 0
    outer loop
      vertex -47.0896 3.25759 0
      vertex -46.8155 3.54291 -6
      vertex -46.8155 3.54291 0
    endloop
  endfacet
  facet normal 0.721144 -0.692785 0
    outer loop
      vertex -46.8155 3.54291 -6
      vertex -47.0896 3.25759 0
      vertex -47.0896 3.25759 -6
    endloop
  endfacet
  facet normal 0.960495 -0.278298 0
    outer loop
      vertex -48.1823 1.17564 0
      vertex -48.0722 1.55563 -6
      vertex -48.0722 1.55563 0
    endloop
  endfacet
  facet normal 0.960495 -0.278298 0
    outer loop
      vertex -48.0722 1.55563 -6
      vertex -48.1823 1.17564 0
      vertex -48.1823 1.17564 -6
    endloop
  endfacet
  facet normal 0.935006 -0.354631 0
    outer loop
      vertex -48.0722 1.55563 0
      vertex -47.9319 1.92554 -6
      vertex -47.9319 1.92554 0
    endloop
  endfacet
  facet normal 0.935006 -0.354631 0
    outer loop
      vertex -47.9319 1.92554 -6
      vertex -48.0722 1.55563 0
      vertex -48.0722 1.55563 -6
    endloop
  endfacet
  facet normal 0.160405 -0.987051 0
    outer loop
      vertex -44.3951 4.81322 -6
      vertex -44.0046 4.87668 0
      vertex -44.3951 4.81322 0
    endloop
  endfacet
  facet normal 0.160405 -0.987051 0
    outer loop
      vertex -44.0046 4.87668 0
      vertex -44.3951 4.81322 -6
      vertex -44.0046 4.87668 -6
    endloop
  endfacet
  facet normal -0.999192 0.040191 0
    outer loop
      vertex -38.5159 -0.395291 -24.8
      vertex -38.5 0 0
      vertex -38.5 0 -24.8
    endloop
  endfacet
  facet normal -0.999192 0.040191 0
    outer loop
      vertex -38.5 0 0
      vertex -38.5159 -0.395291 -24.8
      vertex -38.5159 -0.395291 0
    endloop
  endfacet
  facet normal -0.774606 0.632445 0
    outer loop
      vertex -39.7354 -3.25759 -6
      vertex -39.4852 -2.95115 0
      vertex -39.4852 -2.95115 -6
    endloop
  endfacet
  facet normal -0.774606 0.632445 0
    outer loop
      vertex -39.4852 -2.95115 0
      vertex -39.7354 -3.25759 -6
      vertex -39.7354 -3.25759 0
    endloop
  endfacet
  facet normal -0.903444 0.428707 0
    outer loop
      vertex -39.0627 -2.28295 -24.8
      vertex -38.8931 -1.92554 0
      vertex -38.8931 -1.92554 -24.8
    endloop
  endfacet
  facet normal -0.903444 0.428707 0
    outer loop
      vertex -38.8931 -1.92554 0
      vertex -39.0627 -2.28295 -24.8
      vertex -39.0627 -2.28295 0
    endloop
  endfacet
  facet normal -0.979807 0.199945 0
    outer loop
      vertex -38.6427 -1.17564 -24.8
      vertex -38.5636 -0.78802 0
      vertex -38.5636 -0.78802 -24.8
    endloop
  endfacet
  facet normal -0.979807 0.199945 0
    outer loop
      vertex -38.5636 -0.78802 0
      vertex -38.6427 -1.17564 -24.8
      vertex -38.6427 -1.17564 0
    endloop
  endfacet
  facet normal 0.316614 0.948554 -0
    outer loop
      vertex -44.7792 -4.71854 -6
      vertex -45.1545 -4.59327 0
      vertex -44.7792 -4.71854 0
    endloop
  endfacet
  facet normal 0.316614 0.948554 0
    outer loop
      vertex -45.1545 -4.59327 0
      vertex -44.7792 -4.71854 -6
      vertex -45.1545 -4.59327 -6
    endloop
  endfacet
  facet normal 0.774606 0.632445 0
    outer loop
      vertex -47.0896 -3.25759 0
      vertex -47.3398 -2.95115 -6
      vertex -47.3398 -2.95115 0
    endloop
  endfacet
  facet normal 0.774606 0.632445 0
    outer loop
      vertex -47.3398 -2.95115 -6
      vertex -47.0896 -3.25759 0
      vertex -47.0896 -3.25759 -6
    endloop
  endfacet
  facet normal 0.979807 0.199945 0
    outer loop
      vertex -48.1823 -1.17564 0
      vertex -48.2614 -0.78802 -6
      vertex -48.2614 -0.78802 0
    endloop
  endfacet
  facet normal 0.979807 0.199945 0
    outer loop
      vertex -48.2614 -0.78802 -6
      vertex -48.1823 -1.17564 0
      vertex -48.1823 -1.17564 -6
    endloop
  endfacet
  facet normal 0.960495 0.278298 0
    outer loop
      vertex -48.0722 -1.55563 0
      vertex -48.1823 -1.17564 -6
      vertex -48.1823 -1.17564 0
    endloop
  endfacet
  facet normal 0.960495 0.278298 0
    outer loop
      vertex -48.1823 -1.17564 -6
      vertex -48.0722 -1.55563 0
      vertex -48.0722 -1.55563 -6
    endloop
  endfacet
  facet normal -0.316614 0.948554 0
    outer loop
      vertex -41.6705 -4.59327 -6
      vertex -42.0458 -4.71854 0
      vertex -41.6705 -4.59327 0
    endloop
  endfacet
  facet normal -0.316614 0.948554 0
    outer loop
      vertex -42.0458 -4.71854 0
      vertex -41.6705 -4.59327 -6
      vertex -42.0458 -4.71854 -6
    endloop
  endfacet
  facet normal -0.160405 0.987051 0
    outer loop
      vertex -42.4299 -4.81322 -6
      vertex -42.8204 -4.87668 0
      vertex -42.4299 -4.81322 0
    endloop
  endfacet
  facet normal -0.160405 0.987051 0
    outer loop
      vertex -42.8204 -4.87668 0
      vertex -42.4299 -4.81322 -6
      vertex -42.8204 -4.87668 -6
    endloop
  endfacet
  facet normal -0.935006 0.354631 0
    outer loop
      vertex -38.8931 -1.92554 -24.8
      vertex -38.7528 -1.55563 0
      vertex -38.7528 -1.55563 -24.8
    endloop
  endfacet
  facet normal -0.935006 0.354631 0
    outer loop
      vertex -38.7528 -1.55563 0
      vertex -38.8931 -1.92554 -24.8
      vertex -38.8931 -1.92554 0
    endloop
  endfacet
  facet normal 0.0804887 0.996756 -0
    outer loop
      vertex -43.6103 -4.90852 -6
      vertex -44.0046 -4.87668 0
      vertex -43.6103 -4.90852 0
    endloop
  endfacet
  facet normal 0.0804887 0.996756 0
    outer loop
      vertex -44.0046 -4.87668 0
      vertex -43.6103 -4.90852 -6
      vertex -44.0046 -4.87668 -6
    endloop
  endfacet
  facet normal 0.391933 0.919994 -0
    outer loop
      vertex -45.1545 -4.59327 -6
      vertex -45.5185 -4.4382 0
      vertex -45.1545 -4.59327 0
    endloop
  endfacet
  facet normal 0.391933 0.919994 0
    outer loop
      vertex -45.5185 -4.4382 0
      vertex -45.1545 -4.59327 -6
      vertex -45.5185 -4.4382 -6
    endloop
  endfacet
  facet normal 0.866032 0.499989 0
    outer loop
      vertex -47.5645 -2.62556 0
      vertex -47.7623 -2.28295 -6
      vertex -47.7623 -2.28295 0
    endloop
  endfacet
  facet normal 0.866032 0.499989 0
    outer loop
      vertex -47.7623 -2.28295 -6
      vertex -47.5645 -2.62556 0
      vertex -47.5645 -2.62556 -6
    endloop
  endfacet
  facet normal 0.721144 0.692785 0
    outer loop
      vertex -46.8155 -3.54291 0
      vertex -47.0896 -3.25759 -6
      vertex -47.0896 -3.25759 0
    endloop
  endfacet
  facet normal 0.721144 0.692785 0
    outer loop
      vertex -47.0896 -3.25759 -6
      vertex -46.8155 -3.54291 0
      vertex -46.8155 -3.54291 -6
    endloop
  endfacet
  facet normal 0.935006 0.354631 0
    outer loop
      vertex -47.9319 -1.92554 0
      vertex -48.0722 -1.55563 -6
      vertex -48.0722 -1.55563 0
    endloop
  endfacet
  facet normal 0.935006 0.354631 0
    outer loop
      vertex -48.0722 -1.55563 -6
      vertex -47.9319 -1.92554 0
      vertex -47.9319 -1.92554 -6
    endloop
  endfacet
  facet normal 0.992705 0.120572 0
    outer loop
      vertex -48.2614 -0.78802 0
      vertex -48.3091 -0.395291 -6
      vertex -48.3091 -0.395291 0
    endloop
  endfacet
  facet normal 0.992705 0.120572 0
    outer loop
      vertex -48.3091 -0.395291 -6
      vertex -48.2614 -0.78802 0
      vertex -48.2614 -0.78802 -6
    endloop
  endfacet
  facet normal 0.999192 0.040191 0
    outer loop
      vertex -48.3091 -0.395291 0
      vertex -48.325 0 -6
      vertex -48.325 0 0
    endloop
  endfacet
  facet normal 0.999192 0.040191 0
    outer loop
      vertex -48.325 0 -6
      vertex -48.3091 -0.395291 0
      vertex -48.3091 -0.395291 -6
    endloop
  endfacet
  facet normal -0.391933 0.919994 0
    outer loop
      vertex -41.3065 -4.4382 -6
      vertex -41.6705 -4.59327 0
      vertex -41.3065 -4.4382 0
    endloop
  endfacet
  facet normal -0.391933 0.919994 0
    outer loop
      vertex -41.6705 -4.59327 0
      vertex -41.3065 -4.4382 -6
      vertex -41.6705 -4.59327 -6
    endloop
  endfacet
  facet normal -0.239334 0.970937 0
    outer loop
      vertex -42.0458 -4.71854 -6
      vertex -42.4299 -4.81322 0
      vertex -42.0458 -4.71854 0
    endloop
  endfacet
  facet normal -0.239334 0.970937 0
    outer loop
      vertex -42.4299 -4.81322 0
      vertex -42.0458 -4.71854 -6
      vertex -42.4299 -4.81322 -6
    endloop
  endfacet
  facet normal -0.822977 0.568074 0
    outer loop
      vertex -39.35 -2.75522 -6
      vertex -39.2605 -2.62556 -24.8
      vertex -39.35 -2.75522 -24.8
    endloop
  endfacet
  facet normal -0.822977 0.568074 0
    outer loop
      vertex -39.2605 -2.62556 -24.8
      vertex -39.35 -2.75522 -6
      vertex -39.2605 -2.62556 0
    endloop
  endfacet
  facet normal -0.823064 0.567949 0
    outer loop
      vertex -39.4852 -2.95115 0
      vertex -39.35 -2.75522 -6
      vertex -39.4852 -2.95115 -6
    endloop
  endfacet
  facet normal -0.823029 0.567999 2.40268e-06
    outer loop
      vertex -39.35 -2.75522 -6
      vertex -39.4852 -2.95115 0
      vertex -39.2605 -2.62556 0
    endloop
  endfacet
  facet normal -0.663149 0.748488 0
    outer loop
      vertex -40.0095 -3.54291 -6
      vertex -40.3056 -3.80525 0
      vertex -40.0095 -3.54291 0
    endloop
  endfacet
  facet normal -0.663149 0.748488 0
    outer loop
      vertex -40.3056 -3.80525 0
      vertex -40.0095 -3.54291 -6
      vertex -40.3056 -3.80525 -6
    endloop
  endfacet
  facet normal -0.534541 0.845143 0
    outer loop
      vertex -40.6219 -4.04291 -6
      vertex -40.9562 -4.25435 0
      vertex -40.6219 -4.04291 0
    endloop
  endfacet
  facet normal -0.534541 0.845143 0
    outer loop
      vertex -40.9562 -4.25435 0
      vertex -40.6219 -4.04291 -6
      vertex -40.9562 -4.25435 -6
    endloop
  endfacet
  facet normal -0.46472 0.885458 0
    outer loop
      vertex -40.9562 -4.25435 -6
      vertex -41.3065 -4.4382 0
      vertex -40.9562 -4.25435 0
    endloop
  endfacet
  facet normal -0.46472 0.885458 0
    outer loop
      vertex -41.3065 -4.4382 0
      vertex -40.9562 -4.25435 -6
      vertex -41.3065 -4.4382 -6
    endloop
  endfacet
  facet normal 0.534541 0.845143 -0
    outer loop
      vertex -45.8688 -4.25435 -6
      vertex -46.2031 -4.04291 0
      vertex -45.8688 -4.25435 0
    endloop
  endfacet
  facet normal 0.534541 0.845143 0
    outer loop
      vertex -46.2031 -4.04291 0
      vertex -45.8688 -4.25435 -6
      vertex -46.2031 -4.04291 -6
    endloop
  endfacet
  facet normal 0.160405 0.987051 -0
    outer loop
      vertex -44.0046 -4.87668 -6
      vertex -44.3951 -4.81322 0
      vertex -44.0046 -4.87668 0
    endloop
  endfacet
  facet normal 0.160405 0.987051 0
    outer loop
      vertex -44.3951 -4.81322 0
      vertex -44.0046 -4.87668 -6
      vertex -44.3951 -4.81322 -6
    endloop
  endfacet
  facet normal -0.600703 0.799472 0
    outer loop
      vertex -40.3056 -3.80525 -6
      vertex -40.6219 -4.04291 0
      vertex -40.3056 -3.80525 0
    endloop
  endfacet
  facet normal -0.600703 0.799472 0
    outer loop
      vertex -40.6219 -4.04291 0
      vertex -40.3056 -3.80525 -6
      vertex -40.6219 -4.04291 -6
    endloop
  endfacet
  facet normal 0.46472 0.885458 -0
    outer loop
      vertex -45.5185 -4.4382 -6
      vertex -45.8688 -4.25435 0
      vertex -45.5185 -4.4382 0
    endloop
  endfacet
  facet normal 0.46472 0.885458 0
    outer loop
      vertex -45.8688 -4.25435 0
      vertex -45.5185 -4.4382 -6
      vertex -45.8688 -4.25435 -6
    endloop
  endfacet
  facet normal 0.239334 0.970937 -0
    outer loop
      vertex -44.3951 -4.81322 -6
      vertex -44.7792 -4.71854 0
      vertex -44.3951 -4.81322 0
    endloop
  endfacet
  facet normal 0.239334 0.970937 0
    outer loop
      vertex -44.7792 -4.71854 0
      vertex -44.3951 -4.81322 -6
      vertex -44.7792 -4.71854 -6
    endloop
  endfacet
  facet normal 0.600703 0.799472 -0
    outer loop
      vertex -46.2031 -4.04291 -6
      vertex -46.5194 -3.80525 0
      vertex -46.2031 -4.04291 0
    endloop
  endfacet
  facet normal 0.600703 0.799472 0
    outer loop
      vertex -46.5194 -3.80525 0
      vertex -46.2031 -4.04291 -6
      vertex -46.5194 -3.80525 -6
    endloop
  endfacet
  facet normal 0.663149 0.748488 -0
    outer loop
      vertex -46.5194 -3.80525 -6
      vertex -46.8155 -3.54291 0
      vertex -46.5194 -3.80525 0
    endloop
  endfacet
  facet normal 0.663149 0.748488 0
    outer loop
      vertex -46.8155 -3.54291 0
      vertex -46.5194 -3.80525 -6
      vertex -46.8155 -3.54291 -6
    endloop
  endfacet
  facet normal 0 0 -1
    outer loop
      vertex -8.75999 -50.2 -6
      vertex -3.56499 50.2 -6
      vertex -3.56499 -50.2 -6
    endloop
  endfacet
  facet normal -0 0 -1
    outer loop
      vertex -3.56499 50.2 -6
      vertex -8.75999 -50.2 -6
      vertex -8.75999 50.2 -6
    endloop
  endfacet
  facet normal 0.0106377 0 -0.999943
    outer loop
      vertex -8.76657 -50.2 -6.00007
      vertex -8.75999 50.2 -6
      vertex -8.75999 -50.2 -6
    endloop
  endfacet
  facet normal 0.0106377 0 -0.999943
    outer loop
      vertex -8.75999 50.2 -6
      vertex -8.76657 -50.2 -6.00007
      vertex -8.76657 50.2 -6.00007
    endloop
  endfacet
  facet normal 0.0219362 0 -0.999759
    outer loop
      vertex -10.3166 -50.2 -6.03408
      vertex -8.76657 50.2 -6.00007
      vertex -8.76657 -50.2 -6.00007
    endloop
  endfacet
  facet normal 0.0219362 0 -0.999759
    outer loop
      vertex -8.76657 50.2 -6.00007
      vertex -10.3166 -50.2 -6.03408
      vertex -10.3166 50.2 -6.03408
    endloop
  endfacet
  facet normal 0.0578469 0 -0.998325
    outer loop
      vertex -10.338 -50.2 -6.03532
      vertex -10.3166 50.2 -6.03408
      vertex -10.3166 -50.2 -6.03408
    endloop
  endfacet
  facet normal 0.0578469 0 -0.998325
    outer loop
      vertex -10.3166 50.2 -6.03408
      vertex -10.338 -50.2 -6.03532
      vertex -10.338 50.2 -6.03532
    endloop
  endfacet
  facet normal 0.0931789 0 -0.995649
    outer loop
      vertex -11.8519 -50.2 -6.177
      vertex -10.338 50.2 -6.03532
      vertex -10.338 -50.2 -6.03532
    endloop
  endfacet
  facet normal 0.0931789 0 -0.995649
    outer loop
      vertex -10.338 50.2 -6.03532
      vertex -11.8519 -50.2 -6.177
      vertex -11.8519 50.2 -6.177
    endloop
  endfacet
  facet normal 0 0 -1
    outer loop
      vertex -13.342 -50.2 -6.177
      vertex -11.8519 50.2 -6.177
      vertex -11.8519 -50.2 -6.177
    endloop
  endfacet
  facet normal -0 0 -1
    outer loop
      vertex -11.8519 50.2 -6.177
      vertex -13.342 -50.2 -6.177
      vertex -13.342 50.2 -6.177
    endloop
  endfacet
  facet normal 0.0543809 0 -0.99852
    outer loop
      vertex -13.3745 -50.2 -6.17877
      vertex -13.342 50.2 -6.177
      vertex -13.342 -50.2 -6.177
    endloop
  endfacet
  facet normal 0.0543809 0 -0.99852
    outer loop
      vertex -13.342 50.2 -6.177
      vertex -13.3745 -50.2 -6.17877
      vertex -13.3745 50.2 -6.17877
    endloop
  endfacet
  facet normal 0.108442 0 -0.994103
    outer loop
      vertex -14.8505 -50.2 -6.33978
      vertex -13.3745 50.2 -6.17877
      vertex -13.3745 -50.2 -6.17877
    endloop
  endfacet
  facet normal 0.108442 0 -0.994103
    outer loop
      vertex -13.3745 50.2 -6.17877
      vertex -14.8505 -50.2 -6.33978
      vertex -14.8505 50.2 -6.33978
    endloop
  endfacet
  facet normal 0.129436 0 -0.991588
    outer loop
      vertex -14.8636 -50.2 -6.34149
      vertex -14.8505 50.2 -6.33978
      vertex -14.8505 -50.2 -6.33978
    endloop
  endfacet
  facet normal 0.129436 0 -0.991588
    outer loop
      vertex -14.8505 50.2 -6.33978
      vertex -14.8636 -50.2 -6.34149
      vertex -14.8636 50.2 -6.34149
    endloop
  endfacet
  facet normal 0.151857 0 -0.988402
    outer loop
      vertex -16.3023 -50.2 -6.56253
      vertex -14.8636 50.2 -6.34149
      vertex -14.8636 -50.2 -6.34149
    endloop
  endfacet
  facet normal 0.151857 0 -0.988402
    outer loop
      vertex -14.8636 50.2 -6.34149
      vertex -16.3023 -50.2 -6.56253
      vertex -16.3023 50.2 -6.56253
    endloop
  endfacet
  facet normal 0.109811 0 -0.993952
    outer loop
      vertex -17.7079 -50.2 -6.71782
      vertex -16.3023 50.2 -6.56253
      vertex -16.3023 -50.2 -6.56253
    endloop
  endfacet
  facet normal 0.109811 0 -0.993952
    outer loop
      vertex -16.3023 50.2 -6.56253
      vertex -17.7079 -50.2 -6.71782
      vertex -17.7079 50.2 -6.71782
    endloop
  endfacet
  facet normal 0.168062 0 -0.985776
    outer loop
      vertex -17.7428 -50.2 -6.72377
      vertex -17.7079 50.2 -6.71782
      vertex -17.7079 -50.2 -6.71782
    endloop
  endfacet
  facet normal 0.168062 0 -0.985776
    outer loop
      vertex -17.7079 50.2 -6.71782
      vertex -17.7428 -50.2 -6.72377
      vertex -17.7428 50.2 -6.72377
    endloop
  endfacet
  facet normal 0.225996 0 -0.974128
    outer loop
      vertex -19.1038 -50.2 -7.03952
      vertex -17.7428 50.2 -6.72377
      vertex -17.7428 -50.2 -6.72377
    endloop
  endfacet
  facet normal 0.225996 0 -0.974128
    outer loop
      vertex -17.7428 50.2 -6.72377
      vertex -19.1038 -50.2 -7.03952
      vertex -19.1038 50.2 -7.03952
    endloop
  endfacet
  facet normal 0.131336 0 -0.991338
    outer loop
      vertex -20.4254 -50.2 -7.21461
      vertex -19.1038 50.2 -7.03952
      vertex -19.1038 -50.2 -7.03952
    endloop
  endfacet
  facet normal 0.131336 0 -0.991338
    outer loop
      vertex -19.1038 50.2 -7.03952
      vertex -20.4254 -50.2 -7.21461
      vertex -20.4254 50.2 -7.21461
    endloop
  endfacet
  facet normal 0.203755 0 -0.979022
    outer loop
      vertex -20.4685 -50.2 -7.22358
      vertex -20.4254 50.2 -7.21461
      vertex -20.4254 -50.2 -7.21461
    endloop
  endfacet
  facet normal 0.203755 0 -0.979022
    outer loop
      vertex -20.4254 50.2 -7.21461
      vertex -20.4685 -50.2 -7.22358
      vertex -20.4685 50.2 -7.22358
    endloop
  endfacet
  facet normal 0.2751 0 -0.961416
    outer loop
      vertex -21.7579 -50.2 -7.59253
      vertex -20.4685 50.2 -7.22358
      vertex -20.4685 -50.2 -7.22358
    endloop
  endfacet
  facet normal 0.2751 0 -0.961416
    outer loop
      vertex -20.4685 50.2 -7.22358
      vertex -21.7579 -50.2 -7.59253
      vertex -21.7579 50.2 -7.59253
    endloop
  endfacet
  facet normal 0.249847 0 -0.968285
    outer loop
      vertex -23.0019 -50.2 -7.91352
      vertex -21.7579 50.2 -7.59253
      vertex -21.7579 -50.2 -7.59253
    endloop
  endfacet
  facet normal 0.249847 0 -0.968285
    outer loop
      vertex -21.7579 50.2 -7.59253
      vertex -23.0019 -50.2 -7.91352
      vertex -23.0019 50.2 -7.91352
    endloop
  endfacet
  facet normal 0.282479 0 -0.959273
    outer loop
      vertex -23.0218 -50.2 -7.91938
      vertex -23.0019 50.2 -7.91352
      vertex -23.0019 -50.2 -7.91352
    endloop
  endfacet
  facet normal 0.282479 0 -0.959273
    outer loop
      vertex -23.0019 50.2 -7.91352
      vertex -23.0218 -50.2 -7.91938
      vertex -23.0218 50.2 -7.91938
    endloop
  endfacet
  facet normal 0.315997 0 -0.94876
    outer loop
      vertex -24.2171 -50.2 -8.31749
      vertex -23.0218 50.2 -7.91938
      vertex -23.0218 -50.2 -7.91938
    endloop
  endfacet
  facet normal 0.315997 0 -0.94876
    outer loop
      vertex -23.0218 50.2 -7.91938
      vertex -24.2171 -50.2 -8.31749
      vertex -24.2171 50.2 -8.31749
    endloop
  endfacet
  facet normal 0.278675 0 -0.960385
    outer loop
      vertex -25.3626 -50.2 -8.64988
      vertex -24.2171 50.2 -8.31749
      vertex -24.2171 -50.2 -8.31749
    endloop
  endfacet
  facet normal 0.278675 0 -0.960385
    outer loop
      vertex -24.2171 50.2 -8.31749
      vertex -25.3626 -50.2 -8.64988
      vertex -25.3626 50.2 -8.64988
    endloop
  endfacet
  facet normal 0.342266 0 -0.939603
    outer loop
      vertex -25.4001 -50.2 -8.66354
      vertex -25.3626 50.2 -8.64988
      vertex -25.3626 -50.2 -8.64988
    endloop
  endfacet
  facet normal 0.342266 0 -0.939603
    outer loop
      vertex -25.3626 50.2 -8.64988
      vertex -25.4001 -50.2 -8.66354
      vertex -25.4001 50.2 -8.66354
    endloop
  endfacet
  facet normal 0.403743 0 -0.914873
    outer loop
      vertex -26.4991 -50.2 -9.14854
      vertex -25.4001 50.2 -8.66354
      vertex -25.4001 -50.2 -8.66354
    endloop
  endfacet
  facet normal 0.403743 0 -0.914873
    outer loop
      vertex -25.4001 50.2 -8.66354
      vertex -26.4991 -50.2 -9.14854
      vertex -26.4991 50.2 -9.14854
    endloop
  endfacet
  facet normal 0.451466 0 -0.892288
    outer loop
      vertex -26.5276 -50.2 -9.16296
      vertex -26.4991 50.2 -9.14854
      vertex -26.4991 -50.2 -9.14854
    endloop
  endfacet
  facet normal 0.451466 0 -0.892288
    outer loop
      vertex -26.4991 50.2 -9.14854
      vertex -26.5276 -50.2 -9.16296
      vertex -26.5276 50.2 -9.16296
    endloop
  endfacet
  facet normal 0.498658 0 -0.866799
    outer loop
      vertex -27.5659 -50.2 -9.76028
      vertex -26.5276 50.2 -9.16296
      vertex -26.5276 -50.2 -9.16296
    endloop
  endfacet
  facet normal 0.498658 0 -0.866799
    outer loop
      vertex -26.5276 50.2 -9.16296
      vertex -27.5659 -50.2 -9.76028
      vertex -27.5659 50.2 -9.76028
    endloop
  endfacet
  facet normal 0.466103 0 -0.88473
    outer loop
      vertex -28.545 -50.2 -10.2761
      vertex -27.5659 50.2 -9.76028
      vertex -27.5659 -50.2 -9.76028
    endloop
  endfacet
  facet normal 0.466103 0 -0.88473
    outer loop
      vertex -27.5659 50.2 -9.76028
      vertex -28.545 -50.2 -10.2761
      vertex -28.545 50.2 -10.2761
    endloop
  endfacet
  facet normal 0.450258 0 -0.892899
    outer loop
      vertex -29.4711 -50.2 -10.7431
      vertex -28.545 50.2 -10.2761
      vertex -28.545 -50.2 -10.2761
    endloop
  endfacet
  facet normal 0.450258 0 -0.892899
    outer loop
      vertex -28.545 50.2 -10.2761
      vertex -29.4711 -50.2 -10.7431
      vertex -29.4711 50.2 -10.7431
    endloop
  endfacet
  facet normal 0.495781 0 -0.868448
    outer loop
      vertex -29.4972 -50.2 -10.758
      vertex -29.4711 50.2 -10.7431
      vertex -29.4711 -50.2 -10.7431
    endloop
  endfacet
  facet normal 0.495781 0 -0.868448
    outer loop
      vertex -29.4711 50.2 -10.7431
      vertex -29.4972 -50.2 -10.758
      vertex -29.4972 50.2 -10.758
    endloop
  endfacet
  facet normal 0.537316 0 -0.843381
    outer loop
      vertex -30.3652 -50.2 -11.311
      vertex -29.4972 50.2 -10.758
      vertex -29.4972 -50.2 -10.758
    endloop
  endfacet
  facet normal 0.537316 0 -0.843381
    outer loop
      vertex -29.4972 50.2 -10.758
      vertex -30.3652 -50.2 -11.311
      vertex -30.3652 50.2 -11.311
    endloop
  endfacet
  facet normal 0.591364 0 -0.806405
    outer loop
      vertex -30.3967 -50.2 -11.3341
      vertex -30.3652 50.2 -11.311
      vertex -30.3652 -50.2 -11.311
    endloop
  endfacet
  facet normal 0.591364 0 -0.806405
    outer loop
      vertex -30.3652 50.2 -11.311
      vertex -30.3967 -50.2 -11.3341
      vertex -30.3967 50.2 -11.3341
    endloop
  endfacet
  facet normal 0.642439 0 -0.766337
    outer loop
      vertex -31.2014 -50.2 -12.0087
      vertex -30.3967 50.2 -11.3341
      vertex -30.3967 -50.2 -11.3341
    endloop
  endfacet
  facet normal 0.642439 0 -0.766337
    outer loop
      vertex -30.3967 50.2 -11.3341
      vertex -31.2014 -50.2 -12.0087
      vertex -31.2014 50.2 -12.0087
    endloop
  endfacet
  facet normal 0.644739 0 -0.764403
    outer loop
      vertex -31.9424 -50.2 -12.6337
      vertex -31.2014 50.2 -12.0087
      vertex -31.2014 -50.2 -12.0087
    endloop
  endfacet
  facet normal 0.644739 0 -0.764403
    outer loop
      vertex -31.2014 50.2 -12.0087
      vertex -31.9424 -50.2 -12.6337
      vertex -31.9424 50.2 -12.6337
    endloop
  endfacet
  facet normal 0.658505 0 -0.752577
    outer loop
      vertex -31.9512 -50.2 -12.6414
      vertex -31.9424 50.2 -12.6337
      vertex -31.9424 -50.2 -12.6337
    endloop
  endfacet
  facet normal 0.658505 0 -0.752577
    outer loop
      vertex -31.9424 50.2 -12.6337
      vertex -31.9512 -50.2 -12.6414
      vertex -31.9512 50.2 -12.6414
    endloop
  endfacet
  facet normal 0.674035 0 -0.738699
    outer loop
      vertex -32.6252 -50.2 -13.2564
      vertex -31.9512 50.2 -12.6414
      vertex -31.9512 -50.2 -12.6414
    endloop
  endfacet
  facet normal 0.674035 0 -0.738699
    outer loop
      vertex -31.9512 50.2 -12.6414
      vertex -32.6252 -50.2 -13.2564
      vertex -32.6252 50.2 -13.2564
    endloop
  endfacet
  facet normal 0.722041 0 -0.691851
    outer loop
      vertex -32.6252 -50.2 -13.2564
      vertex -32.6527 50.2 -13.2851
      vertex -32.6252 50.2 -13.2564
    endloop
  endfacet
  facet normal 0.722041 0 -0.691851
    outer loop
      vertex -32.6527 50.2 -13.2851
      vertex -32.6252 -50.2 -13.2564
      vertex -32.6527 -50.2 -13.2851
    endloop
  endfacet
  facet normal 0.765788 0 -0.643093
    outer loop
      vertex -32.6527 -50.2 -13.2851
      vertex -33.2607 50.2 -14.0091
      vertex -32.6527 50.2 -13.2851
    endloop
  endfacet
  facet normal 0.765788 0 -0.643093
    outer loop
      vertex -33.2607 50.2 -14.0091
      vertex -32.6527 -50.2 -13.2851
      vertex -33.2607 -50.2 -14.0091
    endloop
  endfacet
  facet normal 0.779509 0 -0.626391
    outer loop
      vertex -33.2607 -50.2 -14.0091
      vertex -33.2697 50.2 -14.0203
      vertex -33.2607 50.2 -14.0091
    endloop
  endfacet
  facet normal 0.779509 0 -0.626391
    outer loop
      vertex -33.2697 50.2 -14.0203
      vertex -33.2607 -50.2 -14.0091
      vertex -33.2697 -50.2 -14.0203
    endloop
  endfacet
  facet normal 0.795669 0 -0.605731
    outer loop
      vertex -33.2697 -50.2 -14.0203
      vertex -33.8077 50.2 -14.727
      vertex -33.2697 50.2 -14.0203
    endloop
  endfacet
  facet normal 0.795669 0 -0.605731
    outer loop
      vertex -33.8077 50.2 -14.727
      vertex -33.2697 -50.2 -14.0203
      vertex -33.8077 -50.2 -14.727
    endloop
  endfacet
  facet normal 0.792285 0 -0.610151
    outer loop
      vertex -33.8077 -50.2 -14.727
      vertex -34.2767 50.2 -15.336
      vertex -33.8077 50.2 -14.727
    endloop
  endfacet
  facet normal 0.792285 0 -0.610151
    outer loop
      vertex -34.2767 50.2 -15.336
      vertex -33.8077 -50.2 -14.727
      vertex -34.2767 -50.2 -15.336
    endloop
  endfacet
  facet normal 0.858369 0 -0.513032
    outer loop
      vertex -34.2767 -50.2 -15.336
      vertex -34.3128 50.2 -15.3964
      vertex -34.2767 50.2 -15.336
    endloop
  endfacet
  facet normal 0.858369 0 -0.513032
    outer loop
      vertex -34.3128 50.2 -15.3964
      vertex -34.2767 -50.2 -15.336
      vertex -34.3128 -50.2 -15.3964
    endloop
  endfacet
  facet normal 0.912667 0 -0.408703
    outer loop
      vertex -34.3128 -50.2 -15.3964
      vertex -34.7118 50.2 -16.2874
      vertex -34.3128 50.2 -15.3964
    endloop
  endfacet
  facet normal 0.912667 0 -0.408703
    outer loop
      vertex -34.7118 50.2 -16.2874
      vertex -34.3128 -50.2 -15.3964
      vertex -34.7118 -50.2 -16.2874
    endloop
  endfacet
  facet normal 0.927179 0 -0.374618
    outer loop
      vertex -34.7118 -50.2 -16.2874
      vertex -34.7198 50.2 -16.3072
      vertex -34.7118 50.2 -16.2874
    endloop
  endfacet
  facet normal 0.927179 0 -0.374618
    outer loop
      vertex -34.7198 50.2 -16.3072
      vertex -34.7118 -50.2 -16.2874
      vertex -34.7198 -50.2 -16.3072
    endloop
  endfacet
  facet normal 0.939489 0 -0.342579
    outer loop
      vertex -34.7198 -50.2 -16.3072
      vertex -35.0455 50.2 -17.2004
      vertex -34.7198 50.2 -16.3072
    endloop
  endfacet
  facet normal 0.939489 0 -0.342579
    outer loop
      vertex -35.0455 50.2 -17.2004
      vertex -34.7198 -50.2 -16.3072
      vertex -35.0455 -50.2 -17.2004
    endloop
  endfacet
  facet normal 0.929322 0 -0.369271
    outer loop
      vertex -35.0455 -50.2 -17.2004
      vertex -35.2919 50.2 -17.8205
      vertex -35.0455 50.2 -17.2004
    endloop
  endfacet
  facet normal 0.929322 0 -0.369271
    outer loop
      vertex -35.2919 50.2 -17.8205
      vertex -35.0455 -50.2 -17.2004
      vertex -35.2919 -50.2 -17.8205
    endloop
  endfacet
  facet normal 0.868032 0 -0.496509
    outer loop
      vertex -35.2919 -50.2 -17.8205
      vertex -35.4508 50.2 -18.0983
      vertex -35.2919 50.2 -17.8205
    endloop
  endfacet
  facet normal 0.868032 0 -0.496509
    outer loop
      vertex -35.4508 50.2 -18.0983
      vertex -35.2919 -50.2 -17.8205
      vertex -35.4508 -50.2 -18.0983
    endloop
  endfacet
  facet normal 0.76409 0 -0.645109
    outer loop
      vertex -35.4508 -50.2 -18.0983
      vertex -35.5793 50.2 -18.2505
      vertex -35.4508 50.2 -18.0983
    endloop
  endfacet
  facet normal 0.76409 0 -0.645109
    outer loop
      vertex -35.5793 50.2 -18.2505
      vertex -35.4508 -50.2 -18.0983
      vertex -35.5793 -50.2 -18.2505
    endloop
  endfacet
  facet normal 0.942128 0 -0.335253
    outer loop
      vertex -35.5793 -50.2 -18.2505
      vertex -35.6499 50.2 -18.4489
      vertex -35.5793 50.2 -18.2505
    endloop
  endfacet
  facet normal 0.942128 0 -0.335253
    outer loop
      vertex -35.6499 50.2 -18.4489
      vertex -35.5793 -50.2 -18.2505
      vertex -35.6499 -50.2 -18.4489
    endloop
  endfacet
  facet normal 0.999867 -0 0.0162974
    outer loop
      vertex -35.6499 -50.2 -18.4489
      vertex -35.6129 50.2 -20.7189
      vertex -35.6499 50.2 -18.4489
    endloop
  endfacet
  facet normal 0.999867 0 0.0162974
    outer loop
      vertex -35.6129 50.2 -20.7189
      vertex -35.6499 -50.2 -18.4489
      vertex -35.6129 -50.2 -20.7189
    endloop
  endfacet
  facet normal 0.981924 -0 0.189275
    outer loop
      vertex -35.6129 -50.2 -20.7189
      vertex -35.5932 50.2 -20.8211
      vertex -35.6129 50.2 -20.7189
    endloop
  endfacet
  facet normal 0.981924 0 0.189275
    outer loop
      vertex -35.5932 50.2 -20.8211
      vertex -35.6129 -50.2 -20.7189
      vertex -35.5932 -50.2 -20.8211
    endloop
  endfacet
  facet normal 0.934022 -0 0.357214
    outer loop
      vertex -35.5932 -50.2 -20.8211
      vertex -35.486 50.2 -21.1014
      vertex -35.5932 50.2 -20.8211
    endloop
  endfacet
  facet normal 0.934022 0 0.357214
    outer loop
      vertex -35.486 50.2 -21.1014
      vertex -35.5932 -50.2 -20.8211
      vertex -35.486 -50.2 -21.1014
    endloop
  endfacet
  facet normal 0.945629 -0 0.325247
    outer loop
      vertex -35.486 -50.2 -21.1014
      vertex -35.3067 50.2 -21.6227
      vertex -35.486 50.2 -21.1014
    endloop
  endfacet
  facet normal 0.945629 0 0.325247
    outer loop
      vertex -35.3067 50.2 -21.6227
      vertex -35.486 -50.2 -21.1014
      vertex -35.3067 -50.2 -21.6227
    endloop
  endfacet
  facet normal 0.95835 -0 0.285595
    outer loop
      vertex -35.3067 -50.2 -21.6227
      vertex -35.0525 50.2 -22.4757
      vertex -35.3067 50.2 -21.6227
    endloop
  endfacet
  facet normal 0.95835 0 0.285595
    outer loop
      vertex -35.0525 50.2 -22.4757
      vertex -35.3067 -50.2 -21.6227
      vertex -35.0525 -50.2 -22.4757
    endloop
  endfacet
  facet normal 0.946907 -0 0.321508
    outer loop
      vertex -35.0525 -50.2 -22.4757
      vertex -35.0452 50.2 -22.4972
      vertex -35.0525 50.2 -22.4757
    endloop
  endfacet
  facet normal 0.946907 0 0.321508
    outer loop
      vertex -35.0452 50.2 -22.4972
      vertex -35.0525 -50.2 -22.4757
      vertex -35.0452 -50.2 -22.4972
    endloop
  endfacet
  facet normal 0.93402 -0 0.357222
    outer loop
      vertex -35.0452 -50.2 -22.4972
      vertex -34.7182 50.2 -23.3522
      vertex -35.0452 50.2 -22.4972
    endloop
  endfacet
  facet normal 0.93402 0 0.357222
    outer loop
      vertex -34.7182 50.2 -23.3522
      vertex -35.0452 -50.2 -22.4972
      vertex -34.7182 -50.2 -23.3522
    endloop
  endfacet
  facet normal 0.916157 -0 0.400819
    outer loop
      vertex -34.7182 -50.2 -23.3522
      vertex -34.7077 50.2 -23.3762
      vertex -34.7182 50.2 -23.3522
    endloop
  endfacet
  facet normal 0.916157 0 0.400819
    outer loop
      vertex -34.7077 50.2 -23.3762
      vertex -34.7182 -50.2 -23.3522
      vertex -34.7077 -50.2 -23.3762
    endloop
  endfacet
  facet normal 0.899221 -0 0.437494
    outer loop
      vertex -34.7077 -50.2 -23.3762
      vertex -34.3087 50.2 -24.1963
      vertex -34.7077 50.2 -23.3762
    endloop
  endfacet
  facet normal 0.899221 0 0.437494
    outer loop
      vertex -34.3087 50.2 -24.1963
      vertex -34.7077 -50.2 -23.3762
      vertex -34.3087 -50.2 -24.1963
    endloop
  endfacet
  facet normal 0.87984 -0 0.475271
    outer loop
      vertex -34.3087 -50.2 -24.1963
      vertex -34.2966 50.2 -24.2187
      vertex -34.3087 50.2 -24.1963
    endloop
  endfacet
  facet normal 0.87984 0 0.475271
    outer loop
      vertex -34.2966 50.2 -24.2187
      vertex -34.3087 -50.2 -24.1963
      vertex -34.2966 -50.2 -24.2187
    endloop
  endfacet
  facet normal 0.858781 -0 0.512343
    outer loop
      vertex -34.2966 -50.2 -24.2187
      vertex -33.9498 50.2 -24.8
      vertex -34.2966 50.2 -24.2187
    endloop
  endfacet
  facet normal 0.858781 0 0.512343
    outer loop
      vertex -33.9498 50.2 -24.8
      vertex -34.2966 -50.2 -24.2187
      vertex -33.9498 -50.2 -24.8
    endloop
  endfacet
  facet normal -0.932147 0 -0.362079
    outer loop
      vertex 36.0101 -50.2 -14.9395
      vertex 35.8959 50.2 -14.6455
      vertex 36.0101 50.2 -14.9395
    endloop
  endfacet
  facet normal -0.932147 -0 -0.362079
    outer loop
      vertex 35.8959 50.2 -14.6455
      vertex 36.0101 -50.2 -14.9395
      vertex 35.8959 -50.2 -14.6455
    endloop
  endfacet
  facet normal 1 -0 0
    outer loop
      vertex -3.56499 -50.2 -5.59999
      vertex -3.56499 50.2 -6
      vertex -3.56499 50.2 -5.59999
    endloop
  endfacet
  facet normal 1 0 0
    outer loop
      vertex -3.56499 50.2 -6
      vertex -3.56499 -50.2 -5.59999
      vertex -3.56499 -50.2 -6
    endloop
  endfacet
  facet normal -0.999364 0 -0.0356563
    outer loop
      vertex 36.0498 -50.2 -16.0522
      vertex 36.0101 50.2 -14.9395
      vertex 36.0498 50.2 -16.0522
    endloop
  endfacet
  facet normal -0.999364 -0 -0.0356563
    outer loop
      vertex 36.0101 50.2 -14.9395
      vertex 36.0498 -50.2 -16.0522
      vertex 36.0101 -50.2 -14.9395
    endloop
  endfacet
  facet normal -1 0 0
    outer loop
      vertex 36.0498 -50.2 -24.8
      vertex 36.0498 50.2 -16.0522
      vertex 36.0498 50.2 -24.8
    endloop
  endfacet
  facet normal -1 -0 0
    outer loop
      vertex 36.0498 50.2 -16.0522
      vertex 36.0498 -50.2 -24.8
      vertex 36.0498 -50.2 -16.0522
    endloop
  endfacet
  facet normal -0.24461 0 -0.969622
    outer loop
      vertex 21.8625 -50.2 -9.52689
      vertex 30.3676 50.2 -11.6725
      vertex 30.3676 -50.2 -11.6725
    endloop
  endfacet
  facet normal -0.24461 0 -0.969622
    outer loop
      vertex 30.3676 50.2 -11.6725
      vertex 21.8625 -50.2 -9.52689
      vertex 21.8625 50.2 -9.52689
    endloop
  endfacet
  facet normal -0.162531 0 -0.986703
    outer loop
      vertex 10.4038 -50.2 -7.32236
      vertex 10.4415 50.2 -7.32857
      vertex 10.4415 -50.2 -7.32857
    endloop
  endfacet
  facet normal -0.162531 0 -0.986703
    outer loop
      vertex 10.4415 50.2 -7.32857
      vertex 10.4038 -50.2 -7.32236
      vertex 10.4038 50.2 -7.32236
    endloop
  endfacet
  facet normal -0.222618 0 -0.974906
    outer loop
      vertex 21.805 -50.2 -9.51376
      vertex 21.8625 50.2 -9.52689
      vertex 21.8625 -50.2 -9.52689
    endloop
  endfacet
  facet normal -0.222618 0 -0.974906
    outer loop
      vertex 21.8625 50.2 -9.52689
      vertex 21.805 -50.2 -9.51376
      vertex 21.805 50.2 -9.51376
    endloop
  endfacet
  facet normal -0.733561 0 -0.679623
    outer loop
      vertex 34.9933 -50.2 -13.3872
      vertex 34.9051 50.2 -13.292
      vertex 34.9933 50.2 -13.3872
    endloop
  endfacet
  facet normal -0.733561 -0 -0.679623
    outer loop
      vertex 34.9051 50.2 -13.292
      vertex 34.9933 -50.2 -13.3872
      vertex 34.9051 -50.2 -13.292
    endloop
  endfacet
  facet normal -0.190564 0 -0.981675
    outer loop
      vertex 13.4778 -50.2 -7.89134
      vertex 19.1763 50.2 -8.99754
      vertex 19.1763 -50.2 -8.99754
    endloop
  endfacet
  facet normal -0.190564 0 -0.981675
    outer loop
      vertex 19.1763 50.2 -8.99754
      vertex 13.4778 -50.2 -7.89134
      vertex 13.4778 50.2 -7.89134
    endloop
  endfacet
  facet normal -0.133513 0 -0.991047
    outer loop
      vertex -2.28462 -50.2 -5.61299
      vertex 10.4038 50.2 -7.32236
      vertex 10.4038 -50.2 -7.32236
    endloop
  endfacet
  facet normal -0.133513 0 -0.991047
    outer loop
      vertex 10.4038 50.2 -7.32236
      vertex -2.28462 -50.2 -5.61299
      vertex -2.28462 50.2 -5.61299
    endloop
  endfacet
  facet normal -0.126477 0 -0.99197
    outer loop
      vertex -2.38658 -50.2 -5.59999
      vertex -2.28462 50.2 -5.61299
      vertex -2.28462 -50.2 -5.61299
    endloop
  endfacet
  facet normal -0.126477 0 -0.99197
    outer loop
      vertex -2.28462 50.2 -5.61299
      vertex -2.38658 -50.2 -5.59999
      vertex -2.38658 50.2 -5.59999
    endloop
  endfacet
  facet normal 0 0 -1
    outer loop
      vertex -3.56499 -50.2 -5.59999
      vertex -2.38658 50.2 -5.59999
      vertex -2.38658 -50.2 -5.59999
    endloop
  endfacet
  facet normal -0 0 -1
    outer loop
      vertex -2.38658 50.2 -5.59999
      vertex -3.56499 -50.2 -5.59999
      vertex -3.56499 50.2 -5.59999
    endloop
  endfacet
  facet normal -0.339818 0 -0.940491
    outer loop
      vertex 33.7458 -50.2 -12.549
      vertex 33.8792 50.2 -12.5972
      vertex 33.8792 -50.2 -12.5972
    endloop
  endfacet
  facet normal -0.339818 0 -0.940491
    outer loop
      vertex 33.8792 50.2 -12.5972
      vertex 33.7458 -50.2 -12.549
      vertex 33.7458 50.2 -12.549
    endloop
  endfacet
  facet normal -0.251011 0 -0.967984
    outer loop
      vertex 30.3676 -50.2 -11.6725
      vertex 31.946 50.2 -12.0818
      vertex 31.946 -50.2 -12.0818
    endloop
  endfacet
  facet normal -0.251011 0 -0.967984
    outer loop
      vertex 31.946 50.2 -12.0818
      vertex 30.3676 -50.2 -11.6725
      vertex 30.3676 50.2 -11.6725
    endloop
  endfacet
  facet normal -0.812567 0 -0.582868
    outer loop
      vertex 35.8959 -50.2 -14.6455
      vertex 34.9933 50.2 -13.3872
      vertex 35.8959 50.2 -14.6455
    endloop
  endfacet
  facet normal -0.812567 -0 -0.582868
    outer loop
      vertex 34.9933 50.2 -13.3872
      vertex 35.8959 -50.2 -14.6455
      vertex 34.9933 -50.2 -13.3872
    endloop
  endfacet
  facet normal -0.192698 0 -0.981258
    outer loop
      vertex 19.1763 -50.2 -8.99754
      vertex 21.805 50.2 -9.51376
      vertex 21.805 -50.2 -9.51376
    endloop
  endfacet
  facet normal -0.192698 0 -0.981258
    outer loop
      vertex 21.805 50.2 -9.51376
      vertex 19.1763 -50.2 -8.99754
      vertex 19.1763 50.2 -8.99754
    endloop
  endfacet
  facet normal -0.182243 0 -0.983253
    outer loop
      vertex 10.4415 -50.2 -7.32857
      vertex 13.4778 50.2 -7.89134
      vertex 13.4778 -50.2 -7.89134
    endloop
  endfacet
  facet normal -0.182243 0 -0.983253
    outer loop
      vertex 13.4778 50.2 -7.89134
      vertex 10.4415 -50.2 -7.32857
      vertex 10.4415 50.2 -7.32857
    endloop
  endfacet
  facet normal -0.638526 0 -0.769601
    outer loop
      vertex 34.4712 -50.2 -12.932
      vertex 34.9051 50.2 -13.292
      vertex 34.9051 -50.2 -13.292
    endloop
  endfacet
  facet normal -0.638526 0 -0.769601
    outer loop
      vertex 34.9051 50.2 -13.292
      vertex 34.4712 -50.2 -12.932
      vertex 34.4712 50.2 -12.932
    endloop
  endfacet
  facet normal -0.562167 0 -0.827024
    outer loop
      vertex 34.3922 -50.2 -12.8783
      vertex 34.4712 50.2 -12.932
      vertex 34.4712 -50.2 -12.932
    endloop
  endfacet
  facet normal -0.562167 0 -0.827024
    outer loop
      vertex 34.4712 50.2 -12.932
      vertex 34.3922 -50.2 -12.8783
      vertex 34.3922 50.2 -12.8783
    endloop
  endfacet
  facet normal -0.48054 0 -0.876973
    outer loop
      vertex 33.8792 -50.2 -12.5972
      vertex 34.3922 50.2 -12.8783
      vertex 34.3922 -50.2 -12.8783
    endloop
  endfacet
  facet normal -0.48054 0 -0.876973
    outer loop
      vertex 34.3922 50.2 -12.8783
      vertex 33.8792 -50.2 -12.5972
      vertex 33.8792 50.2 -12.5972
    endloop
  endfacet
  facet normal -0.251257 0 -0.96792
    outer loop
      vertex 31.946 -50.2 -12.0818
      vertex 33.7458 50.2 -12.549
      vertex 33.7458 -50.2 -12.549
    endloop
  endfacet
  facet normal -0.251257 0 -0.96792
    outer loop
      vertex 33.7458 50.2 -12.549
      vertex 31.946 -50.2 -12.0818
      vertex 31.946 50.2 -12.0818
    endloop
  endfacet
endsolid OpenSCAD_Model
