solid OpenSCAD_Model
  facet normal 0 0 1
    outer loop
      vertex -39.2375 6 0
      vertex -45.3375 0 0
      vertex -39.2375 -6 0
    endloop
  endfacet
  facet normal 0 0 1
    outer loop
      vertex -39.2375 6 0
      vertex -45.3521 0.398736 0
      vertex -45.3375 0 0
    endloop
  endfacet
  facet normal 0 0 1
    outer loop
      vertex -39.2375 6 0
      vertex -45.3957 0.795346 0
      vertex -45.3521 0.398736 0
    endloop
  endfacet
  facet normal 0 0 1
    outer loop
      vertex -39.2375 6 0
      vertex -45.4682 1.18771 0
      vertex -45.3957 0.795346 0
    endloop
  endfacet
  facet normal 0 0 1
    outer loop
      vertex -39.2375 6 0
      vertex -45.5691 1.57374 0
      vertex -45.4682 1.18771 0
    endloop
  endfacet
  facet normal 0 0 1
    outer loop
      vertex -39.2375 6 0
      vertex -45.6979 1.95137 0
      vertex -45.5691 1.57374 0
    endloop
  endfacet
  facet normal 0 0 1
    outer loop
      vertex -39.2375 6 0
      vertex -45.854 2.31859 0
      vertex -45.6979 1.95137 0
    endloop
  endfacet
  facet normal 0 0 1
    outer loop
      vertex -39.2375 6 0
      vertex -46.0364 2.67344 0
      vertex -45.854 2.31859 0
    endloop
  endfacet
  facet normal 0 0 1
    outer loop
      vertex -39.2375 6 0
      vertex -46.2443 3.01403 0
      vertex -46.0364 2.67344 0
    endloop
  endfacet
  facet normal 0 0 1
    outer loop
      vertex -39.2375 6 0
      vertex -46.4764 3.33854 0
      vertex -46.2443 3.01403 0
    endloop
  endfacet
  facet normal -0 0 1
    outer loop
      vertex -47.2375 6 0
      vertex -46.4764 3.33854 0
      vertex -39.2375 6 0
    endloop
  endfacet
  facet normal 0 0 1
    outer loop
      vertex -46.4764 3.33854 0
      vertex -47.2375 6 0
      vertex -46.7317 3.64523 0
    endloop
  endfacet
  facet normal 0 0 1
    outer loop
      vertex -46.7317 3.64523 0
      vertex -47.2375 6 0
      vertex -47.0086 3.93247 0
    endloop
  endfacet
  facet normal 0 0 1
    outer loop
      vertex -47.0086 3.93247 0
      vertex -47.2375 6 0
      vertex -47.2375 4.13755 0
    endloop
  endfacet
  facet normal -0 0 1
    outer loop
      vertex -45.3521 -0.398736 0
      vertex -39.2375 -6 0
      vertex -45.3375 0 0
    endloop
  endfacet
  facet normal -0 0 1
    outer loop
      vertex -45.3957 -0.795346 0
      vertex -39.2375 -6 0
      vertex -45.3521 -0.398736 0
    endloop
  endfacet
  facet normal -0 0 1
    outer loop
      vertex -45.4682 -1.18771 0
      vertex -39.2375 -6 0
      vertex -45.3957 -0.795346 0
    endloop
  endfacet
  facet normal -0 0 1
    outer loop
      vertex -45.5691 -1.57374 0
      vertex -39.2375 -6 0
      vertex -45.4682 -1.18771 0
    endloop
  endfacet
  facet normal -0 0 1
    outer loop
      vertex -45.6979 -1.95137 0
      vertex -39.2375 -6 0
      vertex -45.5691 -1.57374 0
    endloop
  endfacet
  facet normal -0 0 1
    outer loop
      vertex -45.854 -2.31859 0
      vertex -39.2375 -6 0
      vertex -45.6979 -1.95137 0
    endloop
  endfacet
  facet normal -0 0 1
    outer loop
      vertex -46.0364 -2.67344 0
      vertex -39.2375 -6 0
      vertex -45.854 -2.31859 0
    endloop
  endfacet
  facet normal -0 0 1
    outer loop
      vertex -46.2443 -3.01403 0
      vertex -39.2375 -6 0
      vertex -46.0364 -2.67344 0
    endloop
  endfacet
  facet normal -0 0 1
    outer loop
      vertex -46.4764 -3.33854 0
      vertex -39.2375 -6 0
      vertex -46.2443 -3.01403 0
    endloop
  endfacet
  facet normal 0 0 1
    outer loop
      vertex -47.2375 -6 0
      vertex -46.4764 -3.33854 0
      vertex -46.7317 -3.64523 0
    endloop
  endfacet
  facet normal 0 0 1
    outer loop
      vertex -47.2375 -6 0
      vertex -46.7317 -3.64523 0
      vertex -47.0086 -3.93247 0
    endloop
  endfacet
  facet normal 0 0 1
    outer loop
      vertex -47.2375 -6 0
      vertex -47.0086 -3.93247 0
      vertex -47.2375 -4.13755 0
    endloop
  endfacet
  facet normal 0 0 1
    outer loop
      vertex -46.4764 -3.33854 0
      vertex -47.2375 -6 0
      vertex -39.2375 -6 0
    endloop
  endfacet
  facet normal 0 0 1
    outer loop
      vertex 47.2375 6 0
      vertex 47.0086 3.93247 0
      vertex 47.2375 4.13755 0
    endloop
  endfacet
  facet normal 0 0 1
    outer loop
      vertex 47.2375 6 0
      vertex 46.7317 3.64523 0
      vertex 47.0086 3.93247 0
    endloop
  endfacet
  facet normal 0 0 1
    outer loop
      vertex 47.2375 6 0
      vertex 46.4764 3.33854 0
      vertex 46.7317 3.64523 0
    endloop
  endfacet
  facet normal 0 0 1
    outer loop
      vertex 47.2375 6 0
      vertex 46.2443 3.01403 0
      vertex 46.4764 3.33854 0
    endloop
  endfacet
  facet normal 0 0 1
    outer loop
      vertex 47.2375 6 0
      vertex 46.0364 2.67344 0
      vertex 46.2443 3.01403 0
    endloop
  endfacet
  facet normal 0 0 1
    outer loop
      vertex 47.2375 6 0
      vertex 45.854 2.31859 0
      vertex 46.0364 2.67344 0
    endloop
  endfacet
  facet normal -0 0 1
    outer loop
      vertex -22.2375 6 0
      vertex 45.854 2.31859 0
      vertex 47.2375 6 0
    endloop
  endfacet
  facet normal 0 0 1
    outer loop
      vertex 45.3521 0.398736 0
      vertex -22.2375 6 0
      vertex 45.3375 0 0
    endloop
  endfacet
  facet normal 0 0 1
    outer loop
      vertex 45.3957 0.795346 0
      vertex -22.2375 6 0
      vertex 45.3521 0.398736 0
    endloop
  endfacet
  facet normal 0 0 1
    outer loop
      vertex 45.4682 1.18771 0
      vertex -22.2375 6 0
      vertex 45.3957 0.795346 0
    endloop
  endfacet
  facet normal 0 0 1
    outer loop
      vertex 45.5691 1.57374 0
      vertex -22.2375 6 0
      vertex 45.4682 1.18771 0
    endloop
  endfacet
  facet normal 0 0 1
    outer loop
      vertex 45.6979 1.95137 0
      vertex -22.2375 6 0
      vertex 45.5691 1.57374 0
    endloop
  endfacet
  facet normal 0 0 1
    outer loop
      vertex 45.854 2.31859 0
      vertex -22.2375 6 0
      vertex 45.6979 1.95137 0
    endloop
  endfacet
  facet normal 0 0 1
    outer loop
      vertex 47.0086 -3.93247 0
      vertex 47.2375 -6 0
      vertex 47.2375 -4.13755 0
    endloop
  endfacet
  facet normal 0 0 1
    outer loop
      vertex 46.7317 -3.64523 0
      vertex 47.2375 -6 0
      vertex 47.0086 -3.93247 0
    endloop
  endfacet
  facet normal 0 0 1
    outer loop
      vertex 46.4764 -3.33854 0
      vertex 47.2375 -6 0
      vertex 46.7317 -3.64523 0
    endloop
  endfacet
  facet normal 0 0 1
    outer loop
      vertex 46.2443 -3.01403 0
      vertex 47.2375 -6 0
      vertex 46.4764 -3.33854 0
    endloop
  endfacet
  facet normal 0 0 1
    outer loop
      vertex 46.0364 -2.67344 0
      vertex 47.2375 -6 0
      vertex 46.2443 -3.01403 0
    endloop
  endfacet
  facet normal 0 0 1
    outer loop
      vertex 45.854 -2.31859 0
      vertex 47.2375 -6 0
      vertex 46.0364 -2.67344 0
    endloop
  endfacet
  facet normal 0 0 1
    outer loop
      vertex -22.2375 -6 0
      vertex 45.854 -2.31859 0
      vertex 45.6979 -1.95137 0
    endloop
  endfacet
  facet normal 0 0 1
    outer loop
      vertex -22.2375 -6 0
      vertex 45.3375 0 0
      vertex -22.2375 6 0
    endloop
  endfacet
  facet normal 0 0 1
    outer loop
      vertex 45.3375 0 0
      vertex -22.2375 -6 0
      vertex 45.3521 -0.398736 0
    endloop
  endfacet
  facet normal 0 0 1
    outer loop
      vertex 45.3521 -0.398736 0
      vertex -22.2375 -6 0
      vertex 45.3957 -0.795346 0
    endloop
  endfacet
  facet normal 0 0 1
    outer loop
      vertex 45.3957 -0.795346 0
      vertex -22.2375 -6 0
      vertex 45.4682 -1.18771 0
    endloop
  endfacet
  facet normal 0 0 1
    outer loop
      vertex 45.4682 -1.18771 0
      vertex -22.2375 -6 0
      vertex 45.5691 -1.57374 0
    endloop
  endfacet
  facet normal 0 0 1
    outer loop
      vertex 45.5691 -1.57374 0
      vertex -22.2375 -6 0
      vertex 45.6979 -1.95137 0
    endloop
  endfacet
  facet normal 0 0 1
    outer loop
      vertex 45.854 -2.31859 0
      vertex -22.2375 -6 0
      vertex 47.2375 -6 0
    endloop
  endfacet
  facet normal -0 0 1
    outer loop
      vertex -36.2375 6 0
      vertex -32.2375 -6 0
      vertex -32.2375 6 0
    endloop
  endfacet
  facet normal 0 0 1
    outer loop
      vertex -32.2375 -6 0
      vertex -36.2375 6 0
      vertex -36.2375 -6 0
    endloop
  endfacet
  facet normal -0 0 1
    outer loop
      vertex -29.2375 6 0
      vertex -25.2375 -6 0
      vertex -25.2375 6 0
    endloop
  endfacet
  facet normal 0 0 1
    outer loop
      vertex -25.2375 -6 0
      vertex -29.2375 6 0
      vertex -29.2375 -6 0
    endloop
  endfacet
  facet normal 0 0 -1
    outer loop
      vertex -46.7375 -6 -6
      vertex -47.0086 -3.93247 -6
      vertex -46.7375 -3.65126 -6
    endloop
  endfacet
  facet normal 0 0 -1
    outer loop
      vertex -47.2375 -4.13755 -6
      vertex -46.7375 -6 -6
      vertex -47.2375 -6 -6
    endloop
  endfacet
  facet normal 0 0 -1
    outer loop
      vertex -46.7375 -6 -6
      vertex -47.2375 -4.13755 -6
      vertex -47.0086 -3.93247 -6
    endloop
  endfacet
  facet normal 0 0 -1
    outer loop
      vertex 46.7375 -6 -6
      vertex 47.2375 -4.13755 -6
      vertex 47.2375 -6 -6
    endloop
  endfacet
  facet normal -0 0 -1
    outer loop
      vertex 47.2375 -4.13755 -6
      vertex 46.7375 -6 -6
      vertex 47.0086 -3.93247 -6
    endloop
  endfacet
  facet normal -0 0 -1
    outer loop
      vertex 47.0086 -3.93247 -6
      vertex 46.7375 -6 -6
      vertex 46.7375 -3.65126 -6
    endloop
  endfacet
  facet normal 0 0 -1
    outer loop
      vertex -47.0086 3.93247 -6
      vertex -46.7375 6 -6
      vertex -46.7375 3.65126 -6
    endloop
  endfacet
  facet normal 0 0 -1
    outer loop
      vertex -47.2375 4.13755 -6
      vertex -46.7375 6 -6
      vertex -47.0086 3.93247 -6
    endloop
  endfacet
  facet normal -0 0 -1
    outer loop
      vertex -46.7375 6 -6
      vertex -47.2375 4.13755 -6
      vertex -47.2375 6 -6
    endloop
  endfacet
  facet normal 0 0 -1
    outer loop
      vertex 46.7375 6 -6
      vertex 47.2375 4.13755 -6
      vertex 47.0086 3.93247 -6
    endloop
  endfacet
  facet normal 0 0 -1
    outer loop
      vertex 46.7375 6 -6
      vertex 47.0086 3.93247 -6
      vertex 46.7375 3.65126 -6
    endloop
  endfacet
  facet normal 0 0 -1
    outer loop
      vertex 47.2375 4.13755 -6
      vertex 46.7375 6 -6
      vertex 47.2375 6 -6
    endloop
  endfacet
  facet normal 1 -0 0
    outer loop
      vertex 46.7375 3.65126 -6
      vertex 46.7375 6 -28
      vertex 46.7375 6 -6
    endloop
  endfacet
  facet normal 1 0 0
    outer loop
      vertex 46.7375 6 -28
      vertex 46.7375 3.65126 -6
      vertex 46.7375 3.65126 -28
    endloop
  endfacet
  facet normal 1 -0 0
    outer loop
      vertex 46.7375 -6 -6
      vertex 46.7375 -3.65126 -28
      vertex 46.7375 -3.65126 -6
    endloop
  endfacet
  facet normal 1 0 0
    outer loop
      vertex 46.7375 -3.65126 -28
      vertex 46.7375 -6 -6
      vertex 46.7375 -6 -28
    endloop
  endfacet
  facet normal 0 0 -1
    outer loop
      vertex -37.1954 -6 -28
      vertex -45.3375 0 -28
      vertex -37.1954 6 -28
    endloop
  endfacet
  facet normal 0 0 -1
    outer loop
      vertex -37.1954 -6 -28
      vertex -45.3521 -0.398736 -28
      vertex -45.3375 0 -28
    endloop
  endfacet
  facet normal 0 0 -1
    outer loop
      vertex -37.1954 -6 -28
      vertex -45.3957 -0.795346 -28
      vertex -45.3521 -0.398736 -28
    endloop
  endfacet
  facet normal 0 0 -1
    outer loop
      vertex -37.1954 -6 -28
      vertex -45.4682 -1.18771 -28
      vertex -45.3957 -0.795346 -28
    endloop
  endfacet
  facet normal 0 0 -1
    outer loop
      vertex -37.1954 -6 -28
      vertex -45.5691 -1.57374 -28
      vertex -45.4682 -1.18771 -28
    endloop
  endfacet
  facet normal 0 0 -1
    outer loop
      vertex -37.1954 -6 -28
      vertex -45.6979 -1.95137 -28
      vertex -45.5691 -1.57374 -28
    endloop
  endfacet
  facet normal 0 0 -1
    outer loop
      vertex -37.1954 -6 -28
      vertex -45.854 -2.31859 -28
      vertex -45.6979 -1.95137 -28
    endloop
  endfacet
  facet normal 0 0 -1
    outer loop
      vertex -37.1954 -6 -28
      vertex -46.0364 -2.67344 -28
      vertex -45.854 -2.31859 -28
    endloop
  endfacet
  facet normal 0 0 -1
    outer loop
      vertex -46.7375 -6 -28
      vertex -46.0364 -2.67344 -28
      vertex -37.1954 -6 -28
    endloop
  endfacet
  facet normal 0 0 -1
    outer loop
      vertex -46.0364 -2.67344 -28
      vertex -46.7375 -6 -28
      vertex -46.2443 -3.01403 -28
    endloop
  endfacet
  facet normal 0 0 -1
    outer loop
      vertex -46.2443 -3.01403 -28
      vertex -46.7375 -6 -28
      vertex -46.4764 -3.33854 -28
    endloop
  endfacet
  facet normal 0 0 -1
    outer loop
      vertex -46.4764 -3.33854 -28
      vertex -46.7375 -6 -28
      vertex -46.7317 -3.64523 -28
    endloop
  endfacet
  facet normal 0 0 -1
    outer loop
      vertex -46.7317 -3.64523 -28
      vertex -46.7375 -6 -28
      vertex -46.7375 -3.65126 -28
    endloop
  endfacet
  facet normal 0 0 -1
    outer loop
      vertex -45.3521 0.398736 -28
      vertex -37.1954 6 -28
      vertex -45.3375 0 -28
    endloop
  endfacet
  facet normal 0 0 -1
    outer loop
      vertex -45.3957 0.795346 -28
      vertex -37.1954 6 -28
      vertex -45.3521 0.398736 -28
    endloop
  endfacet
  facet normal 0 0 -1
    outer loop
      vertex -45.4682 1.18771 -28
      vertex -37.1954 6 -28
      vertex -45.3957 0.795346 -28
    endloop
  endfacet
  facet normal 0 0 -1
    outer loop
      vertex -45.5691 1.57374 -28
      vertex -37.1954 6 -28
      vertex -45.4682 1.18771 -28
    endloop
  endfacet
  facet normal 0 0 -1
    outer loop
      vertex -45.6979 1.95137 -28
      vertex -37.1954 6 -28
      vertex -45.5691 1.57374 -28
    endloop
  endfacet
  facet normal 0 0 -1
    outer loop
      vertex -45.854 2.31859 -28
      vertex -37.1954 6 -28
      vertex -45.6979 1.95137 -28
    endloop
  endfacet
  facet normal 0 0 -1
    outer loop
      vertex -46.0364 2.67344 -28
      vertex -37.1954 6 -28
      vertex -45.854 2.31859 -28
    endloop
  endfacet
  facet normal 0 0 -1
    outer loop
      vertex -46.7375 6 -28
      vertex -46.0364 2.67344 -28
      vertex -46.2443 3.01403 -28
    endloop
  endfacet
  facet normal 0 0 -1
    outer loop
      vertex -46.7375 6 -28
      vertex -46.2443 3.01403 -28
      vertex -46.4764 3.33854 -28
    endloop
  endfacet
  facet normal 0 0 -1
    outer loop
      vertex -46.7375 6 -28
      vertex -46.4764 3.33854 -28
      vertex -46.7317 3.64523 -28
    endloop
  endfacet
  facet normal 0 0 -1
    outer loop
      vertex -46.7375 6 -28
      vertex -46.7317 3.64523 -28
      vertex -46.7375 3.65126 -28
    endloop
  endfacet
  facet normal 0 0 -1
    outer loop
      vertex -46.0364 2.67344 -28
      vertex -46.7375 6 -28
      vertex -37.1954 6 -28
    endloop
  endfacet
  facet normal 0 0 -1
    outer loop
      vertex 46.7375 -6 -28
      vertex 46.7317 -3.64523 -28
      vertex 46.7375 -3.65126 -28
    endloop
  endfacet
  facet normal 0 0 -1
    outer loop
      vertex 46.7375 -6 -28
      vertex 46.4764 -3.33854 -28
      vertex 46.7317 -3.64523 -28
    endloop
  endfacet
  facet normal 0 0 -1
    outer loop
      vertex 46.7375 -6 -28
      vertex 46.2443 -3.01403 -28
      vertex 46.4764 -3.33854 -28
    endloop
  endfacet
  facet normal 0 0 -1
    outer loop
      vertex 38.95 -6 -28
      vertex 46.2443 -3.01403 -28
      vertex 46.7375 -6 -28
    endloop
  endfacet
  facet normal -0 0 -1
    outer loop
      vertex 46.2443 -3.01403 -28
      vertex 38.95 -6 -28
      vertex 46.0364 -2.67344 -28
    endloop
  endfacet
  facet normal -0 0 -1
    outer loop
      vertex 46.0364 -2.67344 -28
      vertex 38.95 -6 -28
      vertex 45.854 -2.31859 -28
    endloop
  endfacet
  facet normal -0 0 -1
    outer loop
      vertex 45.854 -2.31859 -28
      vertex 38.95 -6 -28
      vertex 45.6979 -1.95137 -28
    endloop
  endfacet
  facet normal -0 0 -1
    outer loop
      vertex 45.3521 -0.398736 -28
      vertex 38.95 -6 -28
      vertex 45.3375 0 -28
    endloop
  endfacet
  facet normal -0 0 -1
    outer loop
      vertex 45.3957 -0.795346 -28
      vertex 38.95 -6 -28
      vertex 45.3521 -0.398736 -28
    endloop
  endfacet
  facet normal -0 0 -1
    outer loop
      vertex 45.4682 -1.18771 -28
      vertex 38.95 -6 -28
      vertex 45.3957 -0.795346 -28
    endloop
  endfacet
  facet normal -0 0 -1
    outer loop
      vertex 45.5691 -1.57374 -28
      vertex 38.95 -6 -28
      vertex 45.4682 -1.18771 -28
    endloop
  endfacet
  facet normal -0 0 -1
    outer loop
      vertex 45.6979 -1.95137 -28
      vertex 38.95 -6 -28
      vertex 45.5691 -1.57374 -28
    endloop
  endfacet
  facet normal 0 0 -1
    outer loop
      vertex 46.7317 3.64523 -28
      vertex 46.7375 6 -28
      vertex 46.7375 3.65126 -28
    endloop
  endfacet
  facet normal 0 0 -1
    outer loop
      vertex 46.4764 3.33854 -28
      vertex 46.7375 6 -28
      vertex 46.7317 3.64523 -28
    endloop
  endfacet
  facet normal 0 0 -1
    outer loop
      vertex 46.2443 3.01403 -28
      vertex 46.7375 6 -28
      vertex 46.4764 3.33854 -28
    endloop
  endfacet
  facet normal 0 0 -1
    outer loop
      vertex 38.95 6 -28
      vertex 46.2443 3.01403 -28
      vertex 46.0364 2.67344 -28
    endloop
  endfacet
  facet normal 0 0 -1
    outer loop
      vertex 38.95 6 -28
      vertex 46.0364 2.67344 -28
      vertex 45.854 2.31859 -28
    endloop
  endfacet
  facet normal 0 0 -1
    outer loop
      vertex 38.95 6 -28
      vertex 45.854 2.31859 -28
      vertex 45.6979 1.95137 -28
    endloop
  endfacet
  facet normal 0 0 -1
    outer loop
      vertex 38.95 6 -28
      vertex 45.6979 1.95137 -28
      vertex 45.5691 1.57374 -28
    endloop
  endfacet
  facet normal 0 0 -1
    outer loop
      vertex 38.95 6 -28
      vertex 45.3375 0 -28
      vertex 38.95 -6 -28
    endloop
  endfacet
  facet normal 0 0 -1
    outer loop
      vertex 45.3375 0 -28
      vertex 38.95 6 -28
      vertex 45.3521 0.398736 -28
    endloop
  endfacet
  facet normal 0 0 -1
    outer loop
      vertex 45.3521 0.398736 -28
      vertex 38.95 6 -28
      vertex 45.3957 0.795346 -28
    endloop
  endfacet
  facet normal 0 0 -1
    outer loop
      vertex 45.3957 0.795346 -28
      vertex 38.95 6 -28
      vertex 45.4682 1.18771 -28
    endloop
  endfacet
  facet normal 0 0 -1
    outer loop
      vertex 45.4682 1.18771 -28
      vertex 38.95 6 -28
      vertex 45.5691 1.57374 -28
    endloop
  endfacet
  facet normal 0 0 -1
    outer loop
      vertex 46.2443 3.01403 -28
      vertex 38.95 6 -28
      vertex 46.7375 6 -28
    endloop
  endfacet
  facet normal -1 0 0
    outer loop
      vertex -46.7375 3.65126 -28
      vertex -46.7375 6 -6
      vertex -46.7375 6 -28
    endloop
  endfacet
  facet normal -1 -0 0
    outer loop
      vertex -46.7375 6 -6
      vertex -46.7375 3.65126 -28
      vertex -46.7375 3.65126 -6
    endloop
  endfacet
  facet normal -1 0 0
    outer loop
      vertex -46.7375 -6 -28
      vertex -46.7375 -3.65126 -6
      vertex -46.7375 -3.65126 -28
    endloop
  endfacet
  facet normal -1 -0 0
    outer loop
      vertex -46.7375 -3.65126 -6
      vertex -46.7375 -6 -28
      vertex -46.7375 -6 -6
    endloop
  endfacet
  facet normal 0.920302 0.391208 0
    outer loop
      vertex 45.854 -2.31859 0
      vertex 45.6979 -1.95137 -28
      vertex 45.6979 -1.95137 0
    endloop
  endfacet
  facet normal 0.920302 0.391208 0
    outer loop
      vertex 45.6979 -1.95137 -28
      vertex 45.854 -2.31859 0
      vertex 45.854 -2.31859 -28
    endloop
  endfacet
  facet normal 0.946462 0.322814 0
    outer loop
      vertex 45.6979 -1.95137 0
      vertex 45.5691 -1.57374 -28
      vertex 45.5691 -1.57374 0
    endloop
  endfacet
  facet normal 0.946462 0.322814 0
    outer loop
      vertex 45.5691 -1.57374 -28
      vertex 45.6979 -1.95137 0
      vertex 45.6979 -1.95137 -28
    endloop
  endfacet
  facet normal 0.983354 0.181702 0
    outer loop
      vertex 45.4682 -1.18771 0
      vertex 45.3957 -0.795346 -28
      vertex 45.3957 -0.795346 0
    endloop
  endfacet
  facet normal 0.983354 0.181702 0
    outer loop
      vertex 45.3957 -0.795346 -28
      vertex 45.4682 -1.18771 0
      vertex 45.4682 -1.18771 -28
    endloop
  endfacet
  facet normal 0.853547 -0.521015 0
    outer loop
      vertex 46.0364 2.67344 0
      vertex 46.2443 3.01403 -28
      vertex 46.2443 3.01403 0
    endloop
  endfacet
  facet normal 0.853547 -0.521015 0
    outer loop
      vertex 46.2443 3.01403 -28
      vertex 46.0364 2.67344 0
      vertex 46.0364 2.67344 -28
    endloop
  endfacet
  facet normal 0.71993 -0.694047 0
    outer loop
      vertex 47.0086 3.93247 0
      vertex 46.7375 3.65126 -6
      vertex 47.0086 3.93247 -6
    endloop
  endfacet
  facet normal 0.719946 -0.69403 -1.5519e-06
    outer loop
      vertex 46.7317 3.64523 0
      vertex 46.7375 3.65126 -6
      vertex 47.0086 3.93247 0
    endloop
  endfacet
  facet normal 0.720718 -0.693228 0
    outer loop
      vertex 46.7317 3.64523 -28
      vertex 46.7375 3.65126 -6
      vertex 46.7317 3.64523 0
    endloop
  endfacet
  facet normal 0.720718 -0.693228 0
    outer loop
      vertex 46.7375 3.65126 -6
      vertex 46.7317 3.64523 -28
      vertex 46.7375 3.65126 -28
    endloop
  endfacet
  facet normal 0.813369 -0.581748 0
    outer loop
      vertex 46.2443 3.01403 0
      vertex 46.4764 3.33854 -28
      vertex 46.4764 3.33854 0
    endloop
  endfacet
  facet normal 0.813369 -0.581748 0
    outer loop
      vertex 46.4764 3.33854 -28
      vertex 46.2443 3.01403 0
      vertex 46.2443 3.01403 -28
    endloop
  endfacet
  facet normal 0.889384 0.457161 0
    outer loop
      vertex 46.0364 -2.67344 0
      vertex 45.854 -2.31859 -28
      vertex 45.854 -2.31859 0
    endloop
  endfacet
  facet normal 0.889384 0.457161 0
    outer loop
      vertex 45.854 -2.31859 -28
      vertex 46.0364 -2.67344 0
      vertex 46.0364 -2.67344 -28
    endloop
  endfacet
  facet normal 0.76856 -0.639778 0
    outer loop
      vertex 46.4764 3.33854 0
      vertex 46.7317 3.64523 -28
      vertex 46.7317 3.64523 0
    endloop
  endfacet
  facet normal 0.76856 -0.639778 0
    outer loop
      vertex 46.7317 3.64523 -28
      vertex 46.4764 3.33854 0
      vertex 46.4764 3.33854 -28
    endloop
  endfacet
  facet normal 0.667291 -0.744797 0
    outer loop
      vertex 47.0086 3.93247 -6
      vertex 47.2375 4.13755 0
      vertex 47.0086 3.93247 0
    endloop
  endfacet
  facet normal 0.667291 -0.744797 0
    outer loop
      vertex 47.2375 4.13755 0
      vertex 47.0086 3.93247 -6
      vertex 47.2375 4.13755 -6
    endloop
  endfacet
  facet normal 0.667291 0.744797 -0
    outer loop
      vertex 47.2375 -4.13755 -6
      vertex 47.0086 -3.93247 0
      vertex 47.2375 -4.13755 0
    endloop
  endfacet
  facet normal 0.667291 0.744797 0
    outer loop
      vertex 47.0086 -3.93247 0
      vertex 47.2375 -4.13755 -6
      vertex 47.0086 -3.93247 -6
    endloop
  endfacet
  facet normal 0.967497 0.252883 0
    outer loop
      vertex 45.5691 -1.57374 0
      vertex 45.4682 -1.18771 -28
      vertex 45.4682 -1.18771 0
    endloop
  endfacet
  facet normal 0.967497 0.252883 0
    outer loop
      vertex 45.4682 -1.18771 -28
      vertex 45.5691 -1.57374 0
      vertex 45.5691 -1.57374 -28
    endloop
  endfacet
  facet normal 0.983354 -0.181702 0
    outer loop
      vertex 45.3957 0.795346 0
      vertex 45.4682 1.18771 -28
      vertex 45.4682 1.18771 0
    endloop
  endfacet
  facet normal 0.983354 -0.181702 0
    outer loop
      vertex 45.4682 1.18771 -28
      vertex 45.3957 0.795346 0
      vertex 45.3957 0.795346 -28
    endloop
  endfacet
  facet normal 0.813369 0.581748 0
    outer loop
      vertex 46.4764 -3.33854 0
      vertex 46.2443 -3.01403 -28
      vertex 46.2443 -3.01403 0
    endloop
  endfacet
  facet normal 0.813369 0.581748 0
    outer loop
      vertex 46.2443 -3.01403 -28
      vertex 46.4764 -3.33854 0
      vertex 46.4764 -3.33854 -28
    endloop
  endfacet
  facet normal 0.99933 0.0365912 0
    outer loop
      vertex 45.3521 -0.398736 0
      vertex 45.3375 0 -28
      vertex 45.3375 0 0
    endloop
  endfacet
  facet normal 0.99933 0.0365912 0
    outer loop
      vertex 45.3375 0 -28
      vertex 45.3521 -0.398736 0
      vertex 45.3521 -0.398736 -28
    endloop
  endfacet
  facet normal 0.994012 0.109273 0
    outer loop
      vertex 45.3957 -0.795346 0
      vertex 45.3521 -0.398736 -28
      vertex 45.3521 -0.398736 0
    endloop
  endfacet
  facet normal 0.994012 0.109273 0
    outer loop
      vertex 45.3521 -0.398736 -28
      vertex 45.3957 -0.795346 0
      vertex 45.3957 -0.795346 -28
    endloop
  endfacet
  facet normal 0.946462 -0.322814 0
    outer loop
      vertex 45.5691 1.57374 0
      vertex 45.6979 1.95137 -28
      vertex 45.6979 1.95137 0
    endloop
  endfacet
  facet normal 0.946462 -0.322814 0
    outer loop
      vertex 45.6979 1.95137 -28
      vertex 45.5691 1.57374 0
      vertex 45.5691 1.57374 -28
    endloop
  endfacet
  facet normal 0.99933 -0.0365912 0
    outer loop
      vertex 45.3375 0 0
      vertex 45.3521 0.398736 -28
      vertex 45.3521 0.398736 0
    endloop
  endfacet
  facet normal 0.99933 -0.0365912 0
    outer loop
      vertex 45.3521 0.398736 -28
      vertex 45.3375 0 0
      vertex 45.3375 0 -28
    endloop
  endfacet
  facet normal 0.967497 -0.252883 0
    outer loop
      vertex 45.4682 1.18771 0
      vertex 45.5691 1.57374 -28
      vertex 45.5691 1.57374 0
    endloop
  endfacet
  facet normal 0.967497 -0.252883 0
    outer loop
      vertex 45.5691 1.57374 -28
      vertex 45.4682 1.18771 0
      vertex 45.4682 1.18771 -28
    endloop
  endfacet
  facet normal 0.853547 0.521015 0
    outer loop
      vertex 46.2443 -3.01403 0
      vertex 46.0364 -2.67344 -28
      vertex 46.0364 -2.67344 0
    endloop
  endfacet
  facet normal 0.853547 0.521015 0
    outer loop
      vertex 46.0364 -2.67344 -28
      vertex 46.2443 -3.01403 0
      vertex 46.2443 -3.01403 -28
    endloop
  endfacet
  facet normal 0.994012 -0.109273 0
    outer loop
      vertex 45.3521 0.398736 0
      vertex 45.3957 0.795346 -28
      vertex 45.3957 0.795346 0
    endloop
  endfacet
  facet normal 0.994012 -0.109273 0
    outer loop
      vertex 45.3957 0.795346 -28
      vertex 45.3521 0.398736 0
      vertex 45.3521 0.398736 -28
    endloop
  endfacet
  facet normal 0.920302 -0.391208 0
    outer loop
      vertex 45.6979 1.95137 0
      vertex 45.854 2.31859 -28
      vertex 45.854 2.31859 0
    endloop
  endfacet
  facet normal 0.920302 -0.391208 0
    outer loop
      vertex 45.854 2.31859 -28
      vertex 45.6979 1.95137 0
      vertex 45.6979 1.95137 -28
    endloop
  endfacet
  facet normal 0.889384 -0.457161 0
    outer loop
      vertex 45.854 2.31859 0
      vertex 46.0364 2.67344 -28
      vertex 46.0364 2.67344 0
    endloop
  endfacet
  facet normal 0.889384 -0.457161 0
    outer loop
      vertex 46.0364 2.67344 -28
      vertex 45.854 2.31859 0
      vertex 45.854 2.31859 -28
    endloop
  endfacet
  facet normal 0.76856 0.639778 0
    outer loop
      vertex 46.7317 -3.64523 0
      vertex 46.4764 -3.33854 -28
      vertex 46.4764 -3.33854 0
    endloop
  endfacet
  facet normal 0.76856 0.639778 0
    outer loop
      vertex 46.4764 -3.33854 -28
      vertex 46.7317 -3.64523 0
      vertex 46.7317 -3.64523 -28
    endloop
  endfacet
  facet normal 0.720718 0.693228 0
    outer loop
      vertex 46.7317 -3.64523 0
      vertex 46.7375 -3.65126 -6
      vertex 46.7317 -3.64523 -28
    endloop
  endfacet
  facet normal 0.719946 0.69403 -1.5519e-06
    outer loop
      vertex 47.0086 -3.93247 0
      vertex 46.7375 -3.65126 -6
      vertex 46.7317 -3.64523 0
    endloop
  endfacet
  facet normal 0.71993 0.694047 0
    outer loop
      vertex 46.7375 -3.65126 -6
      vertex 47.0086 -3.93247 0
      vertex 47.0086 -3.93247 -6
    endloop
  endfacet
  facet normal 0.720718 0.693228 0
    outer loop
      vertex 46.7317 -3.64523 -28
      vertex 46.7375 -3.65126 -6
      vertex 46.7375 -3.65126 -28
    endloop
  endfacet
  facet normal -0.667291 -0.744797 0
    outer loop
      vertex -47.2375 4.13755 -6
      vertex -47.0086 3.93247 0
      vertex -47.2375 4.13755 0
    endloop
  endfacet
  facet normal -0.667291 -0.744797 -0
    outer loop
      vertex -47.0086 3.93247 0
      vertex -47.2375 4.13755 -6
      vertex -47.0086 3.93247 -6
    endloop
  endfacet
  facet normal -0.994012 -0.109273 0
    outer loop
      vertex -45.3521 0.398736 -28
      vertex -45.3957 0.795346 0
      vertex -45.3957 0.795346 -28
    endloop
  endfacet
  facet normal -0.994012 -0.109273 0
    outer loop
      vertex -45.3957 0.795346 0
      vertex -45.3521 0.398736 -28
      vertex -45.3521 0.398736 0
    endloop
  endfacet
  facet normal -0.99933 -0.0365912 0
    outer loop
      vertex -45.3375 0 -28
      vertex -45.3521 0.398736 0
      vertex -45.3521 0.398736 -28
    endloop
  endfacet
  facet normal -0.99933 -0.0365912 0
    outer loop
      vertex -45.3521 0.398736 0
      vertex -45.3375 0 -28
      vertex -45.3375 0 0
    endloop
  endfacet
  facet normal -0.983354 0.181702 0
    outer loop
      vertex -45.4682 -1.18771 -28
      vertex -45.3957 -0.795346 0
      vertex -45.3957 -0.795346 -28
    endloop
  endfacet
  facet normal -0.983354 0.181702 0
    outer loop
      vertex -45.3957 -0.795346 0
      vertex -45.4682 -1.18771 -28
      vertex -45.4682 -1.18771 0
    endloop
  endfacet
  facet normal -0.99933 0.0365912 0
    outer loop
      vertex -45.3521 -0.398736 -28
      vertex -45.3375 0 0
      vertex -45.3375 0 -28
    endloop
  endfacet
  facet normal -0.99933 0.0365912 0
    outer loop
      vertex -45.3375 0 0
      vertex -45.3521 -0.398736 -28
      vertex -45.3521 -0.398736 0
    endloop
  endfacet
  facet normal -0.920302 -0.391208 0
    outer loop
      vertex -45.6979 1.95137 -28
      vertex -45.854 2.31859 0
      vertex -45.854 2.31859 -28
    endloop
  endfacet
  facet normal -0.920302 -0.391208 0
    outer loop
      vertex -45.854 2.31859 0
      vertex -45.6979 1.95137 -28
      vertex -45.6979 1.95137 0
    endloop
  endfacet
  facet normal -0.920302 0.391208 0
    outer loop
      vertex -45.854 -2.31859 -28
      vertex -45.6979 -1.95137 0
      vertex -45.6979 -1.95137 -28
    endloop
  endfacet
  facet normal -0.920302 0.391208 0
    outer loop
      vertex -45.6979 -1.95137 0
      vertex -45.854 -2.31859 -28
      vertex -45.854 -2.31859 0
    endloop
  endfacet
  facet normal -0.889384 -0.457161 0
    outer loop
      vertex -45.854 2.31859 -28
      vertex -46.0364 2.67344 0
      vertex -46.0364 2.67344 -28
    endloop
  endfacet
  facet normal -0.889384 -0.457161 0
    outer loop
      vertex -46.0364 2.67344 0
      vertex -45.854 2.31859 -28
      vertex -45.854 2.31859 0
    endloop
  endfacet
  facet normal -0.667291 0.744797 0
    outer loop
      vertex -47.0086 -3.93247 -6
      vertex -47.2375 -4.13755 0
      vertex -47.0086 -3.93247 0
    endloop
  endfacet
  facet normal -0.667291 0.744797 0
    outer loop
      vertex -47.2375 -4.13755 0
      vertex -47.0086 -3.93247 -6
      vertex -47.2375 -4.13755 -6
    endloop
  endfacet
  facet normal -0.946462 -0.322814 0
    outer loop
      vertex -45.5691 1.57374 -28
      vertex -45.6979 1.95137 0
      vertex -45.6979 1.95137 -28
    endloop
  endfacet
  facet normal -0.946462 -0.322814 0
    outer loop
      vertex -45.6979 1.95137 0
      vertex -45.5691 1.57374 -28
      vertex -45.5691 1.57374 0
    endloop
  endfacet
  facet normal -0.813369 -0.581748 0
    outer loop
      vertex -46.2443 3.01403 -28
      vertex -46.4764 3.33854 0
      vertex -46.4764 3.33854 -28
    endloop
  endfacet
  facet normal -0.813369 -0.581748 0
    outer loop
      vertex -46.4764 3.33854 0
      vertex -46.2443 3.01403 -28
      vertex -46.2443 3.01403 0
    endloop
  endfacet
  facet normal -0.71993 -0.694047 0
    outer loop
      vertex -46.7375 3.65126 -6
      vertex -47.0086 3.93247 0
      vertex -47.0086 3.93247 -6
    endloop
  endfacet
  facet normal -0.719946 -0.69403 -1.5519e-06
    outer loop
      vertex -46.7375 3.65126 -6
      vertex -46.7317 3.64523 0
      vertex -47.0086 3.93247 0
    endloop
  endfacet
  facet normal -0.720718 -0.693228 -0
    outer loop
      vertex -46.7317 3.64523 0
      vertex -46.7375 3.65126 -6
      vertex -46.7317 3.64523 -28
    endloop
  endfacet
  facet normal -0.720718 -0.693228 0
    outer loop
      vertex -46.7375 3.65126 -28
      vertex -46.7317 3.64523 -28
      vertex -46.7375 3.65126 -6
    endloop
  endfacet
  facet normal -0.946462 0.322814 0
    outer loop
      vertex -45.6979 -1.95137 -28
      vertex -45.5691 -1.57374 0
      vertex -45.5691 -1.57374 -28
    endloop
  endfacet
  facet normal -0.946462 0.322814 0
    outer loop
      vertex -45.5691 -1.57374 0
      vertex -45.6979 -1.95137 -28
      vertex -45.6979 -1.95137 0
    endloop
  endfacet
  facet normal -0.76856 -0.639778 0
    outer loop
      vertex -46.4764 3.33854 -28
      vertex -46.7317 3.64523 0
      vertex -46.7317 3.64523 -28
    endloop
  endfacet
  facet normal -0.76856 -0.639778 0
    outer loop
      vertex -46.7317 3.64523 0
      vertex -46.4764 3.33854 -28
      vertex -46.4764 3.33854 0
    endloop
  endfacet
  facet normal -0.853547 -0.521015 0
    outer loop
      vertex -46.0364 2.67344 -28
      vertex -46.2443 3.01403 0
      vertex -46.2443 3.01403 -28
    endloop
  endfacet
  facet normal -0.853547 -0.521015 0
    outer loop
      vertex -46.2443 3.01403 0
      vertex -46.0364 2.67344 -28
      vertex -46.0364 2.67344 0
    endloop
  endfacet
  facet normal -0.994012 0.109273 0
    outer loop
      vertex -45.3957 -0.795346 -28
      vertex -45.3521 -0.398736 0
      vertex -45.3521 -0.398736 -28
    endloop
  endfacet
  facet normal -0.994012 0.109273 0
    outer loop
      vertex -45.3521 -0.398736 0
      vertex -45.3957 -0.795346 -28
      vertex -45.3957 -0.795346 0
    endloop
  endfacet
  facet normal -0.853547 0.521015 0
    outer loop
      vertex -46.2443 -3.01403 -28
      vertex -46.0364 -2.67344 0
      vertex -46.0364 -2.67344 -28
    endloop
  endfacet
  facet normal -0.853547 0.521015 0
    outer loop
      vertex -46.0364 -2.67344 0
      vertex -46.2443 -3.01403 -28
      vertex -46.2443 -3.01403 0
    endloop
  endfacet
  facet normal -0.720718 0.693228 0
    outer loop
      vertex -46.7375 -3.65126 -6
      vertex -46.7317 -3.64523 -28
      vertex -46.7375 -3.65126 -28
    endloop
  endfacet
  facet normal -0.720718 0.693228 0
    outer loop
      vertex -46.7317 -3.64523 -28
      vertex -46.7375 -3.65126 -6
      vertex -46.7317 -3.64523 0
    endloop
  endfacet
  facet normal -0.71993 0.694047 -1.58514e-06
    outer loop
      vertex -47.0086 -3.93247 -6
      vertex -46.7317 -3.64523 0
      vertex -46.7375 -3.65126 -6
    endloop
  endfacet
  facet normal -0.719946 0.69403 0
    outer loop
      vertex -46.7317 -3.64523 0
      vertex -47.0086 -3.93247 -6
      vertex -47.0086 -3.93247 0
    endloop
  endfacet
  facet normal -0.889384 0.457161 0
    outer loop
      vertex -46.0364 -2.67344 -28
      vertex -45.854 -2.31859 0
      vertex -45.854 -2.31859 -28
    endloop
  endfacet
  facet normal -0.889384 0.457161 0
    outer loop
      vertex -45.854 -2.31859 0
      vertex -46.0364 -2.67344 -28
      vertex -46.0364 -2.67344 0
    endloop
  endfacet
  facet normal -0.967497 0.252883 0
    outer loop
      vertex -45.5691 -1.57374 -28
      vertex -45.4682 -1.18771 0
      vertex -45.4682 -1.18771 -28
    endloop
  endfacet
  facet normal -0.967497 0.252883 0
    outer loop
      vertex -45.4682 -1.18771 0
      vertex -45.5691 -1.57374 -28
      vertex -45.5691 -1.57374 0
    endloop
  endfacet
  facet normal -0.967497 -0.252883 0
    outer loop
      vertex -45.4682 1.18771 -28
      vertex -45.5691 1.57374 0
      vertex -45.5691 1.57374 -28
    endloop
  endfacet
  facet normal -0.967497 -0.252883 0
    outer loop
      vertex -45.5691 1.57374 0
      vertex -45.4682 1.18771 -28
      vertex -45.4682 1.18771 0
    endloop
  endfacet
  facet normal -0.983354 -0.181702 0
    outer loop
      vertex -45.3957 0.795346 -28
      vertex -45.4682 1.18771 0
      vertex -45.4682 1.18771 -28
    endloop
  endfacet
  facet normal -0.983354 -0.181702 0
    outer loop
      vertex -45.4682 1.18771 0
      vertex -45.3957 0.795346 -28
      vertex -45.3957 0.795346 0
    endloop
  endfacet
  facet normal -0.76856 0.639778 0
    outer loop
      vertex -46.7317 -3.64523 -28
      vertex -46.4764 -3.33854 0
      vertex -46.4764 -3.33854 -28
    endloop
  endfacet
  facet normal -0.76856 0.639778 0
    outer loop
      vertex -46.4764 -3.33854 0
      vertex -46.7317 -3.64523 -28
      vertex -46.7317 -3.64523 0
    endloop
  endfacet
  facet normal -0.813369 0.581748 0
    outer loop
      vertex -46.4764 -3.33854 -28
      vertex -46.2443 -3.01403 0
      vertex -46.2443 -3.01403 -28
    endloop
  endfacet
  facet normal -0.813369 0.581748 0
    outer loop
      vertex -46.2443 -3.01403 0
      vertex -46.4764 -3.33854 -28
      vertex -46.4764 -3.33854 0
    endloop
  endfacet
  facet normal 0.454009 0 -0.890997
    outer loop
      vertex -28.931 -6 -7.9899
      vertex -28.4023 6 -7.7205
      vertex -28.4023 -6 -7.7205
    endloop
  endfacet
  facet normal 0.454009 0 -0.890997
    outer loop
      vertex -28.4023 6 -7.7205
      vertex -28.931 -6 -7.9899
      vertex -28.931 6 -7.9899
    endloop
  endfacet
  facet normal 0.999846 0 -0.0175264
    outer loop
      vertex -37.9396 -6 -22.4067
      vertex -37.95 6 -23
      vertex -37.9396 6 -22.4067
    endloop
  endfacet
  facet normal 0.999846 0 -0.0175264
    outer loop
      vertex -37.95 6 -23
      vertex -37.9396 -6 -22.4067
      vertex -37.95 -6 -23
    endloop
  endfacet
  facet normal 0.945502 0 -0.325617
    outer loop
      vertex -36.9248 -6 -17.1857
      vertex -37.118 6 -17.7467
      vertex -36.9248 6 -17.1857
    endloop
  endfacet
  facet normal 0.945502 0 -0.325617
    outer loop
      vertex -37.118 6 -17.7467
      vertex -36.9248 -6 -17.1857
      vertex -37.118 -6 -17.7467
    endloop
  endfacet
  facet normal 0.987696 -0 0.156387
    outer loop
      vertex -37.7845 -6 -25.3659
      vertex -37.6917 6 -25.952
      vertex -37.7845 6 -25.3659
    endloop
  endfacet
  facet normal 0.987696 0 0.156387
    outer loop
      vertex -37.6917 6 -25.952
      vertex -37.7845 -6 -25.3659
      vertex -37.6917 -6 -25.952
    endloop
  endfacet
  facet normal 0.087167 0 -0.996194
    outer loop
      vertex -22.727 -6 -6.09314
      vertex -22.1358 6 -6.04141
      vertex -22.1358 -6 -6.04141
    endloop
  endfacet
  facet normal 0.087167 0 -0.996194
    outer loop
      vertex -22.1358 6 -6.04141
      vertex -22.727 -6 -6.09314
      vertex -22.727 6 -6.09314
    endloop
  endfacet
  facet normal 0.798643 0 -0.601805
    outer loop
      vertex -34.3462 -6 -12.5338
      vertex -34.7033 6 -13.0077
      vertex -34.3462 6 -12.5338
    endloop
  endfacet
  facet normal 0.798643 0 -0.601805
    outer loop
      vertex -34.7033 6 -13.0077
      vertex -34.3462 -6 -12.5338
      vertex -34.7033 -6 -13.0077
    endloop
  endfacet
  facet normal 0.258848 0 -0.965918
    outer loop
      vertex -25.6358 -6 -6.65855
      vertex -25.0627 6 -6.50497
      vertex -25.0627 -6 -6.50497
    endloop
  endfacet
  facet normal 0.258848 0 -0.965918
    outer loop
      vertex -25.0627 6 -6.50497
      vertex -25.6358 -6 -6.65855
      vertex -25.6358 6 -6.65855
    endloop
  endfacet
  facet normal 0.777123 0 -0.629348
    outer loop
      vertex -33.9727 -6 -12.0726
      vertex -34.3462 6 -12.5338
      vertex -33.9727 6 -12.0726
    endloop
  endfacet
  facet normal 0.777123 0 -0.629348
    outer loop
      vertex -34.3462 6 -12.5338
      vertex -33.9727 -6 -12.0726
      vertex -34.3462 -6 -12.5338
    endloop
  endfacet
  facet normal 0.573632 0 -0.819113
    outer loop
      vertex -30.9423 -6 -9.24672
      vertex -30.4563 6 -8.90637
      vertex -30.4563 -6 -8.90637
    endloop
  endfacet
  facet normal 0.573632 0 -0.819113
    outer loop
      vertex -30.4563 6 -8.90637
      vertex -30.9423 -6 -9.24672
      vertex -30.9423 6 -9.24672
    endloop
  endfacet
  facet normal 0.998635 -0 0.0522404
    outer loop
      vertex -37.9396 -6 -23.5933
      vertex -37.9086 6 -24.1859
      vertex -37.9396 6 -23.5933
    endloop
  endfacet
  facet normal 0.998635 0 0.0522404
    outer loop
      vertex -37.9086 6 -24.1859
      vertex -37.9396 -6 -23.5933
      vertex -37.9086 -6 -24.1859
    endloop
  endfacet
  facet normal 0.390748 0 -0.920498
    outer loop
      vertex -27.8645 -6 -7.46974
      vertex -27.3183 6 -7.23788
      vertex -27.3183 -6 -7.23788
    endloop
  endfacet
  facet normal 0.390748 0 -0.920498
    outer loop
      vertex -27.3183 6 -7.23788
      vertex -27.8645 -6 -7.46974
      vertex -27.8645 6 -7.46974
    endloop
  endfacet
  facet normal -0.587844 0 -0.808974
    outer loop
      vertex 34.9011 -6 -17.2217
      vertex 35.2245 6 -17.4567
      vertex 35.2245 -6 -17.4567
    endloop
  endfacet
  facet normal -0.587844 0 -0.808974
    outer loop
      vertex 35.2245 6 -17.4567
      vertex 34.9011 -6 -17.2217
      vertex 34.9011 6 -17.2217
    endloop
  endfacet
  facet normal -0.017459 0 -0.999848
    outer loop
      vertex -20.95 -6 -6
      vertex -20.3567 6 -6.01036
      vertex -20.3567 -6 -6.01036
    endloop
  endfacet
  facet normal -0.017459 0 -0.999848
    outer loop
      vertex -20.3567 6 -6.01036
      vertex -20.95 -6 -6
      vertex -20.95 6 -6
    endloop
  endfacet
  facet normal 0.819153 0 -0.573575
    outer loop
      vertex -34.7033 -6 -13.0077
      vertex -35.0436 6 -13.4937
      vertex -34.7033 6 -13.0077
    endloop
  endfacet
  facet normal 0.819153 0 -0.573575
    outer loop
      vertex -35.0436 6 -13.4937
      vertex -34.7033 -6 -13.0077
      vertex -35.0436 -6 -13.4937
    endloop
  endfacet
  facet normal 0.998635 0 -0.0522404
    outer loop
      vertex -37.9086 -6 -21.8141
      vertex -37.9396 6 -22.4067
      vertex -37.9086 6 -21.8141
    endloop
  endfacet
  facet normal 0.998635 0 -0.0522404
    outer loop
      vertex -37.9396 6 -22.4067
      vertex -37.9086 -6 -21.8141
      vertex -37.9396 -6 -22.4067
    endloop
  endfacet
  facet normal 0.920534 0 -0.390662
    outer loop
      vertex -36.4803 -6 -16.0855
      vertex -36.7121 6 -16.6317
      vertex -36.4803 6 -16.0855
    endloop
  endfacet
  facet normal 0.920534 0 -0.390662
    outer loop
      vertex -36.7121 6 -16.6317
      vertex -36.4803 -6 -16.0855
      vertex -36.7121 -6 -16.6317
    endloop
  endfacet
  facet normal 0.838678 0 -0.544627
    outer loop
      vertex -35.0436 -6 -13.4937
      vertex -35.3668 6 -13.9914
      vertex -35.0436 6 -13.4937
    endloop
  endfacet
  facet normal 0.838678 0 -0.544627
    outer loop
      vertex -35.3668 6 -13.9914
      vertex -35.0436 -6 -13.4937
      vertex -35.3668 -6 -13.9914
    endloop
  endfacet
  facet normal 0.96591 -0 0.258879
    outer loop
      vertex -37.445 -6 -27.1127
      vertex -37.2914 6 -27.6858
      vertex -37.445 6 -27.1127
    endloop
  endfacet
  facet normal 0.96591 0 0.258879
    outer loop
      vertex -37.2914 6 -27.6858
      vertex -37.445 -6 -27.1127
      vertex -37.2914 -6 -27.6858
    endloop
  endfacet
  facet normal -0.156446 0 -0.987687
    outer loop
      vertex -18.584 -6 -6.16545
      vertex -17.998 6 -6.25827
      vertex -17.998 -6 -6.25827
    endloop
  endfacet
  facet normal -0.156446 0 -0.987687
    outer loop
      vertex -17.998 6 -6.25827
      vertex -18.584 -6 -6.16545
      vertex -18.584 6 -6.16545
    endloop
  endfacet
  facet normal 0.224906 0 -0.97438
    outer loop
      vertex -25.0627 -6 -6.50497
      vertex -24.4845 6 -6.37151
      vertex -24.4845 -6 -6.37151
    endloop
  endfacet
  facet normal 0.224906 0 -0.97438
    outer loop
      vertex -24.4845 6 -6.37151
      vertex -25.0627 -6 -6.50497
      vertex -25.0627 6 -6.50497
    endloop
  endfacet
  facet normal 0.996197 0 -0.0871314
    outer loop
      vertex -37.8569 -6 -21.223
      vertex -37.9086 6 -21.8141
      vertex -37.8569 6 -21.223
    endloop
  endfacet
  facet normal 0.996197 0 -0.0871314
    outer loop
      vertex -37.9086 6 -21.8141
      vertex -37.8569 -6 -21.223
      vertex -37.9086 -6 -21.8141
    endloop
  endfacet
  facet normal 0.999846 -0 0.0175264
    outer loop
      vertex -37.95 -6 -23
      vertex -37.9396 6 -23.5933
      vertex -37.95 6 -23
    endloop
  endfacet
  facet normal 0.999846 0 0.0175264
    outer loop
      vertex -37.9396 6 -23.5933
      vertex -37.95 -6 -23
      vertex -37.9396 -6 -23.5933
    endloop
  endfacet
  facet normal -0.190831 0 -0.981623
    outer loop
      vertex -17.998 -6 -6.25827
      vertex -17.4155 6 -6.37151
      vertex -17.4155 -6 -6.37151
    endloop
  endfacet
  facet normal -0.190831 0 -0.981623
    outer loop
      vertex -17.4155 6 -6.37151
      vertex -17.998 -6 -6.25827
      vertex -17.998 6 -6.25827
    endloop
  endfacet
  facet normal 0.156419 0 -0.987691
    outer loop
      vertex -23.902 -6 -6.25827
      vertex -23.3159 6 -6.16545
      vertex -23.3159 -6 -6.16545
    endloop
  endfacet
  facet normal 0.156419 0 -0.987691
    outer loop
      vertex -23.3159 6 -6.16545
      vertex -23.902 -6 -6.25827
      vertex -23.902 6 -6.25827
    endloop
  endfacet
  facet normal 0.996197 -0 0.0871314
    outer loop
      vertex -37.9086 -6 -24.1859
      vertex -37.8569 6 -24.777
      vertex -37.9086 6 -24.1859
    endloop
  endfacet
  facet normal 0.996197 0 0.0871314
    outer loop
      vertex -37.8569 6 -24.777
      vertex -37.9086 -6 -24.1859
      vertex -37.8569 -6 -24.777
    endloop
  endfacet
  facet normal -0.226613 0 -0.973985
    outer loop
      vertex 32.3401 -6 -16.1394
      vertex 32.7295 6 -16.23
      vertex 32.7295 -6 -16.23
    endloop
  endfacet
  facet normal -0.226613 0 -0.973985
    outer loop
      vertex 32.7295 6 -16.23
      vertex 32.3401 -6 -16.1394
      vertex 32.3401 6 -16.1394
    endloop
  endfacet
  facet normal 0.292368 0 -0.956306
    outer loop
      vertex -26.2033 -6 -6.83205
      vertex -25.6358 6 -6.65855
      vertex -25.6358 -6 -6.65855
    endloop
  endfacet
  facet normal 0.292368 0 -0.956306
    outer loop
      vertex -25.6358 6 -6.65855
      vertex -26.2033 -6 -6.83205
      vertex -26.2033 6 -6.83205
    endloop
  endfacet
  facet normal 0.0523333 0 -0.99863
    outer loop
      vertex -22.1358 -6 -6.04141
      vertex -21.5433 6 -6.01036
      vertex -21.5433 -6 -6.01036
    endloop
  endfacet
  facet normal 0.0523333 0 -0.99863
    outer loop
      vertex -21.5433 6 -6.01036
      vertex -22.1358 -6 -6.04141
      vertex -22.1358 6 -6.04141
    endloop
  endfacet
  facet normal 0.981636 -0 0.190766
    outer loop
      vertex -37.6917 -6 -25.952
      vertex -37.5785 6 -26.5345
      vertex -37.6917 6 -25.952
    endloop
  endfacet
  facet normal 0.981636 0 0.190766
    outer loop
      vertex -37.5785 6 -26.5345
      vertex -37.6917 -6 -25.952
      vertex -37.5785 -6 -26.5345
    endloop
  endfacet
  facet normal 0.956356 -0 0.292203
    outer loop
      vertex -37.2914 -6 -27.6858
      vertex -37.1954 6 -28
      vertex -37.2914 6 -27.6858
    endloop
  endfacet
  facet normal 0.956356 0 0.292203
    outer loop
      vertex -37.1954 6 -28
      vertex -37.2914 -6 -27.6858
      vertex -37.1954 -6 -28
    endloop
  endfacet
  facet normal -0.825412 0 -0.564531
    outer loop
      vertex 36.8388 -6 -19.2155
      vertex 36.6131 6 -18.8855
      vertex 36.8388 6 -19.2155
    endloop
  endfacet
  facet normal -0.825412 -0 -0.564531
    outer loop
      vertex 36.6131 6 -18.8855
      vertex 36.8388 -6 -19.2155
      vertex 36.6131 -6 -18.8855
    endloop
  endfacet
  facet normal 0.121873 0 -0.992546
    outer loop
      vertex -23.3159 -6 -6.16545
      vertex -22.727 6 -6.09314
      vertex -22.727 -6 -6.09314
    endloop
  endfacet
  facet normal 0.121873 0 -0.992546
    outer loop
      vertex -22.727 6 -6.09314
      vertex -23.3159 -6 -6.16545
      vertex -23.3159 6 -6.16545
    endloop
  endfacet
  facet normal -0.93192 0 -0.362664
    outer loop
      vertex 37.5429 -6 -20.6477
      vertex 37.3979 6 -20.2751
      vertex 37.5429 6 -20.6477
    endloop
  endfacet
  facet normal -0.93192 -0 -0.362664
    outer loop
      vertex 37.3979 6 -20.2751
      vertex 37.5429 -6 -20.6477
      vertex 37.3979 -6 -20.2751
    endloop
  endfacet
  facet normal -0.951082 0 -0.308939
    outer loop
      vertex 37.6664 -6 -21.0279
      vertex 37.5429 6 -20.6477
      vertex 37.6664 6 -21.0279
    endloop
  endfacet
  facet normal -0.951082 -0 -0.308939
    outer loop
      vertex 37.5429 6 -20.6477
      vertex 37.6664 -6 -21.0279
      vertex 37.5429 -6 -20.6477
    endloop
  endfacet
  facet normal 0.544603 0 -0.838694
    outer loop
      vertex -30.4563 -6 -8.90637
      vertex -29.9586 6 -8.58319
      vertex -29.9586 -6 -8.58319
    endloop
  endfacet
  facet normal 0.544603 0 -0.838694
    outer loop
      vertex -29.9586 6 -8.58319
      vertex -30.4563 -6 -8.90637
      vertex -30.4563 6 -8.90637
    endloop
  endfacet
  facet normal 0.992527 -0 0.122022
    outer loop
      vertex -37.8569 -6 -24.777
      vertex -37.7845 6 -25.3659
      vertex -37.8569 6 -24.777
    endloop
  endfacet
  facet normal 0.992527 0 0.122022
    outer loop
      vertex -37.7845 6 -25.3659
      vertex -37.8569 -6 -24.777
      vertex -37.7845 -6 -25.3659
    endloop
  endfacet
  facet normal 0.906295 0 -0.422646
    outer loop
      vertex -36.2295 -6 -15.5477
      vertex -36.4803 6 -16.0855
      vertex -36.2295 6 -15.5477
    endloop
  endfacet
  facet normal 0.906295 0 -0.422646
    outer loop
      vertex -36.4803 6 -16.0855
      vertex -36.2295 -6 -15.5477
      vertex -36.4803 -6 -16.0855
    endloop
  endfacet
  facet normal 0.42259 0 -0.906321
    outer loop
      vertex -28.4023 -6 -7.7205
      vertex -27.8645 6 -7.46974
      vertex -27.8645 -6 -7.46974
    endloop
  endfacet
  facet normal 0.42259 0 -0.906321
    outer loop
      vertex -27.8645 6 -7.46974
      vertex -28.4023 -6 -7.7205
      vertex -28.4023 6 -7.7205
    endloop
  endfacet
  facet normal -0.19264 0 -0.981269
    outer loop
      vertex -17.4155 -6 -6.37151
      vertex 32.3401 6 -16.1394
      vertex 32.3401 -6 -16.1394
    endloop
  endfacet
  facet normal -0.19264 0 -0.981269
    outer loop
      vertex 32.3401 6 -16.1394
      vertex -17.4155 -6 -6.37151
      vertex -17.4155 6 -6.37151
    endloop
  endfacet
  facet normal 0.325602 0 -0.945507
    outer loop
      vertex -26.7643 -6 -7.02524
      vertex -26.2033 6 -6.83205
      vertex -26.2033 -6 -6.83205
    endloop
  endfacet
  facet normal 0.325602 0 -0.945507
    outer loop
      vertex -26.2033 6 -6.83205
      vertex -26.7643 -6 -7.02524
      vertex -26.7643 6 -7.02524
    endloop
  endfacet
  facet normal 0.515066 0 -0.857151
    outer loop
      vertex -29.9586 -6 -8.58319
      vertex -29.45 6 -8.27757
      vertex -29.45 -6 -8.27757
    endloop
  endfacet
  facet normal 0.515066 0 -0.857151
    outer loop
      vertex -29.45 6 -8.27757
      vertex -29.9586 -6 -8.58319
      vertex -29.9586 6 -8.58319
    endloop
  endfacet
  facet normal -0.0523244 0 -0.99863
    outer loop
      vertex -20.3567 -6 -6.01036
      vertex -19.7641 6 -6.04141
      vertex -19.7641 -6 -6.04141
    endloop
  endfacet
  facet normal -0.0523244 0 -0.99863
    outer loop
      vertex -19.7641 6 -6.04141
      vertex -20.3567 -6 -6.01036
      vertex -20.3567 6 -6.01036
    endloop
  endfacet
  facet normal 0.992527 0 -0.122022
    outer loop
      vertex -37.7845 -6 -20.6341
      vertex -37.8569 6 -21.223
      vertex -37.7845 6 -20.6341
    endloop
  endfacet
  facet normal 0.992527 0 -0.122022
    outer loop
      vertex -37.8569 6 -21.223
      vertex -37.7845 -6 -20.6341
      vertex -37.8569 -6 -21.223
    endloop
  endfacet
  facet normal 0.857166 0 -0.515041
    outer loop
      vertex -35.3668 -6 -13.9914
      vertex -35.6724 6 -14.5
      vertex -35.3668 6 -13.9914
    endloop
  endfacet
  facet normal 0.857166 0 -0.515041
    outer loop
      vertex -35.6724 6 -14.5
      vertex -35.3668 -6 -13.9914
      vertex -35.6724 -6 -14.5
    endloop
  endfacet
  facet normal 0.974366 -0 0.22497
    outer loop
      vertex -37.5785 -6 -26.5345
      vertex -37.445 6 -27.1127
      vertex -37.5785 6 -26.5345
    endloop
  endfacet
  facet normal 0.974366 0 0.22497
    outer loop
      vertex -37.445 6 -27.1127
      vertex -37.5785 -6 -26.5345
      vertex -37.445 -6 -27.1127
    endloop
  endfacet
  facet normal 0.484788 0 -0.874631
    outer loop
      vertex -29.45 -6 -8.27757
      vertex -28.931 6 -7.9899
      vertex -28.931 -6 -7.9899
    endloop
  endfacet
  facet normal 0.484788 0 -0.874631
    outer loop
      vertex -28.931 6 -7.9899
      vertex -29.45 -6 -8.27757
      vertex -29.45 6 -8.27757
    endloop
  endfacet
  facet normal 0.987696 0 -0.156387
    outer loop
      vertex -37.6917 -6 -20.048
      vertex -37.7845 6 -20.6341
      vertex -37.6917 6 -20.048
    endloop
  endfacet
  facet normal 0.987696 0 -0.156387
    outer loop
      vertex -37.7845 6 -20.6341
      vertex -37.6917 -6 -20.048
      vertex -37.7845 -6 -20.6341
    endloop
  endfacet
  facet normal 0.190831 0 -0.981623
    outer loop
      vertex -24.4845 -6 -6.37151
      vertex -23.902 6 -6.25827
      vertex -23.902 -6 -6.25827
    endloop
  endfacet
  facet normal 0.190831 0 -0.981623
    outer loop
      vertex -23.902 6 -6.25827
      vertex -24.4845 -6 -6.37151
      vertex -24.4845 6 -6.37151
    endloop
  endfacet
  facet normal 0.358338 0 -0.933592
    outer loop
      vertex -27.3183 -6 -7.23788
      vertex -26.7643 6 -7.02524
      vertex -26.7643 -6 -7.02524
    endloop
  endfacet
  facet normal 0.358338 0 -0.933592
    outer loop
      vertex -26.7643 6 -7.02524
      vertex -27.3183 -6 -7.23788
      vertex -27.3183 6 -7.23788
    endloop
  endfacet
  facet normal 0.707107 0 -0.707107
    outer loop
      vertex -32.7592 -6 -10.7712
      vertex -33.1788 6 -11.1908
      vertex -32.7592 6 -10.7712
    endloop
  endfacet
  facet normal 0.707107 0 -0.707107
    outer loop
      vertex -33.1788 6 -11.1908
      vertex -32.7592 -6 -10.7712
      vertex -33.1788 -6 -11.1908
    endloop
  endfacet
  facet normal -0.336194 0 -0.941793
    outer loop
      vertex 33.1131 -6 -16.3426
      vertex 33.4896 6 -16.477
      vertex 33.4896 -6 -16.477
    endloop
  endfacet
  facet normal -0.336194 0 -0.941793
    outer loop
      vertex 33.4896 6 -16.477
      vertex 33.1131 -6 -16.3426
      vertex 33.1131 6 -16.3426
    endloop
  endfacet
  facet normal 0.956353 0 -0.292214
    outer loop
      vertex -37.118 -6 -17.7467
      vertex -37.2914 6 -18.3142
      vertex -37.118 6 -17.7467
    endloop
  endfacet
  facet normal 0.956353 0 -0.292214
    outer loop
      vertex -37.2914 6 -18.3142
      vertex -37.118 -6 -17.7467
      vertex -37.2914 -6 -18.3142
    endloop
  endfacet
  facet normal 0.933558 0 -0.358426
    outer loop
      vertex -36.7121 -6 -16.6317
      vertex -36.9248 6 -17.1857
      vertex -36.7121 6 -16.6317
    endloop
  endfacet
  facet normal 0.933558 0 -0.358426
    outer loop
      vertex -36.9248 6 -17.1857
      vertex -36.7121 -6 -16.6317
      vertex -36.9248 -6 -17.1857
    endloop
  endfacet
  facet normal 0.629277 0 -0.777181
    outer loop
      vertex -31.8774 -6 -9.97725
      vertex -31.4162 6 -9.60382
      vertex -31.4162 -6 -9.60382
    endloop
  endfacet
  facet normal 0.629277 0 -0.777181
    outer loop
      vertex -31.4162 6 -9.60382
      vertex -31.8774 -6 -9.97725
      vertex -31.8774 6 -9.97725
    endloop
  endfacet
  facet normal 0.017459 0 -0.999848
    outer loop
      vertex -21.5433 -6 -6.01036
      vertex -20.95 6 -6
      vertex -20.95 -6 -6
    endloop
  endfacet
  facet normal 0.017459 0 -0.999848
    outer loop
      vertex -20.95 6 -6
      vertex -21.5433 -6 -6.01036
      vertex -21.5433 6 -6.01036
    endloop
  endfacet
  facet normal -0.856432 0 -0.51626
    outer loop
      vertex 37.0452 -6 -19.5579
      vertex 36.8388 6 -19.2155
      vertex 37.0452 6 -19.5579
    endloop
  endfacet
  facet normal -0.856432 -0 -0.51626
    outer loop
      vertex 36.8388 6 -19.2155
      vertex 37.0452 -6 -19.5579
      vertex 36.8388 -6 -19.2155
    endloop
  endfacet
  facet normal -0.121853 0 -0.992548
    outer loop
      vertex -19.173 -6 -6.09314
      vertex -18.584 6 -6.16545
      vertex -18.584 -6 -6.16545
    endloop
  endfacet
  facet normal -0.121853 0 -0.992548
    outer loop
      vertex -18.584 6 -6.16545
      vertex -19.173 -6 -6.09314
      vertex -19.173 6 -6.09314
    endloop
  endfacet
  facet normal -0.0871816 0 -0.996192
    outer loop
      vertex -19.7641 -6 -6.04141
      vertex -19.173 6 -6.09314
      vertex -19.173 -6 -6.09314
    endloop
  endfacet
  facet normal -0.0871816 0 -0.996192
    outer loop
      vertex -19.173 6 -6.09314
      vertex -19.7641 -6 -6.04141
      vertex -19.7641 6 -6.04141
    endloop
  endfacet
  facet normal 0.656043 0 -0.754723
    outer loop
      vertex -32.3252 -6 -10.3665
      vertex -31.8774 6 -9.97725
      vertex -31.8774 -6 -9.97725
    endloop
  endfacet
  facet normal 0.656043 0 -0.754723
    outer loop
      vertex -31.8774 6 -9.97725
      vertex -32.3252 -6 -10.3665
      vertex -32.3252 6 -10.3665
    endloop
  endfacet
  facet normal 0.754765 0 -0.655995
    outer loop
      vertex -33.5835 -6 -11.6248
      vertex -33.9727 6 -12.0726
      vertex -33.5835 6 -11.6248
    endloop
  endfacet
  facet normal 0.754765 0 -0.655995
    outer loop
      vertex -33.9727 6 -12.0726
      vertex -33.5835 -6 -11.6248
      vertex -33.9727 -6 -12.0726
    endloop
  endfacet
  facet normal 0.601805 0 -0.798643
    outer loop
      vertex -31.4162 -6 -9.60382
      vertex -30.9423 6 -9.24672
      vertex -30.9423 -6 -9.24672
    endloop
  endfacet
  facet normal 0.601805 0 -0.798643
    outer loop
      vertex -30.9423 6 -9.24672
      vertex -31.4162 -6 -9.60382
      vertex -31.4162 6 -9.60382
    endloop
  endfacet
  facet normal -0.791945 0 -0.610593
    outer loop
      vertex 36.6131 -6 -18.8855
      vertex 36.369 6 -18.5689
      vertex 36.6131 6 -18.8855
    endloop
  endfacet
  facet normal -0.791945 -0 -0.610593
    outer loop
      vertex 36.369 6 -18.5689
      vertex 36.6131 -6 -18.8855
      vertex 36.369 -6 -18.5689
    endloop
  endfacet
  facet normal 0.96591 0 -0.258879
    outer loop
      vertex -37.2914 -6 -18.3142
      vertex -37.445 6 -18.8873
      vertex -37.2914 6 -18.3142
    endloop
  endfacet
  facet normal 0.96591 0 -0.258879
    outer loop
      vertex -37.445 6 -18.8873
      vertex -37.2914 -6 -18.3142
      vertex -37.445 -6 -18.8873
    endloop
  endfacet
  facet normal 0.890997 0 -0.454009
    outer loop
      vertex -35.9601 -6 -15.019
      vertex -36.2295 6 -15.5477
      vertex -35.9601 6 -15.019
    endloop
  endfacet
  facet normal 0.890997 0 -0.454009
    outer loop
      vertex -36.2295 6 -15.5477
      vertex -35.9601 -6 -15.019
      vertex -36.2295 -6 -15.5477
    endloop
  endfacet
  facet normal -0.967043 0 -0.254614
    outer loop
      vertex 37.6976 -6 -21.1464
      vertex 37.6664 6 -21.0279
      vertex 37.6976 6 -21.1464
    endloop
  endfacet
  facet normal -0.967043 -0 -0.254614
    outer loop
      vertex 37.6664 6 -21.0279
      vertex 37.6976 -6 -21.1464
      vertex 37.6664 -6 -21.0279
    endloop
  endfacet
  facet normal 0.87461 0 -0.484827
    outer loop
      vertex -35.6724 -6 -14.5
      vertex -35.9601 6 -15.019
      vertex -35.6724 6 -14.5
    endloop
  endfacet
  facet normal 0.87461 0 -0.484827
    outer loop
      vertex -35.9601 6 -15.019
      vertex -35.6724 -6 -14.5
      vertex -35.9601 -6 -15.019
    endloop
  endfacet
  facet normal 0.981636 0 -0.190766
    outer loop
      vertex -37.5785 -6 -19.4655
      vertex -37.6917 6 -20.048
      vertex -37.5785 6 -19.4655
    endloop
  endfacet
  facet normal 0.981636 0 -0.190766
    outer loop
      vertex -37.6917 6 -20.048
      vertex -37.5785 -6 -19.4655
      vertex -37.6917 -6 -20.048
    endloop
  endfacet
  facet normal 0.974366 0 -0.22497
    outer loop
      vertex -37.445 -6 -18.8873
      vertex -37.5785 6 -19.4655
      vertex -37.445 6 -18.8873
    endloop
  endfacet
  facet normal 0.974366 0 -0.22497
    outer loop
      vertex -37.5785 6 -19.4655
      vertex -37.445 -6 -18.8873
      vertex -37.5785 -6 -19.4655
    endloop
  endfacet
  facet normal -0.909585 0 -0.415517
    outer loop
      vertex 37.3979 -6 -20.2751
      vertex 37.2318 6 -19.9115
      vertex 37.3979 6 -20.2751
    endloop
  endfacet
  facet normal -0.909585 -0 -0.415517
    outer loop
      vertex 37.2318 6 -19.9115
      vertex 37.3979 -6 -20.2751
      vertex 37.2318 -6 -19.9115
    endloop
  endfacet
  facet normal -0.884408 0 -0.466715
    outer loop
      vertex 37.2318 -6 -19.9115
      vertex 37.0452 6 -19.5579
      vertex 37.2318 6 -19.9115
    endloop
  endfacet
  facet normal -0.884408 -0 -0.466715
    outer loop
      vertex 37.0452 6 -19.5579
      vertex 37.2318 -6 -19.9115
      vertex 37.0452 -6 -19.5579
    endloop
  endfacet
  facet normal 0.731363 0 -0.681988
    outer loop
      vertex -33.1788 -6 -11.1908
      vertex -33.5835 6 -11.6248
      vertex -33.1788 6 -11.1908
    endloop
  endfacet
  facet normal 0.731363 0 -0.681988
    outer loop
      vertex -33.5835 6 -11.6248
      vertex -33.1788 -6 -11.1908
      vertex -33.5835 -6 -11.6248
    endloop
  endfacet
  facet normal -0.281652 0 -0.959517
    outer loop
      vertex 32.7295 -6 -16.23
      vertex 33.1131 6 -16.3426
      vertex 33.1131 -6 -16.3426
    endloop
  endfacet
  facet normal -0.281652 0 -0.959517
    outer loop
      vertex 33.1131 6 -16.3426
      vertex 32.7295 -6 -16.23
      vertex 32.7295 6 -16.23
    endloop
  endfacet
  facet normal -0.717165 0 -0.696903
    outer loop
      vertex 36.1072 -6 -18.2668
      vertex 35.8286 6 -17.9801
      vertex 36.1072 6 -18.2668
    endloop
  endfacet
  facet normal -0.717165 -0 -0.696903
    outer loop
      vertex 35.8286 6 -17.9801
      vertex 36.1072 -6 -18.2668
      vertex 35.8286 -6 -17.9801
    endloop
  endfacet
  facet normal -0.633047 0 -0.774113
    outer loop
      vertex 35.2245 -6 -17.4567
      vertex 35.534 6 -17.7098
      vertex 35.534 -6 -17.7098
    endloop
  endfacet
  facet normal -0.633047 0 -0.774113
    outer loop
      vertex 35.534 6 -17.7098
      vertex 35.2245 -6 -17.4567
      vertex 35.2245 6 -17.4567
    endloop
  endfacet
  facet normal -0.441201 0 -0.897408
    outer loop
      vertex 33.8579 -6 -16.6326
      vertex 34.2167 6 -16.809
      vertex 34.2167 -6 -16.809
    endloop
  endfacet
  facet normal -0.441201 0 -0.897408
    outer loop
      vertex 34.2167 6 -16.809
      vertex 33.8579 -6 -16.6326
      vertex 33.8579 6 -16.6326
    endloop
  endfacet
  facet normal -0.491769 0 -0.870726
    outer loop
      vertex 34.2167 -6 -16.809
      vertex 34.5648 6 -17.0056
      vertex 34.5648 -6 -17.0056
    endloop
  endfacet
  facet normal -0.491769 0 -0.870726
    outer loop
      vertex 34.5648 6 -17.0056
      vertex 34.2167 -6 -16.809
      vertex 34.2167 6 -16.809
    endloop
  endfacet
  facet normal -0.676064 0 -0.736843
    outer loop
      vertex 35.534 -6 -17.7098
      vertex 35.8286 6 -17.9801
      vertex 35.8286 -6 -17.9801
    endloop
  endfacet
  facet normal -0.676064 0 -0.736843
    outer loop
      vertex 35.8286 6 -17.9801
      vertex 35.534 -6 -17.7098
      vertex 35.534 6 -17.7098
    endloop
  endfacet
  facet normal -0.389175 0 -0.921164
    outer loop
      vertex 33.4896 -6 -16.477
      vertex 33.8579 6 -16.6326
      vertex 33.8579 -6 -16.6326
    endloop
  endfacet
  facet normal -0.389175 0 -0.921164
    outer loop
      vertex 33.8579 6 -16.6326
      vertex 33.4896 -6 -16.477
      vertex 33.4896 6 -16.477
    endloop
  endfacet
  facet normal -0.755714 0 -0.654902
    outer loop
      vertex 36.369 -6 -18.5689
      vertex 36.1072 6 -18.2668
      vertex 36.369 6 -18.5689
    endloop
  endfacet
  facet normal -0.755714 -0 -0.654902
    outer loop
      vertex 36.1072 6 -18.2668
      vertex 36.369 -6 -18.5689
      vertex 36.1072 -6 -18.2668
    endloop
  endfacet
  facet normal 0.681988 0 -0.731363
    outer loop
      vertex -32.7592 -6 -10.7712
      vertex -32.3252 6 -10.3665
      vertex -32.3252 -6 -10.3665
    endloop
  endfacet
  facet normal 0.681988 0 -0.731363
    outer loop
      vertex -32.3252 6 -10.3665
      vertex -32.7592 -6 -10.7712
      vertex -32.7592 6 -10.7712
    endloop
  endfacet
  facet normal -0.540593 0 -0.841284
    outer loop
      vertex 34.5648 -6 -17.0056
      vertex 34.9011 6 -17.2217
      vertex 34.9011 -6 -17.2217
    endloop
  endfacet
  facet normal -0.540593 0 -0.841284
    outer loop
      vertex 34.9011 6 -17.2217
      vertex 34.5648 -6 -17.0056
      vertex 34.5648 6 -17.0056
    endloop
  endfacet
  facet normal -1 0 0
    outer loop
      vertex 38.95 -6 -28
      vertex 38.95 6 -21
      vertex 38.95 6 -28
    endloop
  endfacet
  facet normal -1 -0 0
    outer loop
      vertex 38.95 6 -21
      vertex 38.95 -6 -28
      vertex 38.95 -6 -21
    endloop
  endfacet
  facet normal 0.116105 0 -0.993237
    outer loop
      vertex 37.6976 -6 -21.1464
      vertex 38.95 6 -21
      vertex 38.95 -6 -21
    endloop
  endfacet
  facet normal 0.116105 0 -0.993237
    outer loop
      vertex 38.95 6 -21
      vertex 37.6976 -6 -21.1464
      vertex 37.6976 6 -21.1464
    endloop
  endfacet
  facet normal 1 -0 0
    outer loop
      vertex 47.2375 4.13755 0
      vertex 47.2375 6 -6
      vertex 47.2375 6 0
    endloop
  endfacet
  facet normal 1 0 0
    outer loop
      vertex 47.2375 6 -6
      vertex 47.2375 4.13755 0
      vertex 47.2375 4.13755 -6
    endloop
  endfacet
  facet normal 1 -0 0
    outer loop
      vertex 47.2375 -6 0
      vertex 47.2375 -4.13755 -6
      vertex 47.2375 -4.13755 0
    endloop
  endfacet
  facet normal 1 0 0
    outer loop
      vertex 47.2375 -4.13755 -6
      vertex 47.2375 -6 0
      vertex 47.2375 -6 -6
    endloop
  endfacet
  facet normal -1 0 0
    outer loop
      vertex -47.2375 4.13755 -6
      vertex -47.2375 6 0
      vertex -47.2375 6 -6
    endloop
  endfacet
  facet normal -1 -0 0
    outer loop
      vertex -47.2375 6 0
      vertex -47.2375 4.13755 -6
      vertex -47.2375 4.13755 0
    endloop
  endfacet
  facet normal -1 0 0
    outer loop
      vertex -47.2375 -6 -6
      vertex -47.2375 -4.13755 0
      vertex -47.2375 -4.13755 -6
    endloop
  endfacet
  facet normal -1 -0 0
    outer loop
      vertex -47.2375 -4.13755 0
      vertex -47.2375 -6 -6
      vertex -47.2375 -6 0
    endloop
  endfacet
  facet normal 0 1 -0
    outer loop
      vertex -17.4155 6 -6.37151
      vertex -22.2375 6 0
      vertex 47.2375 6 0
    endloop
  endfacet
  facet normal 0 1 -0
    outer loop
      vertex -23.3159 6 -6.16545
      vertex -25.2375 6 -1.5
      vertex -22.2375 6 -1.5
    endloop
  endfacet
  facet normal 0 1 0
    outer loop
      vertex -25.6358 6 -6.65855
      vertex -25.2375 6 -1.5
      vertex -25.0627 6 -6.50497
    endloop
  endfacet
  facet normal 0 1 0
    outer loop
      vertex -25.2375 6 -1.5
      vertex -26.2033 6 -6.83205
      vertex -29.2375 6 -1.5
    endloop
  endfacet
  facet normal 0 1 -0
    outer loop
      vertex -27.8645 6 -7.46974
      vertex -29.2375 6 -1.5
      vertex -27.3183 6 -7.23788
    endloop
  endfacet
  facet normal 0 1 0
    outer loop
      vertex 32.3401 6 -16.1394
      vertex 47.2375 6 0
      vertex 46.7375 6 -6
    endloop
  endfacet
  facet normal 0 1 0
    outer loop
      vertex 46.7375 6 -6
      vertex 47.2375 6 0
      vertex 47.2375 6 -6
    endloop
  endfacet
  facet normal 0 1 -0
    outer loop
      vertex -25.2375 6 -1.5
      vertex -29.2375 6 0
      vertex -25.2375 6 0
    endloop
  endfacet
  facet normal 0 1 0
    outer loop
      vertex -29.2375 6 0
      vertex -25.2375 6 -1.5
      vertex -29.2375 6 -1.5
    endloop
  endfacet
  facet normal 0 1 -0
    outer loop
      vertex -32.2375 6 -1.5
      vertex -36.2375 6 0
      vertex -32.2375 6 0
    endloop
  endfacet
  facet normal 0 1 0
    outer loop
      vertex -36.2375 6 0
      vertex -32.2375 6 -1.5
      vertex -36.2375 6 -1.5
    endloop
  endfacet
  facet normal 0 1 -0
    outer loop
      vertex -39.2375 6 -1.5
      vertex -47.2375 6 0
      vertex -39.2375 6 0
    endloop
  endfacet
  facet normal 0 1 0
    outer loop
      vertex -22.2375 6 0
      vertex -17.4155 6 -6.37151
      vertex -22.2375 6 -1.5
    endloop
  endfacet
  facet normal -0 1 -0
    outer loop
      vertex -19.173 6 -6.09314
      vertex -22.2375 6 -1.5
      vertex -18.584 6 -6.16545
    endloop
  endfacet
  facet normal 0 1 -0
    outer loop
      vertex -22.1358 6 -6.04141
      vertex -22.2375 6 -1.5
      vertex -21.5433 6 -6.01036
    endloop
  endfacet
  facet normal 0 1 0
    outer loop
      vertex -22.727 6 -6.09314
      vertex -22.2375 6 -1.5
      vertex -22.1358 6 -6.04141
    endloop
  endfacet
  facet normal 0 1 0
    outer loop
      vertex -47.2375 6 0
      vertex -46.7375 6 -6
      vertex -47.2375 6 -6
    endloop
  endfacet
  facet normal 0 1 0
    outer loop
      vertex -23.3159 6 -6.16545
      vertex -22.2375 6 -1.5
      vertex -22.727 6 -6.09314
    endloop
  endfacet
  facet normal 0 1 0
    outer loop
      vertex -25.2375 6 -1.5
      vertex -23.3159 6 -6.16545
      vertex -23.902 6 -6.25827
    endloop
  endfacet
  facet normal 0 1 0
    outer loop
      vertex -25.2375 6 -1.5
      vertex -23.902 6 -6.25827
      vertex -24.4845 6 -6.37151
    endloop
  endfacet
  facet normal 0 1 0
    outer loop
      vertex -25.2375 6 -1.5
      vertex -24.4845 6 -6.37151
      vertex -25.0627 6 -6.50497
    endloop
  endfacet
  facet normal 0 1 0
    outer loop
      vertex -26.2033 6 -6.83205
      vertex -25.2375 6 -1.5
      vertex -25.6358 6 -6.65855
    endloop
  endfacet
  facet normal 0 1 -0
    outer loop
      vertex -26.7643 6 -7.02524
      vertex -29.2375 6 -1.5
      vertex -26.2033 6 -6.83205
    endloop
  endfacet
  facet normal 0 1 -0
    outer loop
      vertex -27.3183 6 -7.23788
      vertex -29.2375 6 -1.5
      vertex -26.7643 6 -7.02524
    endloop
  endfacet
  facet normal 0 1 -0
    outer loop
      vertex -28.4023 6 -7.7205
      vertex -29.2375 6 -1.5
      vertex -27.8645 6 -7.46974
    endloop
  endfacet
  facet normal 0 1 -0
    outer loop
      vertex -28.931 6 -7.9899
      vertex -29.2375 6 -1.5
      vertex -28.4023 6 -7.7205
    endloop
  endfacet
  facet normal 0 1 0
    outer loop
      vertex -29.2375 6 -1.5
      vertex -28.931 6 -7.9899
      vertex -32.2375 6 -1.5
    endloop
  endfacet
  facet normal 0 1 -0
    outer loop
      vertex -29.45 6 -8.27757
      vertex -32.2375 6 -1.5
      vertex -28.931 6 -7.9899
    endloop
  endfacet
  facet normal 0 1 -0
    outer loop
      vertex -29.9586 6 -8.58319
      vertex -32.2375 6 -1.5
      vertex -29.45 6 -8.27757
    endloop
  endfacet
  facet normal 0 1 -0
    outer loop
      vertex -30.4563 6 -8.90637
      vertex -32.2375 6 -1.5
      vertex -29.9586 6 -8.58319
    endloop
  endfacet
  facet normal 0 1 -0
    outer loop
      vertex -30.9423 6 -9.24672
      vertex -32.2375 6 -1.5
      vertex -30.4563 6 -8.90637
    endloop
  endfacet
  facet normal 0 1 -0
    outer loop
      vertex -31.4162 6 -9.60382
      vertex -32.2375 6 -1.5
      vertex -30.9423 6 -9.24672
    endloop
  endfacet
  facet normal 0 1 0
    outer loop
      vertex -32.2375 6 -1.5
      vertex -31.4162 6 -9.60382
      vertex -36.2375 6 -1.5
    endloop
  endfacet
  facet normal 0 1 -0
    outer loop
      vertex -31.8774 6 -9.97725
      vertex -36.2375 6 -1.5
      vertex -31.4162 6 -9.60382
    endloop
  endfacet
  facet normal 0 1 -0
    outer loop
      vertex -32.3252 6 -10.3665
      vertex -36.2375 6 -1.5
      vertex -31.8774 6 -9.97725
    endloop
  endfacet
  facet normal 0 1 0
    outer loop
      vertex -39.2375 6 -1.5
      vertex -46.7375 6 -6
      vertex -47.2375 6 0
    endloop
  endfacet
  facet normal 0 1 -0
    outer loop
      vertex -32.7592 6 -10.7712
      vertex -36.2375 6 -1.5
      vertex -32.3252 6 -10.3665
    endloop
  endfacet
  facet normal 0 1 -0
    outer loop
      vertex -33.1788 6 -11.1908
      vertex -36.2375 6 -1.5
      vertex -32.7592 6 -10.7712
    endloop
  endfacet
  facet normal 0 1 0
    outer loop
      vertex -36.2375 6 -1.5
      vertex -33.1788 6 -11.1908
      vertex -39.2375 6 -1.5
    endloop
  endfacet
  facet normal 0 1 -0
    outer loop
      vertex -33.5835 6 -11.6248
      vertex -39.2375 6 -1.5
      vertex -33.1788 6 -11.1908
    endloop
  endfacet
  facet normal 0 1 -0
    outer loop
      vertex -33.9727 6 -12.0726
      vertex -39.2375 6 -1.5
      vertex -33.5835 6 -11.6248
    endloop
  endfacet
  facet normal 0 1 -0
    outer loop
      vertex -34.3462 6 -12.5338
      vertex -39.2375 6 -1.5
      vertex -33.9727 6 -12.0726
    endloop
  endfacet
  facet normal 0 1 0
    outer loop
      vertex -39.2375 6 -1.5
      vertex -34.3462 6 -12.5338
      vertex -46.7375 6 -6
    endloop
  endfacet
  facet normal 0 1 -0
    outer loop
      vertex -34.7033 6 -13.0077
      vertex -46.7375 6 -6
      vertex -34.3462 6 -12.5338
    endloop
  endfacet
  facet normal 0 1 -0
    outer loop
      vertex -35.0436 6 -13.4937
      vertex -46.7375 6 -6
      vertex -34.7033 6 -13.0077
    endloop
  endfacet
  facet normal 0 1 -0
    outer loop
      vertex -35.3668 6 -13.9914
      vertex -46.7375 6 -6
      vertex -35.0436 6 -13.4937
    endloop
  endfacet
  facet normal 0 1 -0
    outer loop
      vertex -35.6724 6 -14.5
      vertex -46.7375 6 -6
      vertex -35.3668 6 -13.9914
    endloop
  endfacet
  facet normal 0 1 -0
    outer loop
      vertex -35.9601 6 -15.019
      vertex -46.7375 6 -6
      vertex -35.6724 6 -14.5
    endloop
  endfacet
  facet normal 0 1 -0
    outer loop
      vertex -36.2295 6 -15.5477
      vertex -46.7375 6 -6
      vertex -35.9601 6 -15.019
    endloop
  endfacet
  facet normal 0 1 -0
    outer loop
      vertex -36.4803 6 -16.0855
      vertex -46.7375 6 -6
      vertex -36.2295 6 -15.5477
    endloop
  endfacet
  facet normal 0 1 -0
    outer loop
      vertex -36.7121 6 -16.6317
      vertex -46.7375 6 -6
      vertex -36.4803 6 -16.0855
    endloop
  endfacet
  facet normal 0 1 -0
    outer loop
      vertex -36.9248 6 -17.1857
      vertex -46.7375 6 -6
      vertex -36.7121 6 -16.6317
    endloop
  endfacet
  facet normal 0 1 -0
    outer loop
      vertex -37.118 6 -17.7467
      vertex -46.7375 6 -6
      vertex -36.9248 6 -17.1857
    endloop
  endfacet
  facet normal 0 1 -0
    outer loop
      vertex -37.2914 6 -18.3142
      vertex -46.7375 6 -6
      vertex -37.118 6 -17.7467
    endloop
  endfacet
  facet normal 0 1 -0
    outer loop
      vertex -37.445 6 -18.8873
      vertex -46.7375 6 -6
      vertex -37.2914 6 -18.3142
    endloop
  endfacet
  facet normal 0 1 -0
    outer loop
      vertex -37.5785 6 -19.4655
      vertex -46.7375 6 -6
      vertex -37.445 6 -18.8873
    endloop
  endfacet
  facet normal 0 1 0
    outer loop
      vertex -46.7375 6 -28
      vertex -37.5785 6 -19.4655
      vertex -37.6917 6 -20.048
    endloop
  endfacet
  facet normal 0 1 0
    outer loop
      vertex -46.7375 6 -28
      vertex -37.6917 6 -20.048
      vertex -37.7845 6 -20.6341
    endloop
  endfacet
  facet normal 0 1 0
    outer loop
      vertex -46.7375 6 -28
      vertex -37.7845 6 -20.6341
      vertex -37.8569 6 -21.223
    endloop
  endfacet
  facet normal 0 1 0
    outer loop
      vertex -46.7375 6 -28
      vertex -37.8569 6 -21.223
      vertex -37.9086 6 -21.8141
    endloop
  endfacet
  facet normal 0 1 0
    outer loop
      vertex -46.7375 6 -28
      vertex -37.9086 6 -21.8141
      vertex -37.9396 6 -22.4067
    endloop
  endfacet
  facet normal 0 1 0
    outer loop
      vertex -46.7375 6 -28
      vertex -37.9396 6 -22.4067
      vertex -37.95 6 -23
    endloop
  endfacet
  facet normal 0 1 0
    outer loop
      vertex -46.7375 6 -28
      vertex -37.95 6 -23
      vertex -37.9396 6 -23.5933
    endloop
  endfacet
  facet normal 0 1 0
    outer loop
      vertex -46.7375 6 -28
      vertex -37.9396 6 -23.5933
      vertex -37.9086 6 -24.1859
    endloop
  endfacet
  facet normal 0 1 0
    outer loop
      vertex -46.7375 6 -28
      vertex -37.9086 6 -24.1859
      vertex -37.8569 6 -24.777
    endloop
  endfacet
  facet normal 0 1 0
    outer loop
      vertex -46.7375 6 -28
      vertex -37.8569 6 -24.777
      vertex -37.7845 6 -25.3659
    endloop
  endfacet
  facet normal 0 1 0
    outer loop
      vertex -46.7375 6 -28
      vertex -37.7845 6 -25.3659
      vertex -37.6917 6 -25.952
    endloop
  endfacet
  facet normal 0 1 0
    outer loop
      vertex -46.7375 6 -28
      vertex -37.6917 6 -25.952
      vertex -37.5785 6 -26.5345
    endloop
  endfacet
  facet normal 0 1 0
    outer loop
      vertex -46.7375 6 -28
      vertex -37.5785 6 -26.5345
      vertex -37.445 6 -27.1127
    endloop
  endfacet
  facet normal 0 1 0
    outer loop
      vertex -46.7375 6 -28
      vertex -37.445 6 -27.1127
      vertex -37.2914 6 -27.6858
    endloop
  endfacet
  facet normal 0 1 0
    outer loop
      vertex -46.7375 6 -28
      vertex -37.2914 6 -27.6858
      vertex -37.1954 6 -28
    endloop
  endfacet
  facet normal 0 1 0
    outer loop
      vertex -37.5785 6 -19.4655
      vertex -46.7375 6 -28
      vertex -46.7375 6 -6
    endloop
  endfacet
  facet normal 0 1 -0
    outer loop
      vertex -21.5433 6 -6.01036
      vertex -22.2375 6 -1.5
      vertex -20.95 6 -6
    endloop
  endfacet
  facet normal -0 1 -0
    outer loop
      vertex -20.95 6 -6
      vertex -22.2375 6 -1.5
      vertex -20.3567 6 -6.01036
    endloop
  endfacet
  facet normal -0 1 -0
    outer loop
      vertex -20.3567 6 -6.01036
      vertex -22.2375 6 -1.5
      vertex -19.7641 6 -6.04141
    endloop
  endfacet
  facet normal -0 1 -0
    outer loop
      vertex -19.7641 6 -6.04141
      vertex -22.2375 6 -1.5
      vertex -19.173 6 -6.09314
    endloop
  endfacet
  facet normal 0 1 0
    outer loop
      vertex -22.2375 6 -1.5
      vertex -17.998 6 -6.25827
      vertex -18.584 6 -6.16545
    endloop
  endfacet
  facet normal 0 1 0
    outer loop
      vertex -22.2375 6 -1.5
      vertex -17.4155 6 -6.37151
      vertex -17.998 6 -6.25827
    endloop
  endfacet
  facet normal 0 1 0
    outer loop
      vertex 47.2375 6 0
      vertex 32.3401 6 -16.1394
      vertex -17.4155 6 -6.37151
    endloop
  endfacet
  facet normal 0 1 0
    outer loop
      vertex 46.7375 6 -6
      vertex 32.7295 6 -16.23
      vertex 32.3401 6 -16.1394
    endloop
  endfacet
  facet normal 0 1 0
    outer loop
      vertex 46.7375 6 -6
      vertex 33.1131 6 -16.3426
      vertex 32.7295 6 -16.23
    endloop
  endfacet
  facet normal 0 1 0
    outer loop
      vertex 46.7375 6 -6
      vertex 33.4896 6 -16.477
      vertex 33.1131 6 -16.3426
    endloop
  endfacet
  facet normal 0 1 0
    outer loop
      vertex 46.7375 6 -6
      vertex 33.8579 6 -16.6326
      vertex 33.4896 6 -16.477
    endloop
  endfacet
  facet normal 0 1 0
    outer loop
      vertex 46.7375 6 -6
      vertex 34.2167 6 -16.809
      vertex 33.8579 6 -16.6326
    endloop
  endfacet
  facet normal 0 1 0
    outer loop
      vertex 46.7375 6 -6
      vertex 34.5648 6 -17.0056
      vertex 34.2167 6 -16.809
    endloop
  endfacet
  facet normal 0 1 0
    outer loop
      vertex 46.7375 6 -6
      vertex 34.9011 6 -17.2217
      vertex 34.5648 6 -17.0056
    endloop
  endfacet
  facet normal 0 1 0
    outer loop
      vertex 46.7375 6 -6
      vertex 35.2245 6 -17.4567
      vertex 34.9011 6 -17.2217
    endloop
  endfacet
  facet normal 0 1 0
    outer loop
      vertex 46.7375 6 -6
      vertex 35.534 6 -17.7098
      vertex 35.2245 6 -17.4567
    endloop
  endfacet
  facet normal 0 1 0
    outer loop
      vertex 46.7375 6 -6
      vertex 35.8286 6 -17.9801
      vertex 35.534 6 -17.7098
    endloop
  endfacet
  facet normal 0 1 0
    outer loop
      vertex 46.7375 6 -6
      vertex 36.1072 6 -18.2668
      vertex 35.8286 6 -17.9801
    endloop
  endfacet
  facet normal 0 1 0
    outer loop
      vertex 46.7375 6 -6
      vertex 36.369 6 -18.5689
      vertex 36.1072 6 -18.2668
    endloop
  endfacet
  facet normal 0 1 0
    outer loop
      vertex 46.7375 6 -6
      vertex 36.6131 6 -18.8855
      vertex 36.369 6 -18.5689
    endloop
  endfacet
  facet normal 0 1 -0
    outer loop
      vertex 38.95 6 -21
      vertex 36.6131 6 -18.8855
      vertex 46.7375 6 -6
    endloop
  endfacet
  facet normal 0 1 0
    outer loop
      vertex 36.6131 6 -18.8855
      vertex 38.95 6 -21
      vertex 36.8388 6 -19.2155
    endloop
  endfacet
  facet normal 0 1 0
    outer loop
      vertex 36.8388 6 -19.2155
      vertex 38.95 6 -21
      vertex 37.0452 6 -19.5579
    endloop
  endfacet
  facet normal 0 1 0
    outer loop
      vertex 37.0452 6 -19.5579
      vertex 38.95 6 -21
      vertex 37.2318 6 -19.9115
    endloop
  endfacet
  facet normal 0 1 0
    outer loop
      vertex 37.2318 6 -19.9115
      vertex 38.95 6 -21
      vertex 37.3979 6 -20.2751
    endloop
  endfacet
  facet normal 0 1 0
    outer loop
      vertex 37.3979 6 -20.2751
      vertex 38.95 6 -21
      vertex 37.5429 6 -20.6477
    endloop
  endfacet
  facet normal 0 1 -0
    outer loop
      vertex 46.7375 6 -28
      vertex 38.95 6 -21
      vertex 46.7375 6 -6
    endloop
  endfacet
  facet normal 0 1 0
    outer loop
      vertex 38.95 6 -21
      vertex 46.7375 6 -28
      vertex 38.95 6 -28
    endloop
  endfacet
  facet normal 0 1 0
    outer loop
      vertex 38.95 6 -21
      vertex 37.6664 6 -21.0279
      vertex 37.5429 6 -20.6477
    endloop
  endfacet
  facet normal -0 1 0
    outer loop
      vertex 37.6664 6 -21.0279
      vertex 38.95 6 -21
      vertex 37.6976 6 -21.1464
    endloop
  endfacet
  facet normal 0 -1 0
    outer loop
      vertex -47.2375 -6 0
      vertex -39.2375 -6 -1.5
      vertex -39.2375 -6 0
    endloop
  endfacet
  facet normal 0 -1 0
    outer loop
      vertex -33.1788 -6 -11.1908
      vertex -36.2375 -6 -1.5
      vertex -39.2375 -6 -1.5
    endloop
  endfacet
  facet normal -0 -1 0
    outer loop
      vertex -31.4162 -6 -9.60382
      vertex -36.2375 -6 -1.5
      vertex -31.8774 -6 -9.97725
    endloop
  endfacet
  facet normal -0 -1 0
    outer loop
      vertex -30.4563 -6 -8.90637
      vertex -32.2375 -6 -1.5
      vertex -30.9423 -6 -9.24672
    endloop
  endfacet
  facet normal -0 -1 0
    outer loop
      vertex -28.4023 -6 -7.7205
      vertex -29.2375 -6 -1.5
      vertex -28.931 -6 -7.9899
    endloop
  endfacet
  facet normal 0 -1 0
    outer loop
      vertex -47.2375 -6 0
      vertex -46.7375 -6 -6
      vertex -39.2375 -6 -1.5
    endloop
  endfacet
  facet normal 0 -1 0
    outer loop
      vertex -46.7375 -6 -6
      vertex -47.2375 -6 0
      vertex -47.2375 -6 -6
    endloop
  endfacet
  facet normal 0 -1 0
    outer loop
      vertex -36.2375 -6 -1.5
      vertex -32.2375 -6 0
      vertex -36.2375 -6 0
    endloop
  endfacet
  facet normal 0 -1 -0
    outer loop
      vertex -32.2375 -6 0
      vertex -36.2375 -6 -1.5
      vertex -32.2375 -6 -1.5
    endloop
  endfacet
  facet normal 0 -1 0
    outer loop
      vertex -29.2375 -6 -1.5
      vertex -25.2375 -6 0
      vertex -29.2375 -6 0
    endloop
  endfacet
  facet normal 0 -1 -0
    outer loop
      vertex -25.2375 -6 0
      vertex -29.2375 -6 -1.5
      vertex -25.2375 -6 -1.5
    endloop
  endfacet
  facet normal 0 -1 0
    outer loop
      vertex -17.4155 -6 -6.37151
      vertex -22.2375 -6 0
      vertex -22.2375 -6 -1.5
    endloop
  endfacet
  facet normal 0 -1 0
    outer loop
      vertex -34.3462 -6 -12.5338
      vertex -39.2375 -6 -1.5
      vertex -46.7375 -6 -6
    endloop
  endfacet
  facet normal -0 -1 0
    outer loop
      vertex -27.8645 -6 -7.46974
      vertex -29.2375 -6 -1.5
      vertex -28.4023 -6 -7.7205
    endloop
  endfacet
  facet normal 0 -1 0
    outer loop
      vertex -20.3567 -6 -6.01036
      vertex -22.2375 -6 -1.5
      vertex -20.95 -6 -6
    endloop
  endfacet
  facet normal 0 -1 0
    outer loop
      vertex -19.7641 -6 -6.04141
      vertex -22.2375 -6 -1.5
      vertex -20.3567 -6 -6.01036
    endloop
  endfacet
  facet normal 0 -1 -0
    outer loop
      vertex 47.2375 -6 0
      vertex 46.7375 -6 -6
      vertex 47.2375 -6 -6
    endloop
  endfacet
  facet normal 0 -1 0
    outer loop
      vertex 37.6664 -6 -21.0279
      vertex 38.95 -6 -21
      vertex 37.5429 -6 -20.6477
    endloop
  endfacet
  facet normal 0 -1 0
    outer loop
      vertex 38.95 -6 -21
      vertex 37.6664 -6 -21.0279
      vertex 37.6976 -6 -21.1464
    endloop
  endfacet
  facet normal 0 -1 0
    outer loop
      vertex -19.173 -6 -6.09314
      vertex -22.2375 -6 -1.5
      vertex -19.7641 -6 -6.04141
    endloop
  endfacet
  facet normal 0 -1 0
    outer loop
      vertex -18.584 -6 -6.16545
      vertex -22.2375 -6 -1.5
      vertex -19.173 -6 -6.09314
    endloop
  endfacet
  facet normal 0 -1 0
    outer loop
      vertex -17.998 -6 -6.25827
      vertex -22.2375 -6 -1.5
      vertex -18.584 -6 -6.16545
    endloop
  endfacet
  facet normal 0 -1 0
    outer loop
      vertex -17.4155 -6 -6.37151
      vertex -22.2375 -6 -1.5
      vertex -17.998 -6 -6.25827
    endloop
  endfacet
  facet normal 0 -1 0
    outer loop
      vertex -22.2375 -6 0
      vertex -17.4155 -6 -6.37151
      vertex 47.2375 -6 0
    endloop
  endfacet
  facet normal 0 -1 0
    outer loop
      vertex 32.3401 -6 -16.1394
      vertex 47.2375 -6 0
      vertex -17.4155 -6 -6.37151
    endloop
  endfacet
  facet normal 0 -1 0
    outer loop
      vertex 47.2375 -6 0
      vertex 32.3401 -6 -16.1394
      vertex 46.7375 -6 -6
    endloop
  endfacet
  facet normal 0 -1 0
    outer loop
      vertex 32.7295 -6 -16.23
      vertex 46.7375 -6 -6
      vertex 32.3401 -6 -16.1394
    endloop
  endfacet
  facet normal 0 -1 0
    outer loop
      vertex 33.1131 -6 -16.3426
      vertex 46.7375 -6 -6
      vertex 32.7295 -6 -16.23
    endloop
  endfacet
  facet normal 0 -1 0
    outer loop
      vertex 33.4896 -6 -16.477
      vertex 46.7375 -6 -6
      vertex 33.1131 -6 -16.3426
    endloop
  endfacet
  facet normal 0 -1 0
    outer loop
      vertex 33.8579 -6 -16.6326
      vertex 46.7375 -6 -6
      vertex 33.4896 -6 -16.477
    endloop
  endfacet
  facet normal 0 -1 0
    outer loop
      vertex 34.2167 -6 -16.809
      vertex 46.7375 -6 -6
      vertex 33.8579 -6 -16.6326
    endloop
  endfacet
  facet normal 0 -1 0
    outer loop
      vertex 34.5648 -6 -17.0056
      vertex 46.7375 -6 -6
      vertex 34.2167 -6 -16.809
    endloop
  endfacet
  facet normal 0 -1 0
    outer loop
      vertex 34.9011 -6 -17.2217
      vertex 46.7375 -6 -6
      vertex 34.5648 -6 -17.0056
    endloop
  endfacet
  facet normal 0 -1 0
    outer loop
      vertex 35.2245 -6 -17.4567
      vertex 46.7375 -6 -6
      vertex 34.9011 -6 -17.2217
    endloop
  endfacet
  facet normal 0 -1 0
    outer loop
      vertex 35.534 -6 -17.7098
      vertex 46.7375 -6 -6
      vertex 35.2245 -6 -17.4567
    endloop
  endfacet
  facet normal 0 -1 0
    outer loop
      vertex 35.8286 -6 -17.9801
      vertex 46.7375 -6 -6
      vertex 35.534 -6 -17.7098
    endloop
  endfacet
  facet normal 0 -1 0
    outer loop
      vertex 36.1072 -6 -18.2668
      vertex 46.7375 -6 -6
      vertex 35.8286 -6 -17.9801
    endloop
  endfacet
  facet normal 0 -1 0
    outer loop
      vertex 36.369 -6 -18.5689
      vertex 46.7375 -6 -6
      vertex 36.1072 -6 -18.2668
    endloop
  endfacet
  facet normal 0 -1 0
    outer loop
      vertex 36.6131 -6 -18.8855
      vertex 46.7375 -6 -6
      vertex 36.369 -6 -18.5689
    endloop
  endfacet
  facet normal 0 -1 0
    outer loop
      vertex 38.95 -6 -21
      vertex 36.6131 -6 -18.8855
      vertex 36.8388 -6 -19.2155
    endloop
  endfacet
  facet normal 0 -1 0
    outer loop
      vertex 38.95 -6 -21
      vertex 36.8388 -6 -19.2155
      vertex 37.0452 -6 -19.5579
    endloop
  endfacet
  facet normal 0 -1 0
    outer loop
      vertex 38.95 -6 -21
      vertex 37.0452 -6 -19.5579
      vertex 37.2318 -6 -19.9115
    endloop
  endfacet
  facet normal 0 -1 0
    outer loop
      vertex 38.95 -6 -21
      vertex 37.2318 -6 -19.9115
      vertex 37.3979 -6 -20.2751
    endloop
  endfacet
  facet normal 0 -1 0
    outer loop
      vertex 38.95 -6 -21
      vertex 37.3979 -6 -20.2751
      vertex 37.5429 -6 -20.6477
    endloop
  endfacet
  facet normal 0 -1 0
    outer loop
      vertex 36.6131 -6 -18.8855
      vertex 38.95 -6 -21
      vertex 46.7375 -6 -6
    endloop
  endfacet
  facet normal 0 -1 0
    outer loop
      vertex 46.7375 -6 -28
      vertex 38.95 -6 -21
      vertex 38.95 -6 -28
    endloop
  endfacet
  facet normal 0 -1 0
    outer loop
      vertex 38.95 -6 -21
      vertex 46.7375 -6 -28
      vertex 46.7375 -6 -6
    endloop
  endfacet
  facet normal 0 -1 0
    outer loop
      vertex -22.2375 -6 -1.5
      vertex -21.5433 -6 -6.01036
      vertex -20.95 -6 -6
    endloop
  endfacet
  facet normal 0 -1 0
    outer loop
      vertex -22.2375 -6 -1.5
      vertex -22.1358 -6 -6.04141
      vertex -21.5433 -6 -6.01036
    endloop
  endfacet
  facet normal 0 -1 -0
    outer loop
      vertex -22.2375 -6 -1.5
      vertex -22.727 -6 -6.09314
      vertex -22.1358 -6 -6.04141
    endloop
  endfacet
  facet normal 0 -1 0
    outer loop
      vertex -22.2375 -6 -1.5
      vertex -23.3159 -6 -6.16545
      vertex -22.727 -6 -6.09314
    endloop
  endfacet
  facet normal 0 -1 0
    outer loop
      vertex -25.2375 -6 -1.5
      vertex -23.3159 -6 -6.16545
      vertex -22.2375 -6 -1.5
    endloop
  endfacet
  facet normal -0 -1 0
    outer loop
      vertex -23.3159 -6 -6.16545
      vertex -25.2375 -6 -1.5
      vertex -23.902 -6 -6.25827
    endloop
  endfacet
  facet normal -0 -1 0
    outer loop
      vertex -23.902 -6 -6.25827
      vertex -25.2375 -6 -1.5
      vertex -24.4845 -6 -6.37151
    endloop
  endfacet
  facet normal -0 -1 0
    outer loop
      vertex -24.4845 -6 -6.37151
      vertex -25.2375 -6 -1.5
      vertex -25.0627 -6 -6.50497
    endloop
  endfacet
  facet normal -0 -1 0
    outer loop
      vertex -25.0627 -6 -6.50497
      vertex -25.2375 -6 -1.5
      vertex -25.6358 -6 -6.65855
    endloop
  endfacet
  facet normal -0 -1 0
    outer loop
      vertex -25.6358 -6 -6.65855
      vertex -25.2375 -6 -1.5
      vertex -26.2033 -6 -6.83205
    endloop
  endfacet
  facet normal 0 -1 0
    outer loop
      vertex -29.2375 -6 -1.5
      vertex -26.2033 -6 -6.83205
      vertex -25.2375 -6 -1.5
    endloop
  endfacet
  facet normal -0 -1 0
    outer loop
      vertex -26.2033 -6 -6.83205
      vertex -29.2375 -6 -1.5
      vertex -26.7643 -6 -7.02524
    endloop
  endfacet
  facet normal -0 -1 0
    outer loop
      vertex -26.7643 -6 -7.02524
      vertex -29.2375 -6 -1.5
      vertex -27.3183 -6 -7.23788
    endloop
  endfacet
  facet normal -0 -1 0
    outer loop
      vertex -27.3183 -6 -7.23788
      vertex -29.2375 -6 -1.5
      vertex -27.8645 -6 -7.46974
    endloop
  endfacet
  facet normal 0 -1 0
    outer loop
      vertex -32.2375 -6 -1.5
      vertex -28.931 -6 -7.9899
      vertex -29.2375 -6 -1.5
    endloop
  endfacet
  facet normal -0 -1 0
    outer loop
      vertex -28.931 -6 -7.9899
      vertex -32.2375 -6 -1.5
      vertex -29.45 -6 -8.27757
    endloop
  endfacet
  facet normal -0 -1 0
    outer loop
      vertex -29.45 -6 -8.27757
      vertex -32.2375 -6 -1.5
      vertex -29.9586 -6 -8.58319
    endloop
  endfacet
  facet normal -0 -1 0
    outer loop
      vertex -29.9586 -6 -8.58319
      vertex -32.2375 -6 -1.5
      vertex -30.4563 -6 -8.90637
    endloop
  endfacet
  facet normal 0 -1 0
    outer loop
      vertex -32.2375 -6 -1.5
      vertex -31.4162 -6 -9.60382
      vertex -30.9423 -6 -9.24672
    endloop
  endfacet
  facet normal 0 -1 0
    outer loop
      vertex -36.2375 -6 -1.5
      vertex -31.4162 -6 -9.60382
      vertex -32.2375 -6 -1.5
    endloop
  endfacet
  facet normal 0 -1 0
    outer loop
      vertex -36.2375 -6 -1.5
      vertex -32.3252 -6 -10.3665
      vertex -31.8774 -6 -9.97725
    endloop
  endfacet
  facet normal 0 -1 0
    outer loop
      vertex -36.2375 -6 -1.5
      vertex -32.7592 -6 -10.7712
      vertex -32.3252 -6 -10.3665
    endloop
  endfacet
  facet normal 0 -1 0
    outer loop
      vertex -36.2375 -6 -1.5
      vertex -33.1788 -6 -11.1908
      vertex -32.7592 -6 -10.7712
    endloop
  endfacet
  facet normal 0 -1 0
    outer loop
      vertex -39.2375 -6 -1.5
      vertex -33.5835 -6 -11.6248
      vertex -33.1788 -6 -11.1908
    endloop
  endfacet
  facet normal 0 -1 0
    outer loop
      vertex -39.2375 -6 -1.5
      vertex -33.9727 -6 -12.0726
      vertex -33.5835 -6 -11.6248
    endloop
  endfacet
  facet normal 0 -1 0
    outer loop
      vertex -39.2375 -6 -1.5
      vertex -34.3462 -6 -12.5338
      vertex -33.9727 -6 -12.0726
    endloop
  endfacet
  facet normal 0 -1 0
    outer loop
      vertex -46.7375 -6 -6
      vertex -34.7033 -6 -13.0077
      vertex -34.3462 -6 -12.5338
    endloop
  endfacet
  facet normal 0 -1 0
    outer loop
      vertex -46.7375 -6 -6
      vertex -35.0436 -6 -13.4937
      vertex -34.7033 -6 -13.0077
    endloop
  endfacet
  facet normal 0 -1 0
    outer loop
      vertex -46.7375 -6 -6
      vertex -35.3668 -6 -13.9914
      vertex -35.0436 -6 -13.4937
    endloop
  endfacet
  facet normal 0 -1 0
    outer loop
      vertex -46.7375 -6 -6
      vertex -35.6724 -6 -14.5
      vertex -35.3668 -6 -13.9914
    endloop
  endfacet
  facet normal 0 -1 0
    outer loop
      vertex -46.7375 -6 -6
      vertex -35.9601 -6 -15.019
      vertex -35.6724 -6 -14.5
    endloop
  endfacet
  facet normal 0 -1 0
    outer loop
      vertex -46.7375 -6 -6
      vertex -36.2295 -6 -15.5477
      vertex -35.9601 -6 -15.019
    endloop
  endfacet
  facet normal 0 -1 0
    outer loop
      vertex -46.7375 -6 -6
      vertex -36.4803 -6 -16.0855
      vertex -36.2295 -6 -15.5477
    endloop
  endfacet
  facet normal 0 -1 0
    outer loop
      vertex -46.7375 -6 -6
      vertex -36.7121 -6 -16.6317
      vertex -36.4803 -6 -16.0855
    endloop
  endfacet
  facet normal 0 -1 0
    outer loop
      vertex -46.7375 -6 -6
      vertex -36.9248 -6 -17.1857
      vertex -36.7121 -6 -16.6317
    endloop
  endfacet
  facet normal 0 -1 0
    outer loop
      vertex -46.7375 -6 -6
      vertex -37.118 -6 -17.7467
      vertex -36.9248 -6 -17.1857
    endloop
  endfacet
  facet normal 0 -1 0
    outer loop
      vertex -46.7375 -6 -6
      vertex -37.2914 -6 -18.3142
      vertex -37.118 -6 -17.7467
    endloop
  endfacet
  facet normal 0 -1 0
    outer loop
      vertex -46.7375 -6 -6
      vertex -37.445 -6 -18.8873
      vertex -37.2914 -6 -18.3142
    endloop
  endfacet
  facet normal 0 -1 0
    outer loop
      vertex -46.7375 -6 -6
      vertex -37.5785 -6 -19.4655
      vertex -37.445 -6 -18.8873
    endloop
  endfacet
  facet normal 0 -1 0
    outer loop
      vertex -46.7375 -6 -28
      vertex -37.5785 -6 -19.4655
      vertex -46.7375 -6 -6
    endloop
  endfacet
  facet normal 0 -1 0
    outer loop
      vertex -37.5785 -6 -19.4655
      vertex -46.7375 -6 -28
      vertex -37.6917 -6 -20.048
    endloop
  endfacet
  facet normal 0 -1 0
    outer loop
      vertex -37.6917 -6 -20.048
      vertex -46.7375 -6 -28
      vertex -37.7845 -6 -20.6341
    endloop
  endfacet
  facet normal 0 -1 0
    outer loop
      vertex -37.7845 -6 -20.6341
      vertex -46.7375 -6 -28
      vertex -37.8569 -6 -21.223
    endloop
  endfacet
  facet normal 0 -1 0
    outer loop
      vertex -37.8569 -6 -21.223
      vertex -46.7375 -6 -28
      vertex -37.9086 -6 -21.8141
    endloop
  endfacet
  facet normal 0 -1 0
    outer loop
      vertex -37.9086 -6 -21.8141
      vertex -46.7375 -6 -28
      vertex -37.9396 -6 -22.4067
    endloop
  endfacet
  facet normal 0 -1 0
    outer loop
      vertex -37.9396 -6 -22.4067
      vertex -46.7375 -6 -28
      vertex -37.95 -6 -23
    endloop
  endfacet
  facet normal 0 -1 -0
    outer loop
      vertex -37.95 -6 -23
      vertex -46.7375 -6 -28
      vertex -37.9396 -6 -23.5933
    endloop
  endfacet
  facet normal 0 -1 -0
    outer loop
      vertex -37.9396 -6 -23.5933
      vertex -46.7375 -6 -28
      vertex -37.9086 -6 -24.1859
    endloop
  endfacet
  facet normal 0 -1 -0
    outer loop
      vertex -37.9086 -6 -24.1859
      vertex -46.7375 -6 -28
      vertex -37.8569 -6 -24.777
    endloop
  endfacet
  facet normal 0 -1 -0
    outer loop
      vertex -37.8569 -6 -24.777
      vertex -46.7375 -6 -28
      vertex -37.7845 -6 -25.3659
    endloop
  endfacet
  facet normal 0 -1 -0
    outer loop
      vertex -37.7845 -6 -25.3659
      vertex -46.7375 -6 -28
      vertex -37.6917 -6 -25.952
    endloop
  endfacet
  facet normal 0 -1 -0
    outer loop
      vertex -37.6917 -6 -25.952
      vertex -46.7375 -6 -28
      vertex -37.5785 -6 -26.5345
    endloop
  endfacet
  facet normal 0 -1 -0
    outer loop
      vertex -37.5785 -6 -26.5345
      vertex -46.7375 -6 -28
      vertex -37.445 -6 -27.1127
    endloop
  endfacet
  facet normal 0 -1 -0
    outer loop
      vertex -37.445 -6 -27.1127
      vertex -46.7375 -6 -28
      vertex -37.2914 -6 -27.6858
    endloop
  endfacet
  facet normal 0 -1 -0
    outer loop
      vertex -37.2914 -6 -27.6858
      vertex -46.7375 -6 -28
      vertex -37.1954 -6 -28
    endloop
  endfacet
  facet normal -1 0 0
    outer loop
      vertex -36.2375 -6 -1.5
      vertex -36.2375 6 0
      vertex -36.2375 6 -1.5
    endloop
  endfacet
  facet normal -1 -0 0
    outer loop
      vertex -36.2375 6 0
      vertex -36.2375 -6 -1.5
      vertex -36.2375 -6 0
    endloop
  endfacet
  facet normal -0 0 1
    outer loop
      vertex -39.2375 6 -1.5
      vertex -36.2375 -6 -1.5
      vertex -36.2375 6 -1.5
    endloop
  endfacet
  facet normal 0 0 1
    outer loop
      vertex -36.2375 -6 -1.5
      vertex -39.2375 6 -1.5
      vertex -39.2375 -6 -1.5
    endloop
  endfacet
  facet normal 1 -0 0
    outer loop
      vertex -39.2375 -6 0
      vertex -39.2375 6 -1.5
      vertex -39.2375 6 0
    endloop
  endfacet
  facet normal 1 0 0
    outer loop
      vertex -39.2375 6 -1.5
      vertex -39.2375 -6 0
      vertex -39.2375 -6 -1.5
    endloop
  endfacet
  facet normal -1 0 0
    outer loop
      vertex -29.2375 -6 -1.5
      vertex -29.2375 6 0
      vertex -29.2375 6 -1.5
    endloop
  endfacet
  facet normal -1 -0 0
    outer loop
      vertex -29.2375 6 0
      vertex -29.2375 -6 -1.5
      vertex -29.2375 -6 0
    endloop
  endfacet
  facet normal -0 0 1
    outer loop
      vertex -32.2375 6 -1.5
      vertex -29.2375 -6 -1.5
      vertex -29.2375 6 -1.5
    endloop
  endfacet
  facet normal 0 0 1
    outer loop
      vertex -29.2375 -6 -1.5
      vertex -32.2375 6 -1.5
      vertex -32.2375 -6 -1.5
    endloop
  endfacet
  facet normal 1 -0 0
    outer loop
      vertex -32.2375 -6 0
      vertex -32.2375 6 -1.5
      vertex -32.2375 6 0
    endloop
  endfacet
  facet normal 1 0 0
    outer loop
      vertex -32.2375 6 -1.5
      vertex -32.2375 -6 0
      vertex -32.2375 -6 -1.5
    endloop
  endfacet
  facet normal -1 0 0
    outer loop
      vertex -22.2375 -6 -1.5
      vertex -22.2375 6 0
      vertex -22.2375 6 -1.5
    endloop
  endfacet
  facet normal -1 -0 0
    outer loop
      vertex -22.2375 6 0
      vertex -22.2375 -6 -1.5
      vertex -22.2375 -6 0
    endloop
  endfacet
  facet normal -0 0 1
    outer loop
      vertex -25.2375 6 -1.5
      vertex -22.2375 -6 -1.5
      vertex -22.2375 6 -1.5
    endloop
  endfacet
  facet normal 0 0 1
    outer loop
      vertex -22.2375 -6 -1.5
      vertex -25.2375 6 -1.5
      vertex -25.2375 -6 -1.5
    endloop
  endfacet
  facet normal 1 -0 0
    outer loop
      vertex -25.2375 -6 0
      vertex -25.2375 6 -1.5
      vertex -25.2375 6 0
    endloop
  endfacet
  facet normal 1 0 0
    outer loop
      vertex -25.2375 6 -1.5
      vertex -25.2375 -6 0
      vertex -25.2375 -6 -1.5
    endloop
  endfacet
endsolid OpenSCAD_Model
